date;carte;plateforme;titre;prix;port;total;cote;tendance_cote;decote_pct;prix_revente_conseille;profit_net_estime;vendeur_nom;vendeur_note;url
2026-07-07 00:02;Méga-Amphinobi ex chaos ascendant;Vinted;Mega Amphinobi ex (CRI 100) - Chaos Ascendant - NM;19.0;3.5;22.5;136.6;=;83.5;172.71;127.76;?;100%;https://www.vinted.fr/items/9339738972-mega-amphinobi-ex-cri-100-chaos-ascendant-nm
2026-07-07 00:02;Méga-Amphinobi ex chaos ascendant;Vinted;Mega-amphinobie ex 100/086 gradé CCC 10;70.0;3.5;73.5;136.6;=;46.2;172.71;76.76;?;100%;https://www.vinted.fr/items/9337625632-mega-amphinobie-ex-100086-grade-ccc-10
2026-07-07 00:02;Pikachu 173/165;Vinted;Pikachu 173/165 AR - Japan;40.0;3.5;43.5;101.71;=;57.2;128.6;68.38;?;100%;https://www.vinted.fr/items/9339899395-pikachu-173165-ar-japan
2026-07-07 00:02;Méga-Ectoplasma ex héros transcendants;Vinted;Ectoplasma holo 151;2.0;3.5;5.5;36.83;=;85.1;46.57;35.01;?;100%;https://www.vinted.fr/items/9332900343-ectoplasma-holo-151
2026-07-07 00:02;Méga-Ectoplasma ex héros transcendants;Vinted;Méga ectoplasma ex 056/094;3.0;3.5;6.5;36.83;=;82.4;46.57;34.01;?;100%;https://www.vinted.fr/items/9338011997-mega-ectoplasma-ex-056094
2026-07-07 00:22;Tortank ex 200/165;Vinted;Tortank EX Promo XY 122;115.9;3.5;119.4;211.14;=;43.4;266.96;112.85;?;100%;https://www.vinted.fr/items/9253286886-tortank-ex-promo-xy-122
2026-07-07 00:22;Pikachu 173/165;Vinted;Pikachu 173/165 AR – Pokémon 151 🇯🇵;39.99;3.5;43.49;101.71;=;57.2;128.6;68.39;?;100%;https://www.vinted.fr/items/9339997858-pikachu-173165-ar-pokemon-151
2026-07-07 00:22;Pikachu 173/165;Vinted;Pikachu japanese Pokemon card 173/165;40.0;3.5;43.5;101.71;=;57.2;128.6;68.38;?;100%;https://www.vinted.fr/items/9339979750-pikachu-japanese-pokemon-card-173165
2026-07-07 01:39;Carapuce 170/165;Vinted;Carte pokémon carapuce;1.0;3.5;4.5;115.0;=;96.1;145.4;122.0;?;100%;https://www.vinted.fr/items/9318158212-carte-pokemon-carapuce
2026-07-07 01:39;Méga-Ectoplasma ex héros transcendants;Vinted;Carte pokemon Méga Ectoplasma ex pfl 056;3.0;3.5;6.5;36.83;=;82.4;46.57;34.01;?;100%;https://www.vinted.fr/items/9322532885-carte-pokemon-mega-ectoplasma-ex-pfl-056
2026-07-07 03:25;Carapuce 170/165;Vinted;Carte Pokémon Carapuce 170/165 🇯🇵;45.0;3.5;48.5;115.0;=;57.8;145.4;78.0;?;100%;https://www.vinted.fr/items/9252133371-carte-pokemon-carapuce-170165
2026-07-07 07:33;Carapuce 170/165;Vinted;Carte Pokemon TCG VF :Carapuce Promo Swsh233;5.0;3.5;8.5;115.0;=;92.6;145.4;118.0;?;100%;https://www.vinted.fr/items/9311412151-carte-pokemon-tcg-vf-carapuce-promo-swsh233
2026-07-07 07:33;Pikachu 173/165;Vinted;Carta Pokemon Pikachu 173/165 NM;65.0;3.5;68.5;93.01;↘️;26.4;117.6;33.81;?;100%;https://www.vinted.fr/items/9340483096-carta-pokemon-pikachu-173165-nm
2026-07-07 10:56;Méga-Ectoplasma ex héros transcendants;Vinted;- Mega Ectoplasma Ex 125/217 ASC;3.0;3.5;6.5;36.83;=;82.4;46.57;34.01;?;100%;https://www.vinted.fr/items/9341151835-mega-ectoplasma-ex-125217-asc
2026-07-07 10:56;Méga-Ectoplasma ex héros transcendants;Vinted;Mega ectoplasma ex 56/94;3.0;3.5;6.5;36.83;=;82.4;46.57;34.01;?;100%;https://www.vinted.fr/items/9340719527-mega-ectoplasma-ex-5694
2026-07-07 10:56;Méga-Ectoplasma ex héros transcendants;Vinted;Carte Pokémon Méga-Ectoplasma ex 125/217 2026 FR – Chaos Ascendant;12.0;3.5;15.5;36.83;=;57.9;46.57;25.01;?;100%;https://www.vinted.fr/items/9340782524-carte-pokemon-mega-ectoplasma-ex-125217-2026-fr-chaos-ascendant
2026-07-07 10:56;Alakazam ex 188/165;Vinted;Alakazam FA 151;20.99;3.5;24.49;35.86;=;31.7;45.34;14.96;?;100%;https://www.vinted.fr/items/9237652285-alakazam-fa-151
2026-07-07 13:44;Tortank ex 200/165;Vinted;Tortank FA 151;35.0;3.5;38.5;211.14;=;81.8;266.96;193.75;?;100%;https://www.vinted.fr/items/9342194066-tortank-fa-151
2026-07-07 13:44;Carapuce 170/165;Vinted;Carapuce 039 black star promo mep collect aura 9.5;38.0;3.5;41.5;115.0;=;63.9;145.4;85.0;?;100%;https://www.vinted.fr/items/9259811396-carapuce-039-black-star-promo-mep-collect-aura-95
2026-07-07 13:44;Méga-Amphinobi ex chaos ascendant;Vinted;Carte Méga-Amphinobi Ex - Pokémon;3.0;3.5;6.5;46.0;↘️;85.9;58.16;44.1;?;100%;https://www.vinted.fr/items/9342351953-carte-mega-amphinobi-ex-pokemon
2026-07-07 13:44;Méga-Amphinobi ex chaos ascendant;Vinted;CRI Mega Amphinobi Ex;4.5;3.5;8.0;46.0;↘️;82.6;58.16;42.6;?;100%;https://www.vinted.fr/items/9342190250-cri-mega-amphinobi-ex
2026-07-07 13:44;Méga-Ectoplasma ex héros transcendants;Vinted;Mega Ectoplasma Ex 125/217 ME2.5 ASC;1.5;3.5;5.0;36.83;=;86.4;46.57;35.51;?;100%;https://www.vinted.fr/items/9332771282-mega-ectoplasma-ex-125217-me25-asc
2026-07-07 13:44;Méga-Ectoplasma ex héros transcendants;Vinted;Carte pokemon mega ectoplasma ex;3.0;3.5;6.5;36.83;=;82.4;46.57;34.01;?;100%;https://www.vinted.fr/items/9342703371-carte-pokemon-mega-ectoplasma-ex
2026-07-07 13:44;Méga-Zygarde ex équilibre parfait;Vinted;Méga Zygarde ex;1.0;3.5;4.5;8.19;↗️;45.1;10.36;4.51;?;100%;https://www.vinted.fr/items/9341166652-mega-zygarde-ex
2026-07-07 15:55;Pikachu 173/165;Vinted;carte pokémon pikachu LOR TG05;45.0;3.5;48.5;93.01;=;47.9;117.6;53.81;?;100%;https://www.vinted.fr/items/9341589939-carte-pokemon-pikachu-lor-tg05
2026-07-07 15:55;Méga-Ectoplasma ex héros transcendants;Vinted;Méga-Ectoplasma Ex 056/094;1.0;3.5;4.5;36.83;↘️;87.8;46.57;36.01;?;100%;https://www.vinted.fr/items/9342959585-mega-ectoplasma-ex-056094
2026-07-07 15:55;Méga-Ectoplasma ex héros transcendants;Vinted;Mega Ectoplasma ex 056/094 PFL;2.0;3.5;5.5;36.83;↘️;85.1;46.57;35.01;?;100%;https://www.vinted.fr/items/9342568142-mega-ectoplasma-ex-056094-pfl
2026-07-07 15:55;Méga-Amphinobi ex chaos ascendant;Vinted;Méga-Amphinobi ex 022/086;1.0;3.5;4.5;33.12;↘️;86.4;41.88;31.93;?;100%;https://www.vinted.fr/items/9343611161-mega-amphinobi-ex-022086
2026-07-07 15:55;Méga-Amphinobi ex chaos ascendant;Vinted;Carte pokemon mega amphinobi ex;3.0;3.5;6.5;33.12;↘️;80.4;41.88;29.93;?;100%;https://www.vinted.fr/items/9343749029-carte-pokemon-mega-amphinobi-ex
2026-07-07 15:55;Méga-Amphinobi ex chaos ascendant;Vinted;Méga-Amphinobi ex 100 CRI chaos ascendant;17.0;3.5;20.5;33.12;↘️;38.1;41.88;15.93;?;100%;https://www.vinted.fr/items/9343017251-mega-amphinobi-ex-100-cri-chaos-ascendant
2026-07-07 15:55;Méga-Zygarde ex équilibre parfait;Vinted;Méga-Zygarde ex 047/088  Équilibre Parfait (ME03)  Double Rare FR;1.95;3.5;5.45;8.19;↗️;33.5;10.36;3.56;?;100%;https://www.vinted.fr/items/9343612741-mega-zygarde-ex-047088-equilibre-parfait-me03-double-rare-fr
2026-07-07 18:25;Pikachu 173/165;Vinted;Pikachu svp 088 promo;45.0;3.5;48.5;93.01;=;47.9;117.6;53.81;?;100%;https://www.vinted.fr/items/9334556385-pikachu-svp-088-promo
2026-07-07 18:25;Méga-Ectoplasma ex héros transcendants;Vinted;Carte Pokémon Mega-Ectoplasma ex  PFL 056/094;1.0;3.5;4.5;36.83;↘️;87.8;46.57;36.01;?;100%;https://www.vinted.fr/items/9344829788-carte-pokemon-mega-ectoplasma-ex-pfl-056094
2026-07-07 18:25;Méga-Ectoplasma ex héros transcendants;Vinted;Carte Pokémon - Méga-Ectoplasma EX 125/217. Héros transcendants Asc me2.5;4.0;3.5;7.5;36.83;↘️;79.6;46.57;33.01;?;100%;https://www.vinted.fr/items/9343866724-carte-pokemon-mega-ectoplasma-ex-125217-heros-transcendants-asc-me25
2026-07-07 18:25;Méga-Amphinobi ex chaos ascendant;Vinted;Carte Pokémon Amphinobi;2.0;3.5;5.5;33.12;=;83.4;41.88;30.93;?;100%;https://www.vinted.fr/items/9344170973-carte-pokemon-amphinobi
2026-07-07 20:29;Tortank ex 200/165;Vinted;Tortank ex 200 / 165 alternative 151 mew fr alt Pokémon carte;139.0;3.5;142.5;211.14;=;32.5;266.96;89.75;?;100%;https://www.vinted.fr/items/9346056442-tortank-ex-200-165-alternative-151-mew-fr-alt-pokemon-carte
2026-07-07 20:29;Mew ex 205/165;Vinted;Carta Pokemon Mew ex MEW 205/165 ENG;30.0;3.5;33.5;45.99;=;27.2;58.15;17.09;?;100%;https://www.vinted.fr/items/9345503801-carta-pokemon-mew-ex-mew-205165-eng
2026-07-07 20:29;Méga-Ectoplasma ex héros transcendants;Vinted;4 Ectoplasma EX Pokémon forces temporelles;20.0;3.5;23.5;34.01;↘️;30.9;43.0;13.91;?;100%;https://www.vinted.fr/items/9346057406-4-ectoplasma-ex-pokemon-forces-temporelles
2026-07-07 22:27;Pikachu 173/165;Vinted;Carte Pokémon JPN Pikachu 173/165 AR Scarlet & Violet 3.5 - 151 - SV2a NM;38.0;3.5;41.5;81.0;=;48.8;102.41;47.6;?;100%;https://www.vinted.fr/items/9347298992-carte-pokemon-jpn-pikachu-173165-ar-scarlet-violet-35-151-sv2a-nm
2026-07-07 22:27;Alakazam ex 188/165;Vinted;Alakazam ex 188/165 from 151;13.0;3.5;16.5;30.0;=;45.0;37.93;16.5;?;100%;https://www.vinted.fr/items/9112467932-alakazam-ex-188165-from-151
2026-07-07 23:54;Tortank ex 200/165;Vinted;Carte Pokémon - Tortank EX XY122 Promo;120.0;3.5;123.5;180.0;=;31.4;227.59;74.5;?;100%;https://www.vinted.fr/items/9254803445-carte-pokemon-tortank-ex-xy122-promo
2026-07-08 00:57;Tortank ex 200/165;Vinted;Carte pokemon tortank 151;45.0;3.5;48.5;180.0;=;73.1;227.59;149.5;?;100%;https://www.vinted.fr/items/9347935879-carte-pokemon-tortank-151
2026-07-08 01:56;Dracaufeu ex 199/165;Vinted;Carte Pokémon Dracaufeu sm60;17.0;3.5;20.5;432.5;=;95.3;546.84;455.25;?;100%;https://www.vinted.fr/items/9247805887-carte-pokemon-dracaufeu-sm60
2026-07-08 01:56;Dracaufeu ex 199/165;Vinted;Dracaufeu GX SM60;20.0;3.5;23.5;432.5;=;94.6;546.84;452.25;?;100%;https://www.vinted.fr/items/9260350317-dracaufeu-gx-sm60
2026-07-08 01:56;Alakazam ex 188/165;Vinted;Alakazam Ex SVP50 promo pokémon 151 Ev3.5 neuve FR;2.0;3.5;5.5;30.0;=;81.7;37.93;27.5;?;100%;https://www.vinted.fr/items/9169284001-alakazam-ex-svp50-promo-pokemon-151-ev35-neuve-fr
2026-07-08 07:32;Dracaufeu ex 199/165;Vinted;Dracaufeu ex 056 promo;12.0;3.5;15.5;432.5;=;96.4;546.84;460.25;?;100%;https://www.vinted.fr/items/9259289283-dracaufeu-ex-056-promo
2026-07-08 10:00;Dracaufeu ex 199/165;Vinted;Dracaufeu GX;9.0;3.5;12.5;432.5;=;97.1;546.84;463.25;?;100%;https://www.vinted.fr/items/9347471677-dracaufeu-gx
<<<<<<< Updated upstream
2026-07-08 18:22;Dracaufeu ex 199/165;Vinted;Carte Pokémon Promo Dracaufeu ex Téracristal SVP FR 056 – Neuve;10.0;3.5;13.5;432.5;=;96.9;546.84;462.25;?;100%;https://www.vinted.fr/items/9351589906-carte-pokemon-promo-dracaufeu-ex-teracristal-svp-fr-056-neuve
2026-07-08 18:22;Carapuce 170/165;Vinted;Carte Carapuce SV2A 170/165 Excellent état;29.0;3.5;32.5;107.5;=;69.8;135.92;85.75;?;100%;https://www.vinted.fr/items/9352946890-carte-carapuce-sv2a-170165-excellent-etat
2026-07-08 18:22;Pikachu 173/165;Vinted;carte Pokémon Pikachu TG;40.0;3.5;43.5;81.0;=;46.3;102.41;45.6;?;100%;https://www.vinted.fr/items/9350385210-carte-pokemon-pikachu-tg
2026-07-08 18:22;Mew ex 205/165;Vinted;Mew ex 205/165;18.0;3.5;21.5;42.0;=;48.8;53.1;24.7;?;100%;https://www.vinted.fr/items/9353277126-mew-ex-205165
=======
2026-07-08 19:02;Carapuce 170/165;Vinted;Carte Carapuce SV2A 170/165 Excellent état;29.0;3.5;32.5;107.5;=;69.8;135.92;85.75;?;100%;https://www.vinted.fr/items/9352946890-carte-carapuce-sv2a-170165-excellent-etat
2026-07-08 19:02;Mew ex 205/165;Vinted;Mew ex 205/165;18.0;3.5;21.5;42.0;=;48.8;53.1;24.7;?;100%;https://www.vinted.fr/items/9353277126-mew-ex-205165
>>>>>>> Stashed changes
2026-07-08 19:59;Dracaufeu ex 199/165;Vinted;Dracaufeu upc promo scellé;89.99;3.5;93.49;432.5;=;78.4;546.84;382.26;?;100%;https://www.vinted.fr/items/9296935597-dracaufeu-upc-promo-scelle
2026-07-08 19:59;Tortank ex 200/165;Vinted;Carte Pokémon - tortank EX - XY122 XY Black Star Promos - Good;49.99;3.5;53.49;180.0;=;70.3;227.59;144.51;?;100%;https://www.vinted.fr/items/9325380165-carte-pokemon-tortank-ex-xy122-xy-black-star-promos-good
2026-07-08 19:59;Carapuce 170/165;Vinted;Carte Carapuce SV2A 170/165 Excellent état;29.0;3.5;32.5;107.5;=;69.8;135.92;85.75;?;100%;https://www.vinted.fr/items/9352946890-carte-carapuce-sv2a-170165-excellent-etat
2026-07-08 19:59;Pikachu 173/165;Vinted;Pikachu 173/165 AR – Pokémon 151 🇯🇵;39.99;3.5;43.49;81.0;=;46.3;102.41;45.61;?;100%;https://www.vinted.fr/items/9339997858-pikachu-173165-ar-pokemon-151
2026-07-08 19:59;Mew ex 193/165;Vinted;Mew ex 193/165 ita;25.0;3.5;28.5;55.0;=;48.2;69.54;32.0;?;100%;https://www.vinted.fr/items/9328229068-mew-ex-193165-ita
2026-07-08 19:59;Mew ex 205/165;Vinted;Mew ex 205/165;18.0;3.5;21.5;42.0;=;48.8;53.1;24.7;?;100%;https://www.vinted.fr/items/9353277126-mew-ex-205165
2026-07-08 19:59;Alakazam ex 188/165;Vinted;Alakazam EX 188/165;14.0;3.5;17.5;30.0;=;41.7;37.93;15.5;?;100%;https://www.vinted.fr/items/9338029080-alakazam-ex-188165
2026-07-08 19:59;Alakazam ex 188/165;Vinted;Alakazam ex 188/165 151 ENG;15.0;3.5;18.5;30.0;=;38.3;37.93;14.5;?;100%;https://www.vinted.fr/items/9268905462-alakazam-ex-188165-151-eng
2026-07-08 20:48;Dracaufeu ex 199/165;Vinted;Dracaufeu GX;9.0;3.5;12.5;432.5;=;97.1;546.84;463.25;?;100%;https://www.vinted.fr/items/9347471677-dracaufeu-gx
2026-07-08 20:48;Tortank ex 200/165;Vinted;Carte tortank gx;30.0;3.5;33.5;180.0;=;81.4;227.59;164.5;?;100%;https://www.vinted.fr/items/9277617320-carte-tortank-gx
2026-07-08 20:48;Tortank ex 200/165;Vinted;Carte pokemon tortank 151;45.0;3.5;48.5;180.0;=;73.1;227.59;149.5;?;100%;https://www.vinted.fr/items/9347935879-carte-pokemon-tortank-151
2026-07-08 20:48;Carapuce 170/165;Vinted;Carte Pokémon carapuce mep 039;27.0;3.5;30.5;107.5;=;71.6;135.92;87.75;?;100%;https://www.vinted.fr/items/9327715687-carte-pokemon-carapuce-mep-039
2026-07-08 20:48;Carapuce 170/165;Vinted;Carapuce 170/165 AR;30.0;3.5;33.5;107.5;=;68.8;135.92;84.75;?;100%;https://www.vinted.fr/items/9269970183-carapuce-170165-ar
2026-07-08 20:48;Carapuce 170/165;Vinted;Carapuce AR (170/165) et carabaffe AR (171/165) 151;40.0;3.5;43.5;107.5;=;59.5;135.92;74.75;?;100%;https://www.vinted.fr/items/9282860918-carapuce-ar-170165-et-carabaffe-ar-171165-151
2026-07-08 20:48;Carapuce 170/165;Vinted;Carte Pokémon Carapuce promo 039 CCC 9.5;50.0;3.5;53.5;107.5;=;50.2;135.92;64.75;?;100%;https://www.vinted.fr/items/9264096519-carte-pokemon-carapuce-promo-039-ccc-95
2026-07-08 20:48;Pikachu 173/165;Vinted;Carte Pokémon Pikachu 173/165 🇰🇷;25.0;3.5;28.5;81.0;=;64.8;102.41;60.6;?;100%;https://www.vinted.fr/items/9296956688-carte-pokemon-pikachu-173165
2026-07-08 20:48;Pikachu 173/165;Vinted;Carta pokemon pikachu 173/165 sv2a japanese ar 151;38.0;3.5;41.5;81.0;=;48.8;102.41;47.6;?;100%;https://www.vinted.fr/items/9320026065-carta-pokemon-pikachu-173165-sv2a-japanese-ar-151
2026-07-08 20:48;Pikachu 173/165;Vinted;carte pokémon pikachu LOR TG05;45.0;3.5;48.5;81.0;=;40.1;102.41;40.6;?;100%;https://www.vinted.fr/items/9341589939-carte-pokemon-pikachu-lor-tg05
2026-07-08 20:48;Mew ex 205/165;Vinted;Carta Pokémon Mew EX - Edizione Speciale in Italiano;20.0;3.5;23.5;42.0;=;44.0;53.1;22.7;?;100%;https://www.vinted.fr/items/9297844102-carta-pokemon-mew-ex-edizione-speciale-in-italiano
2026-07-08 20:48;Mew ex 205/165;Vinted;Mew ex 205/165;25.0;3.5;28.5;42.0;=;32.1;53.1;17.7;?;100%;https://www.vinted.fr/items/9281678301-mew-ex-205165
2026-07-08 20:48;Mew ex 205/165;Vinted;MEW EX 205/165;25.0;3.5;28.5;42.0;=;32.1;53.1;17.7;?;100%;https://www.vinted.fr/items/9267117132-mew-ex-205165
2026-07-08 20:48;Mew ex 205/165;Vinted;Pokemon Mew ex 205/165 set 151;25.0;3.5;28.5;42.0;=;32.1;53.1;17.7;?;100%;https://www.vinted.fr/items/9261420458-pokemon-mew-ex-205165-set-151
2026-07-08 20:48;Alakazam ex 188/165;Vinted;Alakazam ex 188/165 IT;15.0;3.5;18.5;30.0;=;38.3;37.93;14.5;?;100%;https://www.vinted.fr/items/9207730054-alakazam-ex-188165-it
2026-07-08 21:03;Dracaufeu ex 199/165;Vinted;Dracaufeu ex;155.0;3.5;158.5;432.5;=;63.4;546.84;317.25;?;100%;https://www.vinted.fr/items/9289423289-dracaufeu-ex
2026-07-08 21:03;Méga-Gardevoir ex 187/132;Vinted;Carte pokemon Méga Gardevoir Full Art;6.0;3.5;9.5;245.0;=;96.1;309.77;260.0;?;100%;https://www.vinted.fr/items/9345560568-carte-pokemon-mega-gardevoir-full-art
2026-07-08 21:03;Méga-Gardevoir ex 187/132;Vinted;Méga-Gardevoir ex ME2.5 032 Promo – Héros Transcendants – Pokémon;9.0;3.5;12.5;245.0;=;94.9;309.77;257.0;?;100%;https://www.vinted.fr/items/9292148890-mega-gardevoir-ex-me25-032-promo-heros-transcendants-pokemon
2026-07-08 21:03;Méga-Gardevoir ex 187/132;Vinted;Mega Gardevoir ex (MEG 159);9.5;3.5;13.0;245.0;=;94.7;309.77;256.5;?;100%;https://www.vinted.fr/items/9289853979-mega-gardevoir-ex-meg-159
2026-07-08 21:03;Méga-Gardevoir ex 187/132;Vinted;Méga-Gardevoir ex 032;10.0;3.5;13.5;245.0;=;94.5;309.77;256.0;?;100%;https://www.vinted.fr/items/9329341361-mega-gardevoir-ex-032
2026-07-08 21:03;Méga-Gardevoir ex 187/132;Vinted;FA Mega Gardevoir ME01;12.99;3.5;16.49;245.0;=;93.3;309.77;253.01;?;100%;https://www.vinted.fr/items/9323064012-fa-mega-gardevoir-me01
2026-07-08 21:03;Méga-Gardevoir ex 187/132;Vinted;Mega Gardevoir Ex Special Attack Rare Promo 032 - MEP - Eng;15.0;3.5;18.5;245.0;=;92.4;309.77;251.0;?;100%;https://www.vinted.fr/items/9341334372-mega-gardevoir-ex-special-attack-rare-promo-032-mep-eng
2026-07-08 21:03;Tortank ex 200/165;Vinted;Tortank ex xy122;40.0;3.5;43.5;180.0;=;75.8;227.59;154.5;?;100%;https://www.vinted.fr/items/9322438779-tortank-ex-xy122
2026-07-08 21:03;Salamèche 168/165;Vinted;Dracaufeu promo 161 avec salameche et reptincel;8.0;3.5;11.5;85.28;=;86.5;107.83;82.31;?;100%;https://www.vinted.fr/items/9335288128-dracaufeu-promo-161-avec-salameche-et-reptincel
2026-07-08 21:03;Bulbizarre 166/165;Vinted;Carte Pokémon Bulbizarre AR 166/165 Japonaise CollectAura 8;22.0;3.5;25.5;75.0;=;66.0;94.83;57.0;?;100%;https://www.vinted.fr/items/9319726793-carte-pokemon-bulbizarre-ar-166165-japonaise-collectaura-8
2026-07-08 21:03;Bulbizarre 166/165;Vinted;Bulbizarre ar jap CA 9;24.99;3.5;28.49;75.0;=;62.0;94.83;54.01;?;100%;https://www.vinted.fr/items/9352843827-bulbizarre-ar-jap-ca-9
2026-07-08 21:03;Alakazam ex 188/165;Vinted;Cartes Pokémon Alakazam;10.0;3.5;13.5;30.0;=;55.0;37.93;19.5;?;100%;https://www.vinted.fr/items/9240045217-cartes-pokemon-alakazam
2026-07-08 21:27;Méga-Gardevoir ex 187/132;Vinted;Mega-Gardevoir EX héros transcendant;1.0;3.5;4.5;245.0;=;98.2;309.77;265.0;?;100%;https://www.vinted.fr/items/9344421698-mega-gardevoir-ex-heros-transcendant
2026-07-08 21:27;Méga-Gardevoir ex 187/132;Vinted;Méga gardevoir EX;1.99;3.5;5.49;245.0;=;97.8;309.77;264.01;?;100%;https://www.vinted.fr/items/9350525093-mega-gardevoir-ex
2026-07-08 21:27;Méga-Gardevoir ex 187/132;Vinted;Mega-gardevoir ex FA;6.0;3.5;9.5;245.0;=;96.1;309.77;260.0;?;100%;https://www.vinted.fr/items/9299701830-mega-gardevoir-ex-fa
2026-07-08 21:27;Méga-Gardevoir ex 187/132;Vinted;Méga-Gardevoir EX - MEP 032;7.0;3.5;10.5;245.0;=;95.7;309.77;259.0;?;100%;https://www.vinted.fr/items/9254498251-mega-gardevoir-ex-mep-032
2026-07-08 21:27;Salamèche 168/165;Vinted;Carte salameche AR série 151 coréenne;24.0;3.5;27.5;85.28;=;67.8;107.83;66.31;?;100%;https://www.vinted.fr/items/9300280062-carte-salameche-ar-serie-151-coreenne
2026-07-08 21:27;Salamèche 168/165;Vinted;Pokémon carte Salamèche 168/165 AR sv2a coréen;25.0;3.5;28.5;85.28;=;66.6;107.83;65.31;?;100%;https://www.vinted.fr/items/9286409114-pokemon-carte-salameche-168165-ar-sv2a-coreen
2026-07-08 21:27;Salamèche 168/165;Vinted;Carte Pokémon Salamèche AR 168/165, Japonaise, série 151;30.0;3.5;33.5;85.28;=;60.7;107.83;60.31;?;100%;https://www.vinted.fr/items/9310936784-carte-pokemon-salameche-ar-168165-japonaise-serie-151
2026-07-08 21:27;Pikachu 173/165;Vinted;Pikachu AR (Pokémon 151)  173/165;30.0;3.5;33.5;81.0;=;58.6;102.41;55.6;?;100%;https://www.vinted.fr/items/9354903447-pikachu-ar-pokemon-151-173165
2026-07-08 21:27;Bulbizarre 166/165;Vinted;Bulbizarre AR Sv2a 166/165;25.0;3.5;28.5;75.0;=;62.0;94.83;54.0;?;100%;https://www.vinted.fr/items/9311529898-bulbizarre-ar-sv2a-166165
2026-07-08 21:27;Bulbizarre 166/165;Vinted;Carte Pokémon Bulbasaur Bulbizarre AR 166/165 SV2a 151;25.0;3.5;28.5;75.0;=;62.0;94.83;54.0;?;100%;https://www.vinted.fr/items/9266417495-carte-pokemon-bulbasaur-bulbizarre-ar-166165-sv2a-151
2026-07-08 21:27;Alakazam ex 188/165;Vinted;Alakazam ex 188/165 from 151;13.0;3.5;16.5;30.0;=;45.0;37.93;16.5;?;100%;https://www.vinted.fr/items/9112467932-alakazam-ex-188165-from-151
2026-07-08 22:44;Méga-Gardevoir ex 187/132;Vinted;Carte Mega Gardevoir ex (MEG 060) Méga-Évolution Pokémon;1.99;3.5;5.49;245.0;=;97.8;309.77;264.01;?;100%;https://www.vinted.fr/items/9106863966-carte-mega-gardevoir-ex-meg-060-mega-evolution-pokemon
2026-07-08 22:44;Méga-Gardevoir ex 187/132;Vinted;Mega Gardevoir ex;2.0;3.5;5.5;245.0;=;97.8;309.77;264.0;?;100%;https://www.vinted.fr/items/9243348201-mega-gardevoir-ex
2026-07-08 22:44;Méga-Gardevoir ex 187/132;Vinted;Mega Gardevoir ex (MEG 060) Méga-Évolution;2.0;3.5;5.5;245.0;=;97.8;309.77;264.0;?;100%;https://www.vinted.fr/items/9193152143-mega-gardevoir-ex-meg-060-mega-evolution
2026-07-08 22:44;Méga-Gardevoir ex 187/132;Vinted;Carte Pokémon mega-gardevoir ex;3.0;3.5;6.5;245.0;=;97.3;309.77;263.0;?;100%;https://www.vinted.fr/items/9218963732-carte-pokemon-mega-gardevoir-ex
2026-07-08 22:44;Méga-Gardevoir ex 187/132;Vinted;Méga-Gardevoir ex promo 032;8.0;3.5;11.5;245.0;=;95.3;309.77;258.0;?;100%;https://www.vinted.fr/items/9286283509-mega-gardevoir-ex-promo-032
2026-07-08 22:44;Carapuce 170/165;Vinted;Carapuce full art;50.0;3.5;53.5;107.5;=;50.2;135.92;64.75;?;100%;https://www.vinted.fr/items/9291540787-carapuce-full-art
2026-07-08 22:44;Salamèche 168/165;Vinted;Salameche AR sv2a 168/165 Parfait état;32.0;3.5;35.5;85.28;=;58.4;107.83;58.31;?;100%;https://www.vinted.fr/items/9355113465-salameche-ar-sv2a-168165-parfait-etat
2026-07-08 22:44;Salamèche 168/165;Vinted;Salamèche 168/165 Mint - Japonaise;45.0;3.5;48.5;85.28;=;43.1;107.83;45.31;?;100%;https://www.vinted.fr/items/9262129484-salameche-168165-mint-japonaise
2026-07-08 22:44;Alakazam ex 188/165;Vinted;Alakazam Ex SVP50 promo pokémon 151 Ev3.5 neuve FR;2.0;3.5;5.5;30.0;=;81.7;37.93;27.5;?;100%;https://www.vinted.fr/items/9169284001-alakazam-ex-svp50-promo-pokemon-151-ev35-neuve-fr
2026-07-08 23:50;Tortank ex 200/165;Vinted;Tortank FA 151;35.0;3.5;38.5;180.0;=;78.6;227.59;159.5;?;100%;https://www.vinted.fr/items/9342194066-tortank-fa-151
2026-07-08 23:50;Tortank ex 200/165;Vinted;Tortank ex;40.0;3.5;43.5;180.0;=;75.8;227.59;154.5;?;100%;https://www.vinted.fr/items/9333835533-tortank-ex
2026-07-08 23:50;Tortank ex 200/165;Vinted;Tortank ex promo xy122;50.0;3.5;53.5;180.0;=;70.3;227.59;144.5;?;100%;https://www.vinted.fr/items/9289647260-tortank-ex-promo-xy122
2026-07-08 23:50;Carapuce 170/165;Vinted;Carte Pokémon Carapuce 170/165 🇯🇵;45.0;3.5;48.5;107.5;=;54.9;135.92;69.75;?;100%;https://www.vinted.fr/items/9252133371-carte-pokemon-carapuce-170165
2026-07-09 01:01;Dracaufeu ex 199/165;Vinted;Dracaufeu GX SM60;15.0;3.5;18.5;432.5;=;95.7;546.84;457.25;?;100%;https://www.vinted.fr/items/9260350317-dracaufeu-gx-sm60
2026-07-09 01:01;Méga-Gardevoir ex 187/132;Vinted;Mega Gardevoir ex SAR japonaise;100.0;3.5;103.5;245.0;=;57.8;309.77;166.0;?;100%;https://www.vinted.fr/items/9354889970-mega-gardevoir-ex-sar-japonaise
2026-07-09 01:01;Tortank ex 200/165;Vinted;Tortank promo;42.0;3.5;45.5;180.0;=;74.7;227.59;152.5;?;100%;https://www.vinted.fr/items/9335046676-tortank-promo
2026-07-09 01:01;Carapuce 170/165;Vinted;Carte pokémon carapuce;1.0;3.5;4.5;107.5;=;95.8;135.92;113.75;?;100%;https://www.vinted.fr/items/9318158212-carte-pokemon-carapuce
2026-07-09 01:01;Alakazam ex 188/165;Vinted;Alakazam ex 050 promo;1.2;3.5;4.7;30.0;=;84.3;37.93;28.3;?;100%;https://www.vinted.fr/items/9269266810-alakazam-ex-050-promo
2026-07-09 02:16;Tortank ex 200/165;Vinted;Carte Pokémon - Tortank EX XY122 Promo;120.0;3.5;123.5;180.0;=;31.4;227.59;74.5;?;100%;https://www.vinted.fr/items/9254803445-carte-pokemon-tortank-ex-xy122-promo
2026-07-09 06:17;Dracaufeu ex 199/165;Vinted;Carte pokémon GX Dracaufeu;30.0;3.5;33.5;432.5;=;92.3;546.84;442.25;?;100%;https://www.vinted.fr/items/9344492882-carte-pokemon-gx-dracaufeu
2026-07-09 09:56;Dracaufeu ex 199/165;Vinted;Carte Pokemon Dracaufeu Full Art;30.0;3.5;33.5;432.5;=;92.3;546.84;442.25;?;100%;https://www.vinted.fr/items/9356815922-carte-pokemon-dracaufeu-full-art
2026-07-09 12:51;Dracaufeu ex 199/165;Vinted;Dracaufeu ex 199/165 (Carte non officielle idéal pour jouer sans se ruiner);5.0;3.5;8.5;432.5;=;98.0;546.84;467.25;?;100%;https://www.vinted.fr/items/9223114170-dracaufeu-ex-199165-carte-non-officielle-ideal-pour-jouer-sans-se-ruiner
2026-07-09 12:51;Dracaufeu ex 199/165;Vinted;Dracaufeu ex – SVP 056 – Full Art Black Star Promo;40.0;3.5;43.5;432.5;=;89.9;546.84;432.25;?;100%;https://www.vinted.fr/items/9233043899-dracaufeu-ex-svp-056-full-art-black-star-promo
2026-07-09 12:51;Dracaufeu ex 199/165;Vinted;Carte Pokémon, Dracaufeu de type feu 220, PV doré;100.0;3.5;103.5;432.5;=;76.1;546.84;372.25;?;100%;https://www.vinted.fr/items/9266880678-carte-pokemon-dracaufeu-de-type-feu-220-pv-dore
2026-07-09 12:51;Méga-Gardevoir ex 187/132;Vinted;Méga-Gardevoir ex 159 Pokémon;50.0;3.5;53.5;245.0;=;78.2;309.77;216.0;?;100%;https://www.vinted.fr/items/9255426786-mega-gardevoir-ex-159-pokemon
2026-07-09 12:51;Tortank ex 200/165;Vinted;Carte pokemon tortank;95.0;3.5;98.5;180.0;=;45.3;227.59;99.5;?;100%;https://www.vinted.fr/items/9297485981-carte-pokemon-tortank
2026-07-09 15:47;Dracaufeu ex 199/165;Vinted;Carte Pokémon Dracaufeu & Plumeline Promo Scellé [FR];85.0;3.5;88.5;432.5;=;79.5;546.84;387.25;?;100%;https://www.vinted.fr/items/9309492625-carte-pokemon-dracaufeu-plumeline-promo-scelle-fr
2026-07-09 15:47;Méga-Gardevoir ex 187/132;Vinted;Méga gardevoir ex pokémon 191;1.5;3.5;5.0;245.0;=;98.0;309.77;264.5;?;100%;https://www.vinted.fr/items/9358948206-mega-gardevoir-ex-pokemon-191
2026-07-09 15:47;Salamèche 168/165;Vinted;Reptincel 168 et salameche 169 ar Sv2a japonais;59.0;3.5;62.5;93.9;↗️;33.4;118.72;40.79;?;100%;https://www.vinted.fr/items/9356804392-reptincel-168-et-salameche-169-ar-sv2a-japonais
2026-07-09 15:47;Mew ex 205/165;Vinted;Mew ex gold 205/165;28.0;3.5;31.5;42.0;=;25.0;53.1;14.7;?;100%;https://www.vinted.fr/items/9358243552-mew-ex-gold-205165
2026-07-09 18:20;Méga-Gardevoir ex 187/132;Vinted;Mega Gardevoir EX - MEP032;6.5;3.5;10.0;245.0;=;95.9;309.77;259.5;?;100%;https://www.vinted.fr/items/9274034965-mega-gardevoir-ex-mep032
2026-07-09 18:20;Dracaufeu ex 199/165;Vinted;Dracaufeu ex 199/165 MEWEN - Pokémon 151 Illustration Rare;300.0;3.5;303.5;432.5;=;29.8;546.84;172.25;?;100%;https://www.vinted.fr/items/9359574281-dracaufeu-ex-199165-mewen-pokemon-151-illustration-rare
2026-07-09 18:20;Salamèche 168/165;Vinted;Salamèche AR 168/165 – Japonais;26.9;3.5;30.4;93.9;↗️;67.6;118.72;72.89;?;100%;https://www.vinted.fr/items/9360585294-salameche-ar-168165-japonais
2026-07-09 18:20;Pikachu 173/165;Vinted;Pikachu svp 088 promo;45.0;3.5;48.5;81.0;=;40.1;102.41;40.6;?;100%;https://www.vinted.fr/items/9334556385-pikachu-svp-088-promo
2026-07-09 18:20;Mew ex 193/165;Vinted;Mew ex fullart 151 mew 193 Pokemonkarte;28.0;3.5;31.5;55.0;=;42.7;69.54;29.0;?;100%;https://www.vinted.fr/items/9359611764-mew-ex-fullart-151-mew-193-pokemonkarte
2026-07-09 18:20;Mew ex 205/165;Vinted;Mew ex 205/165;20.0;3.5;23.5;42.0;=;44.0;53.1;22.7;?;100%;https://www.vinted.fr/items/9360136236-mew-ex-205165
2026-07-09 20:19;Dracaufeu ex 199/165;Vinted;Carte pokémon Géante Dracaufeu;24.0;3.5;27.5;432.5;=;93.6;546.84;448.25;?;100%;https://www.vinted.fr/items/9361382983-carte-pokemon-geante-dracaufeu
2026-07-09 20:19;Dracaufeu ex 199/165;Vinted;Promo upc dracaufeu;70.0;3.5;73.5;432.5;=;83.0;546.84;402.25;?;100%;https://www.vinted.fr/items/9361682489-promo-upc-dracaufeu
2026-07-09 20:19;Tortank ex 200/165;Vinted;Tortank ex promo XY30;60.0;3.5;63.5;180.0;=;64.7;227.59;134.5;?;100%;https://www.vinted.fr/items/9361365352-tortank-ex-promo-xy30
2026-07-09 22:17;Tortank ex 200/165;Vinted;Tortank EX, français;40.0;3.5;43.5;180.0;=;75.8;227.59;154.5;?;100%;https://www.vinted.fr/items/9356708785-tortank-ex-francais
2026-07-09 22:17;Pikachu 173/165;Vinted;Carte Pokémon Pikachu - TG05/TG30;48.5;3.5;52.0;81.0;=;35.8;102.41;37.1;?;100%;https://www.vinted.fr/items/9359247024-carte-pokemon-pikachu-tg05tg30
2026-07-09 23:57;Méga-Gardevoir ex 187/132;Vinted;Carte pokemon : M. Gardevoir ex FA promo MEP32;7.5;3.5;11.0;245.0;=;95.5;309.77;258.5;?;100%;https://www.vinted.fr/items/9241944700-carte-pokemon-m-gardevoir-ex-fa-promo-mep32
2026-07-09 23:57;Mew ex 205/165;Vinted;Mew ex Gold Secret Rare 205/165 ITA 151 Near mint;20.0;3.5;23.5;40.0;=;41.2;50.57;20.5;?;100%;https://www.vinted.fr/items/9363165884-mew-ex-gold-secret-rare-205165-ita-151-near-mint
2026-07-10 06:34;Pikachu 173/165;Vinted;Carte Pokémon Pikachu;40.0;3.5;43.5;81.0;=;46.3;102.41;45.6;?;100%;https://www.vinted.fr/items/9359846403-carte-pokemon-pikachu
2026-07-10 10:05;Dracaufeu ex 199/165;Vinted;Carte EX Dracaufeu;90.0;3.5;93.5;432.5;=;78.4;546.84;382.25;?;100%;https://www.vinted.fr/items/9363717464-carte-ex-dracaufeu
2026-07-10 10:05;Carapuce 170/165;Vinted;Carte Pokémon Carapuce Promo 039 FR – état neuf – Sous Top Loader;34.9;3.5;38.4;107.5;=;64.3;135.92;79.85;?;100%;https://www.vinted.fr/items/9302099341-carte-pokemon-carapuce-promo-039-fr-etat-neuf-sous-top-loader
2026-07-10 13:20;Dracaufeu ex 199/165;Vinted;Carte Pokémon Dracaufeu GX SM60 Promo Full Art;35.0;3.5;38.5;432.5;=;91.1;546.84;437.25;?;100%;https://www.vinted.fr/items/9289899579-carte-pokemon-dracaufeu-gx-sm60-promo-full-art
2026-07-10 13:20;Dracaufeu ex 199/165;Vinted;Dracaufeu ex;75.0;3.5;78.5;432.5;=;81.8;546.84;397.25;?;100%;https://www.vinted.fr/items/9319979334-dracaufeu-ex
2026-07-10 13:20;Méga-Gardevoir ex 187/132;Vinted;Carte pokemon mega gardevoir ex;3.0;3.5;6.5;245.0;=;97.3;309.77;263.0;?;100%;https://www.vinted.fr/items/9342644021-carte-pokemon-mega-gardevoir-ex
2026-07-10 13:20;Méga-Gardevoir ex 187/132;Vinted;Pokemon Mega-Gardevoir ex 060 gradé Collect aura 10;22.0;3.5;25.5;245.0;=;89.6;309.77;244.0;?;100%;https://www.vinted.fr/items/9291551611-pokemon-mega-gardevoir-ex-060-grade-collect-aura-10
2026-07-10 13:20;Carapuce 170/165;Vinted;Carapuce reverse 151;1.0;3.5;4.5;107.5;=;95.8;135.92;113.75;?;100%;https://www.vinted.fr/items/9332817877-carapuce-reverse-151
2026-07-10 13:20;Carapuce 170/165;Vinted;Carapuce SVP048 Promo Pokémon;1.0;3.5;4.5;107.5;=;95.8;135.92;113.75;?;100%;https://www.vinted.fr/items/9329079800-carapuce-svp048-promo-pokemon
2026-07-10 13:20;Carapuce 170/165;Vinted;Carte pokémon carapuce;1.2;3.5;4.7;107.5;=;95.6;135.92;113.55;?;100%;https://www.vinted.fr/items/9353272611-carte-pokemon-carapuce
2026-07-10 13:20;Carapuce 170/165;Vinted;Carapuce swirl Promo pokémon 85;2.5;3.5;6.0;107.5;=;94.4;135.92;112.25;?;100%;https://www.vinted.fr/items/9364566332-carapuce-swirl-promo-pokemon-85
2026-07-10 13:20;Carapuce 170/165;Vinted;Carapuce (MEW 007) - 151 - NM - Cosmo holo (costco);25.0;3.5;28.5;107.5;=;73.5;135.92;89.75;?;100%;https://www.vinted.fr/items/9339843174-carapuce-mew-007-151-nm-cosmo-holo-costco
2026-07-10 13:20;Salamèche 168/165;Vinted;Salamèche (MEW 004) - 151 - NM - Cosmo holo (costco);25.0;3.5;28.5;93.9;=;69.6;118.72;74.79;?;100%;https://www.vinted.fr/items/9339833813-salameche-mew-004-151-nm-cosmo-holo-costco
2026-07-10 13:20;Pikachu 173/165;Vinted;Carte Pokémon Pikachu AR coréen;30.0;3.5;33.5;81.0;=;58.6;102.41;55.6;?;100%;https://www.vinted.fr/items/9314222319-carte-pokemon-pikachu-ar-coreen
2026-07-10 13:20;Mew ex 193/165;Vinted;Kangourex ex (MEW 115);2.0;3.5;5.5;55.23;=;90.0;69.83;55.25;?;100%;https://www.vinted.fr/items/9314399676-kangourex-ex-mew-115
2026-07-10 13:20;Pikachu 173/165;Vinted;Pokémon - Pikachu (sv2a 173) Pokémon Card 151;41.5;3.5;45.0;81.0;=;44.4;102.41;44.1;?;100%;https://www.vinted.fr/items/9309376039-pokemon-pikachu-sv2a-173-pokemon-card-151
2026-07-10 13:20;Pikachu 173/165;Vinted;Pikachu 173 sv2a AR jap;45.0;3.5;48.5;81.0;=;40.1;102.41;40.6;?;100%;https://www.vinted.fr/items/9350697106-pikachu-173-sv2a-ar-jap
2026-07-10 13:20;Mew ex 205/165;Vinted;"Grodoudou ex (MEW 040)
151";2.0;3.5;5.5;40.0;=;86.2;50.57;38.5;?;100%;https://www.vinted.fr/items/9347481498-grodoudou-ex-mew-040-151
2026-07-10 13:20;Pikachu 173/165;Vinted;Pikachu ar 151;55.0;3.5;58.5;81.0;=;27.8;102.41;30.6;?;100%;https://www.vinted.fr/items/9339336235-pikachu-ar-151
2026-07-10 13:20;Mew ex 193/165;Vinted;Mew ex 193/165;29.0;3.5;32.5;55.23;=;41.2;69.83;28.25;?;100%;https://www.vinted.fr/items/9365192894-mew-ex-193165
2026-07-10 13:20;Alakazam ex 188/165;Vinted;Trio Abra Holo - Kadabra Holo - Alakazam Ex Promo;3.0;3.5;6.5;30.0;=;78.3;37.93;26.5;?;100%;https://www.vinted.fr/items/9291652598-trio-abra-holo-kadabra-holo-alakazam-ex-promo
2026-07-10 13:20;Alakazam ex 188/165;Vinted;Carte Pokémon Alakazam MEW;4.0;3.5;7.5;30.0;=;75.0;37.93;25.5;?;100%;https://www.vinted.fr/items/9339913473-carte-pokemon-alakazam-mew
2026-07-10 13:20;Alakazam ex 188/165;Vinted;Pokémon Alakazam EX;5.0;3.5;8.5;30.0;=;71.7;37.93;24.5;?;100%;https://www.vinted.fr/items/9188193700-pokemon-alakazam-ex
2026-07-10 13:20;Alakazam ex 188/165;Vinted;Alakazam ex MEW 065 Pokémon;5.0;3.5;8.5;30.0;=;71.7;37.93;24.5;?;100%;https://www.vinted.fr/items/9175849906-alakazam-ex-mew-065-pokemon
2026-07-10 13:20;Alakazam ex 188/165;Vinted;Alakazam ex SVP050 Promo exclusive Pokémon 151;9.0;3.5;12.5;30.0;=;58.3;37.93;20.5;?;100%;https://www.vinted.fr/items/9227469469-alakazam-ex-svp050-promo-exclusive-pokemon-151
2026-07-10 13:20;Mew ex 205/165;Vinted;Mew Ex 205/165 promo;20.0;3.5;23.5;40.0;=;41.2;50.57;20.5;?;100%;https://www.vinted.fr/items/9364637226-mew-ex-205165-promo
2026-07-10 13:20;Alakazam ex 188/165;Vinted;Alakazam EX;10.0;3.5;13.5;30.0;=;55.0;37.93;19.5;?;100%;https://www.vinted.fr/items/9221160043-alakazam-ex
2026-07-10 13:20;Alakazam ex 188/165;Vinted;Alakazam ex 188/165;16.0;3.5;19.5;30.0;=;35.0;37.93;13.5;?;100%;https://www.vinted.fr/items/9365184966-alakazam-ex-188165
2026-07-10 15:27;Méga-Gardevoir ex 187/132;Vinted;Méga-gardevoir ex me01 Méga évolution;2.0;3.5;5.5;245.0;=;97.8;309.77;264.0;?;100%;https://www.vinted.fr/items/9296773812-mega-gardevoir-ex-me01-mega-evolution
2026-07-10 15:27;Méga-Gardevoir ex 187/132;Vinted;Carte pokémon méga gardevoir ex;3.0;3.5;6.5;245.0;=;97.3;309.77;263.0;?;100%;https://www.vinted.fr/items/9331483869-carte-pokemon-mega-gardevoir-ex
2026-07-10 15:27;Carapuce 170/165;Vinted;Carte Pokémon carapuce AR 151 sv2a 170/165 japonais;25.0;3.5;28.5;107.5;=;73.5;135.92;89.75;?;100%;https://www.vinted.fr/items/9362393342-carte-pokemon-carapuce-ar-151-sv2a-170165-japonais
2026-07-10 15:27;Pikachu 173/165;Vinted;Pikachu AR jap;35.0;3.5;38.5;81.0;=;52.5;102.41;50.6;?;100%;https://www.vinted.fr/items/9366162502-pikachu-ar-jap
2026-07-10 15:27;Alakazam ex 188/165;Vinted;Alakazam EX svp50 Carte Promo Ecarlate et Violet;2.0;3.5;5.5;30.0;=;81.7;37.93;27.5;?;100%;https://www.vinted.fr/items/9299873660-alakazam-ex-svp50-carte-promo-ecarlate-et-violet
2026-07-10 15:27;Alakazam ex 188/165;Vinted;Alakazam Ex SVP050;2.0;3.5;5.5;30.0;=;81.7;37.93;27.5;?;100%;https://www.vinted.fr/items/9249043580-alakazam-ex-svp050
2026-07-10 15:27;Alakazam ex 188/165;Vinted;Alakazam Ex 050 Promo;2.0;3.5;5.5;30.0;=;81.7;37.93;27.5;?;100%;https://www.vinted.fr/items/9115939248-alakazam-ex-050-promo
2026-07-10 15:27;Alakazam ex 188/165;Vinted;Alakazam EX - Promo 151 - Écarlate et Violet;4.99;3.5;8.49;30.0;=;71.7;37.93;24.51;?;100%;https://www.vinted.fr/items/9166199151-alakazam-ex-promo-151-ecarlate-et-violet
2026-07-10 15:27;Alakazam ex 188/165;Vinted;Alakazam ex;5.0;3.5;8.5;30.0;=;71.7;37.93;24.5;?;100%;https://www.vinted.fr/items/9110505193-alakazam-ex
2026-07-10 17:46;Mew ex 205/165;Vinted;Mewtwo ex Promo pokémon 255;2.0;3.5;5.5;40.0;=;86.2;50.57;38.5;?;100%;https://www.vinted.fr/items/9367387661-mewtwo-ex-promo-pokemon-255
2026-07-10 17:46;Alakazam ex 188/165;Vinted;Carte Pokémon Alakazam Ex;1.5;3.5;5.0;30.0;=;83.3;37.93;28.0;?;100%;https://www.vinted.fr/items/9262856175-carte-pokemon-alakazam-ex
2026-07-10 17:46;Alakazam ex 188/165;Vinted;Carte Pokémon Alakazam EX Promo SVP 50;1.99;3.5;5.49;30.0;=;81.7;37.93;27.51;?;100%;https://www.vinted.fr/items/9329064497-carte-pokemon-alakazam-ex-promo-svp-50
2026-07-10 17:46;Alakazam ex 188/165;Vinted;Alakazam-EX Promo 050;3.0;3.5;6.5;30.0;=;78.3;37.93;26.5;?;100%;https://www.vinted.fr/items/9255098171-alakazam-ex-promo-050
2026-07-10 17:46;Alakazam ex 188/165;Vinted;Alakazam ex 188/165 MEW - 151 - Ita Nm;15.0;3.5;18.5;30.0;=;38.3;37.93;14.5;?;100%;https://www.vinted.fr/items/9366695101-alakazam-ex-188165-mew-151-ita-nm
2026-07-10 19:31;Dracaufeu ex 199/165;Vinted;Carte Pokemon Dracaufeu EX neuf;15.0;3.5;18.5;432.5;=;95.7;546.84;457.25;?;100%;https://www.vinted.fr/items/9300844048-carte-pokemon-dracaufeu-ex-neuf
2026-07-10 19:31;Dracaufeu ex 199/165;Vinted;Dracaufeu gx 20;20.0;3.5;23.5;432.5;=;94.6;546.84;452.25;?;100%;https://www.vinted.fr/items/9365319498-dracaufeu-gx-20
2026-07-10 19:31;Méga-Gardevoir ex 187/132;Vinted;Carte Pokémon Mega Gardevoir Ex Gold MEG EN 187/132;150.0;3.5;153.5;245.0;=;37.3;309.77;116.0;?;100%;https://www.vinted.fr/items/9368401155-carte-pokemon-mega-gardevoir-ex-gold-meg-en-187132
2026-07-10 19:31;Salamèche 168/165;Vinted;Carte pokémon japonaise Salameche AR 168/165 sv2a;32.0;3.5;35.5;93.9;=;62.2;118.72;67.79;?;100%;https://www.vinted.fr/items/9364823123-carte-pokemon-japonaise-salameche-ar-168165-sv2a
2026-07-10 19:31;Mew ex 193/165;Vinted;Carte Pokémon Kangourex MEW;3.0;3.5;6.5;55.23;=;88.2;69.83;54.25;?;100%;https://www.vinted.fr/items/9339845886-carte-pokemon-kangourex-mew
2026-07-10 19:31;Pikachu 173/165;Vinted;Pokémon Pikachu #173 - sv2a -Pokémon Card 151 EX;37.99;3.5;41.49;81.0;=;48.8;102.41;47.61;?;100%;https://www.vinted.fr/items/9368180859-pokemon-pikachu-173-sv2a-pokemon-card-151-ex
2026-07-10 19:31;Pikachu 173/165;Vinted;Carte Pokémon JPN Pikachu 173/165 AR Scarlet & Violet 3.5 - 151 - SV2a;40.0;3.5;43.5;81.0;=;46.3;102.41;45.6;?;100%;https://www.vinted.fr/items/9368143231-carte-pokemon-jpn-pikachu-173165-ar-scarlet-violet-35-151-sv2a
2026-07-10 19:31;Pikachu 173/165;Vinted;Carte pokémon japonaise Pikachu AR 173/165 sv2a;40.0;3.5;43.5;81.0;=;46.3;102.41;45.6;?;100%;https://www.vinted.fr/items/9364827935-carte-pokemon-japonaise-pikachu-ar-173165-sv2a
2026-07-10 19:31;Pikachu 173/165;Vinted;Carte pokémon pikachu 218/sv-p promo japonais;51.0;3.5;54.5;81.0;=;32.7;102.41;34.6;?;100%;https://www.vinted.fr/items/9359152345-carte-pokemon-pikachu-218sv-p-promo-japonais
2026-07-10 19:31;Alakazam ex 188/165;Vinted;Alakazam Ex;1.0;3.5;4.5;30.0;=;85.0;37.93;28.5;?;100%;https://www.vinted.fr/items/9367147816-alakazam-ex
2026-07-10 19:31;Alakazam ex 188/165;Vinted;carte Pokémon Alakazam;3.0;3.5;6.5;30.0;=;78.3;37.93;26.5;?;100%;https://www.vinted.fr/items/9165405771-carte-pokemon-alakazam
2026-07-10 21:06;Dracaufeu ex 199/165;Vinted;Dracaufeu promo 211;15.0;3.5;18.5;432.5;=;95.7;546.84;457.25;?;100%;https://www.vinted.fr/items/9331927595-dracaufeu-promo-211
2026-07-10 21:06;Méga-Gardevoir ex 187/132;Vinted;Méga-Gardevoir EX;1.5;3.5;5.0;245.0;=;98.0;309.77;264.5;?;100%;https://www.vinted.fr/items/9322077169-mega-gardevoir-ex
2026-07-10 21:06;Méga-Gardevoir ex 187/132;Vinted;Mega gardevoir ex pokemon me2.5 français;2.0;3.5;5.5;245.0;=;97.8;309.77;264.0;?;100%;https://www.vinted.fr/items/9356367565-mega-gardevoir-ex-pokemon-me25-francais
2026-07-10 21:06;Alakazam ex 188/165;Vinted;Alakazam EX (collezione 151);14.5;3.5;18.0;30.0;=;40.0;37.93;15.0;?;100%;https://www.vinted.fr/items/9212133155-alakazam-ex-collezione-151
2026-07-10 22:43;Méga-Dracolosse ex 290/217;Vinted;Mega dracolosse EX Héros transcendant;6.0;3.5;9.5;450.0;=;97.9;568.97;485.5;?;100%;https://www.vinted.fr/items/9348163282-mega-dracolosse-ex-heros-transcendant
2026-07-10 22:43;Méga-Dracolosse ex 290/217;Vinted;Méga-Dracolosse ex Illustration Spéciale;41.0;3.5;44.5;450.0;=;90.1;568.97;450.5;?;100%;https://www.vinted.fr/items/9298604569-mega-dracolosse-ex-illustration-speciale
2026-07-10 22:43;Méga-Dracolosse ex 290/217;Vinted;Mega dracolosse ex;50.0;3.5;53.5;450.0;=;88.1;568.97;441.5;?;100%;https://www.vinted.fr/items/9352307894-mega-dracolosse-ex
2026-07-10 22:43;Méga-Dracolosse ex 290/217;Vinted;Carte pokemon Mega Dracolosse ex;55.0;3.5;58.5;450.0;=;87.0;568.97;436.5;?;100%;https://www.vinted.fr/items/9340227537-carte-pokemon-mega-dracolosse-ex
2026-07-10 22:43;Méga-Gardevoir ex 187/132;Vinted;Méga-Gardevoir EX;1.5;3.5;5.0;245.0;=;98.0;309.77;264.5;?;100%;https://www.vinted.fr/items/9322076113-mega-gardevoir-ex
2026-07-10 22:43;Pikachu 173/165;Vinted;Pokémon Pikachu #173 - sv2a -Pokémon Card 151;39.99;3.5;43.49;82.99;=;47.6;104.93;47.8;?;100%;https://www.vinted.fr/items/9368183277-pokemon-pikachu-173-sv2a-pokemon-card-151
2026-07-10 22:43;Alakazam ex 188/165;Vinted;Carte pokemon : Alakazam ex SVP50 - Promo;2.5;3.5;6.0;30.0;=;80.0;37.93;27.0;?;100%;https://www.vinted.fr/items/9041968476-carte-pokemon-alakazam-ex-svp50-promo
2026-07-10 22:43;Alakazam ex 188/165;Vinted;Alakazam ex SVP 050 Pokémon FR;3.0;3.5;6.5;30.0;=;78.3;37.93;26.5;?;100%;https://www.vinted.fr/items/9296420805-alakazam-ex-svp-050-pokemon-fr
2026-07-10 23:44;Méga-Dracolosse ex 290/217;Vinted;Méga-Dracolosse EX;40.0;3.5;43.5;450.0;=;90.3;568.97;451.5;?;100%;https://www.vinted.fr/items/9350866709-mega-dracolosse-ex
2026-07-10 23:44;Salamèche 168/165;Vinted;ME2 FF 011 Salamèche Reverse;1.5;3.5;5.0;93.9;=;94.7;118.72;98.29;?;100%;https://www.vinted.fr/items/9344637320-me2-ff-011-salameche-reverse
2026-07-11 00:42;Salamèche 168/165;Vinted;Salamèche 044 SVP fr (promo);51.0;3.5;54.5;93.9;=;42.0;118.72;48.79;?;100%;https://www.vinted.fr/items/9329373558-salameche-044-svp-fr-promo
2026-07-11 00:42;Pikachu 173/165;Vinted;Pikachu full art pokemon tcg;40.0;3.5;43.5;82.99;=;47.6;104.93;47.79;?;100%;https://www.vinted.fr/items/9370108549-pikachu-full-art-pokemon-tcg
2026-07-11 00:42;Alakazam ex 188/165;Vinted;Alakazam ex;2.0;3.5;5.5;30.0;=;81.7;37.93;27.5;?;100%;https://www.vinted.fr/items/9242463831-alakazam-ex
2026-07-11 01:40;Dracaufeu ex 199/165;Vinted;Dracaufeu full art 151;75.0;3.5;78.5;432.5;=;81.8;546.84;397.25;?;100%;https://www.vinted.fr/items/9334987426-dracaufeu-full-art-151
2026-07-11 01:40;Carapuce 170/165;Vinted;Carapuce Pokemon Go Promo;10.0;3.5;13.5;107.5;=;87.4;135.92;104.75;?;100%;https://www.vinted.fr/items/9350833912-carapuce-pokemon-go-promo
2026-07-11 01:40;Bulbizarre 166/165;Vinted;Bulbizarre promo 151 - 046 - SVP FR;6.0;3.5;9.5;75.0;=;87.3;94.83;73.0;?;100%;https://www.vinted.fr/items/9272426975-bulbizarre-promo-151-046-svp-fr
2026-07-11 01:40;Mew ex 205/165;Vinted;Mew ex 205/165;28.0;3.5;31.5;42.0;=;25.0;53.1;14.7;?;100%;https://www.vinted.fr/items/9365704965-mew-ex-205165
2026-07-11 03:08;Méga-Gardevoir ex 187/132;Vinted;Méga-gardevoir Ex 060;2.0;3.5;5.5;245.0;=;97.8;309.77;264.0;?;100%;https://www.vinted.fr/items/9353191886-mega-gardevoir-ex-060
2026-07-11 03:08;Alakazam ex 188/165;Vinted;Carte pokemon Alakazam ex - promo - 151;1.8;3.5;5.3;30.0;=;82.3;37.93;27.7;?;100%;https://www.vinted.fr/items/9167695082-carte-pokemon-alakazam-ex-promo-151
2026-07-11 06:28;Alakazam ex 188/165;Vinted;Carte Pokémon Alakazam EX SVP 050 Promo - Écarlate & Violet - NM;4.0;3.5;7.5;30.0;=;75.0;37.93;25.5;?;100%;https://www.vinted.fr/items/9357408465-carte-pokemon-alakazam-ex-svp-050-promo-ecarlate-violet-nm
2026-07-11 08:36;Dracaufeu ex 199/165;Vinted;Carte Pokémon Dracaufeu ex SVP 056 – Promo – Téracristal;15.0;3.5;18.5;432.5;=;95.7;546.84;457.25;?;100%;https://www.vinted.fr/items/9319982735-carte-pokemon-dracaufeu-ex-svp-056-promo-teracristal
2026-07-11 08:36;Dracaufeu ex 199/165;Vinted;carte dracaufeu ex;20.0;3.5;23.5;432.5;=;94.6;546.84;452.25;?;100%;https://www.vinted.fr/items/9291306203-carte-dracaufeu-ex
2026-07-11 08:36;Méga-Gardevoir ex 187/132;Vinted;Mega Gardevoir Ex 187/132 Mega Evoluzioni Ita;1.0;3.5;4.5;245.0;=;98.2;309.77;265.0;?;100%;https://www.vinted.fr/items/9370648518-mega-gardevoir-ex-187132-mega-evoluzioni-ita
2026-07-11 08:36;Alakazam ex 188/165;Vinted;Alakazam EX;1.5;3.5;5.0;30.0;=;83.3;37.93;28.0;?;100%;https://www.vinted.fr/items/9215688695-alakazam-ex
2026-07-11 13:07;Méga-Dracolosse ex 290/217;Vinted;Méga-Dracolosse ex Illustration Spéciale;41.0;3.5;44.5;450.0;=;90.1;568.97;450.5;?;100%;https://www.vinted.fr/items/9298598727-mega-dracolosse-ex-illustration-speciale
2026-07-11 13:07;Dracaufeu ex 199/165;Vinted;Dracaufeu ex;200.0;3.5;203.5;432.5;=;52.9;546.84;272.25;?;100%;https://www.vinted.fr/items/9352040162-dracaufeu-ex
2026-07-11 14:05;Pikachu 173/165;Vinted;Carte pokémon pikachu;4.0;3.5;7.5;82.99;=;91.0;104.93;83.79;?;100%;https://www.vinted.fr/items/9361650388-carte-pokemon-pikachu
2026-07-11 14:05;Mew ex 193/165;Vinted;Grodoudou ex - MEW 040;4.0;3.5;7.5;55.23;=;86.4;69.83;53.25;?;100%;https://www.vinted.fr/items/9308562514-grodoudou-ex-mew-040
2026-07-11 15:53;Salamèche 168/165;Vinted;Salamèche AR (Illustration Rare) 168/165 - Pokémon 151 Japonais SV2a;35.0;3.5;38.5;93.9;=;59.0;118.72;64.79;?;100%;https://www.vinted.fr/items/9373658198-salameche-ar-illustration-rare-168165-pokemon-151-japonais-sv2a
2026-07-11 15:53;Bulbizarre 166/165;Vinted;Bulbizarre AR (Illustration Rare) 166/165 - Pokémon 151 Japonais SV2a;30.0;3.5;33.5;75.0;=;55.3;94.83;49.0;?;100%;https://www.vinted.fr/items/9373436953-bulbizarre-ar-illustration-rare-166165-pokemon-151-japonais-sv2a
2026-07-11 15:53;Pikachu 173/165;Vinted;pikachu AR sv2a;39.99;3.5;43.49;82.99;=;47.6;104.93;47.8;?;100%;https://www.vinted.fr/items/9373204710-pikachu-ar-sv2a
2026-07-11 16:49;Méga-Dracolosse ex 290/217;Vinted;Mega-Dracolosse Ex;45.0;3.5;48.5;450.0;=;89.2;568.97;446.5;?;100%;https://www.vinted.fr/items/9199752712-mega-dracolosse-ex
2026-07-11 17:51;Pikachu 173/165;Vinted;Pokémon Pikachu #173 - sv2a -Pokémon Card 151 EX;37.99;3.5;41.49;82.99;=;50.0;104.93;49.8;?;100%;https://www.vinted.fr/items/9373287091-pokemon-pikachu-173-sv2a-pokemon-card-151-ex
2026-07-11 17:51;Pikachu 173/165;Vinted;Carta pokemon pikachu sv2a 173/165 japanese ar 151;38.0;3.5;41.5;82.99;=;50.0;104.93;49.79;?;100%;https://www.vinted.fr/items/9374480220-carta-pokemon-pikachu-sv2a-173165-japanese-ar-151
2026-07-11 19:52;Méga-Gardevoir ex 187/132;Vinted;Méga-Gardevoir Ex MEG;2.0;3.5;5.5;245.0;=;97.8;309.77;264.0;?;100%;https://www.vinted.fr/items/9225440122-mega-gardevoir-ex-meg
2026-07-11 19:52;Méga-Gardevoir ex 187/132;Vinted;Méga Gardevoir ex mep032;6.0;3.5;9.5;245.0;=;96.1;309.77;260.0;?;100%;https://www.vinted.fr/items/9340047054-mega-gardevoir-ex-mep032
2026-07-11 19:52;Pikachu 173/165;Vinted;Carte pokémon pikachu 173/165 sv2a;40.0;3.5;43.5;82.99;=;47.6;104.93;47.79;?;100%;https://www.vinted.fr/items/9375440487-carte-pokemon-pikachu-173165-sv2a
2026-07-11 20:54;Dracaufeu ex 199/165;Vinted;Dracaufeu EX;10.0;3.5;13.5;432.5;=;96.9;546.84;462.25;?;100%;https://www.vinted.fr/items/9300452817-dracaufeu-ex
2026-07-11 20:54;Pikachu 173/165;Vinted;Pikachu jap 173/165 ar 151;45.0;3.5;48.5;82.99;=;41.6;104.93;42.79;?;100%;https://www.vinted.fr/items/9375964266-pikachu-jap-173165-ar-151
2026-07-11 20:54;Alakazam ex 188/165;Vinted;Alakazam ex;2.0;3.5;5.5;30.0;=;81.7;37.93;27.5;?;100%;https://www.vinted.fr/items/9092411338-alakazam-ex
2026-07-11 22:05;Méga-Gardevoir ex 187/132;Vinted;Mega Gardevoir ex Full Art carta Pokémon promo;13.0;3.5;16.5;245.0;=;93.3;309.77;253.0;?;100%;https://www.vinted.fr/items/9361015225-mega-gardevoir-ex-full-art-carta-pokemon-promo
2026-07-11 22:05;Alakazam ex 188/165;Vinted;Alakazam ex Shiny 215-091 Paldea fates;7.0;3.5;10.5;30.0;=;65.0;37.93;22.5;?;100%;https://www.vinted.fr/items/9193252137-alakazam-ex-shiny-215-091-paldea-fates
2026-07-12 00:07;Bulbizarre 166/165;Vinted;Bulbizarre 151 AR Jap;29.9;3.5;33.4;75.0;=;55.5;94.83;49.1;?;100%;https://www.vinted.fr/items/9377017099-bulbizarre-151-ar-jap
2026-07-12 00:07;Salamèche 168/165;Vinted;Salamèche AR 168/165 – Pokémon Card 151 (Japonais) Collect Aura 9.5 Mint+;60.0;3.5;63.5;93.9;=;32.4;118.72;39.79;?;100%;https://www.vinted.fr/items/9377066182-salameche-ar-168165-pokemon-card-151-japonais-collect-aura-95-mint
2026-07-12 00:07;Alakazam ex 188/165;Vinted;Alakazam EX 050 Promo Ecarlate et Violet FR;2.0;3.5;5.5;30.0;=;81.7;37.93;27.5;?;100%;https://www.vinted.fr/items/9170903240-alakazam-ex-050-promo-ecarlate-et-violet-fr
2026-07-12 01:11;Carapuce 170/165;Vinted;Carapuce holographique cosmo ev3,5 151 Svp48;2.0;3.5;5.5;107.5;=;94.9;135.92;112.75;?;100%;https://www.vinted.fr/items/9374184778-carapuce-holographique-cosmo-ev35-151-svp48
2026-07-12 01:11;Pikachu 173/165;Vinted;Carte pokemon pikachu GG30/GG70 Zénith suprême;55.0;3.5;58.5;82.99;=;29.5;104.93;32.79;?;100%;https://www.vinted.fr/items/9375770921-carte-pokemon-pikachu-gg30gg70-zenith-supreme
2026-07-12 05:55;Mew ex 205/165;Vinted;Carte Pokemon - Mew Ex 205/165;30.0;3.5;33.5;44.89;↗️;25.4;56.76;15.88;?;100%;https://www.vinted.fr/items/9366081946-carte-pokemon-mew-ex-205165
2026-07-12 05:55;Mew ex 205/165;Vinted;Mew ex mew 205/165;30.0;3.5;33.5;44.89;↗️;25.4;56.76;15.88;?;100%;https://www.vinted.fr/items/9354386268-mew-ex-mew-205165
2026-07-12 05:55;Mew ex 205/165;Vinted;Mew ex gold 205/165;30.0;3.5;33.5;44.89;↗️;25.4;56.76;15.88;?;100%;https://www.vinted.fr/items/9350731245-mew-ex-gold-205165
2026-07-12 05:55;Mew ex 205/165;Vinted;Carta Pokemon Mew ex MEW 205/165 ENG;30.0;3.5;33.5;44.89;↗️;25.4;56.76;15.88;?;100%;https://www.vinted.fr/items/9345503801-carta-pokemon-mew-ex-mew-205165-eng
2026-07-12 05:55;Mew ex 205/165;Vinted;Mew EX promo - 151 - 205/165;30.0;3.5;33.5;44.89;↗️;25.4;56.76;15.88;?;100%;https://www.vinted.fr/items/9332706317-mew-ex-promo-151-205165
2026-07-12 08:29;Carapuce 170/165;Vinted;Pokémon 151 japonaise carapuce 170/165 AR;28.0;3.5;31.5;107.5;=;70.7;135.92;86.75;?;100%;https://www.vinted.fr/items/9377552863-pokemon-151-japonaise-carapuce-170165-ar
2026-07-12 08:29;Alakazam ex 188/165;Vinted;Alakazam ex 151 ingles 188/165 pokemon;17.0;3.5;20.5;30.0;=;31.7;37.93;12.5;?;100%;https://www.vinted.fr/items/9377714488-alakazam-ex-151-ingles-188165-pokemon
2026-07-12 10:40;Mew ex 205/165;Vinted;Mew ex 205/165;30.0;3.5;33.5;44.89;=;25.4;56.76;15.88;?;100%;https://www.vinted.fr/items/9378348516-mew-ex-205165
2026-07-12 12:15;Méga-Dracolosse ex 290/217;Vinted;Mega dracolosse ex;30.0;3.5;33.5;450.0;=;92.6;568.97;461.5;?;100%;https://www.vinted.fr/items/9378511673-mega-dracolosse-ex
2026-07-12 13:34;Salamèche 168/165;Vinted;Carte pokémon Salamèche SV2A 168/165 AR - Japonais;27.0;3.5;30.5;93.9;=;67.5;118.72;72.79;?;100%;https://www.vinted.fr/items/9379334030-carte-pokemon-salameche-sv2a-168165-ar-japonais
2026-07-12 14:38;Méga-Dracolosse ex 290/217;Vinted;Mega dracolosse ex m2a;17.0;3.5;20.5;450.0;=;95.4;568.97;474.5;?;100%;https://www.vinted.fr/items/9276835180-mega-dracolosse-ex-m2a
2026-07-12 14:38;Méga-Gardevoir ex 187/132;Vinted;Mega Gardevoir ex (ASC 089) Héros Transcendants;1.5;3.5;5.0;245.0;=;98.0;309.77;264.5;?;100%;https://www.vinted.fr/items/9377580207-mega-gardevoir-ex-asc-089-heros-transcendants
2026-07-12 14:38;Alakazam ex 188/165;Vinted;Carte Pokémon Alakazam Ex Promo SVP 050 Ecarlate & Violet;2.0;3.5;5.5;30.0;=;81.7;37.93;27.5;?;100%;https://www.vinted.fr/items/9212532632-carte-pokemon-alakazam-ex-promo-svp-050-ecarlate-violet
2026-07-12 16:15;Méga-Dracolosse ex 290/217;Vinted;Carte Pokémon Dracolosse Mega;36.0;3.5;39.5;450.0;=;91.2;568.97;455.5;?;100%;https://www.vinted.fr/items/9377752142-carte-pokemon-dracolosse-mega
2026-07-12 17:19;Dracaufeu ex 199/165;Vinted;Carte Pokémon dracaufeu;30.0;3.5;33.5;432.5;=;92.3;546.84;442.25;?;100%;https://www.vinted.fr/items/9381769836-carte-pokemon-dracaufeu
2026-07-12 17:19;Salamèche 168/165;Vinted;Salamèche 168/165 AR – Pokémon 151 japonais – CollectAura 10;1.0;3.5;4.5;93.9;=;95.2;118.72;98.79;?;100%;https://www.vinted.fr/items/9381990016-salameche-168165-ar-pokemon-151-japonais-collectaura-10
2026-07-12 17:19;Mew ex 193/165;Vinted;carte pokemon  Lippoutou EX  MEW 124 fr;4.0;3.5;7.5;55.23;=;86.4;69.83;53.25;?;100%;https://www.vinted.fr/items/9380207551-carte-pokemon-lippoutou-ex-mew-124-fr
2026-07-12 19:34;Dracaufeu ex 199/165;Vinted;Dracaufeu ex 199/165 MEWEN - Pokémon 151 Illustration Rare;300.0;3.5;303.5;432.5;=;29.8;546.84;172.25;?;100%;https://www.vinted.fr/items/9383566936-dracaufeu-ex-199165-mewen-pokemon-151-illustration-rare
2026-07-12 19:34;Pikachu 173/165;Vinted;Pikachu 173/165 AR – Pokémon 151 japonais – CollectAura 9,5;1.0;3.5;4.5;82.99;=;94.6;104.93;86.79;?;100%;https://www.vinted.fr/items/9383687579-pikachu-173165-ar-pokemon-151-japonais-collectaura-95
2026-07-12 19:34;Salamèche 168/165;Vinted;Carte Pokémon Salamèche AR 168/165 - Extension sv2a (Pokémon 151);45.0;3.5;48.5;93.9;=;48.3;118.72;54.79;?;100%;https://www.vinted.fr/items/9382708736-carte-pokemon-salameche-ar-168165-extension-sv2a-pokemon-151
2026-07-12 19:34;Bulbizarre 166/165;Vinted;Bulbizarre AR Japonaise (151);25.0;3.5;28.5;75.0;=;62.0;94.83;54.0;?;100%;https://www.vinted.fr/items/9383267884-bulbizarre-ar-japonaise-151
2026-07-12 19:34;Pikachu 173/165;Vinted;Pikachu AR Japonaise (151);38.0;3.5;41.5;82.99;=;50.0;104.93;49.79;?;100%;https://www.vinted.fr/items/9383243312-pikachu-ar-japonaise-151
2026-07-12 20:38;Pikachu 173/165;Vinted;Carta pokemon pikachu ar 173/165 korean art rare sv2a originale;25.0;3.5;28.5;82.99;=;65.7;104.93;62.79;?;100%;https://www.vinted.fr/items/9384459276-carta-pokemon-pikachu-ar-173165-korean-art-rare-sv2a-originale
2026-07-12 20:38;Mew ex 193/165;Vinted;mew EX - MEWit 151 193/165 MINT;25.0;3.5;28.5;55.23;=;48.4;69.83;32.25;?;100%;https://www.vinted.fr/items/9383977274-mew-ex-mewit-151-193165-mint
2026-07-12 22:40;Carapuce 170/165;Vinted;Carte Pokémon Coréen 151 Carapuce 170/165;22.0;3.5;25.5;107.5;=;76.3;135.92;92.75;?;100%;https://www.vinted.fr/items/9331693758-carte-pokemon-coreen-151-carapuce-170165
2026-07-12 23:33;Salamèche 168/165;Vinted;Salamèche Promo Écarlate et Violette;60.0;3.5;63.5;93.9;=;32.4;118.72;39.79;?;100%;https://www.vinted.fr/items/9385474803-salameche-promo-ecarlate-et-violette
2026-07-13 01:31;Méga-Gardevoir ex 187/132;Vinted;Carte pokémon méga-Gardevoir ex;3.0;3.5;6.5;245.0;=;97.3;309.77;263.0;?;100%;https://www.vinted.fr/items/9385017511-carte-pokemon-mega-gardevoir-ex
2026-07-13 03:08;Pikachu 173/165;Vinted;Carta Pokémon Pikachu 173/165 AR Holo – Giapponese - Art Rare - Pokémon 151;64.9;3.5;68.4;95.99;↗️;28.7;121.37;37.19;?;100%;https://www.vinted.fr/items/9384280211-carta-pokemon-pikachu-173165-ar-holo-giapponese-art-rare-pokemon-151
2026-07-13 12:58;Pikachu 173/165;Vinted;Carta Pokemon Pikachu 173/165 - Sv2a 151;55.0;3.5;58.5;95.99;=;39.1;121.37;47.09;?;100%;https://www.vinted.fr/items/9387508917-carta-pokemon-pikachu-173165-sv2a-151
2026-07-13 20:06;Pikachu 173/165;Vinted;Carte pokémon pikachu ar 173/165 sv2a japonais;36.0;3.5;39.5;95.99;=;58.8;121.37;66.09;?;100%;https://www.vinted.fr/items/9391030601-carte-pokemon-pikachu-ar-173165-sv2a-japonais
2026-07-13 20:06;Mew ex 205/165;Vinted;Carte Pokémon Mewtwo de la Team Rocket SVP 205 [FR];9.0;3.5;12.5;44.89;=;72.2;56.76;36.88;?;100%;https://www.vinted.fr/items/9386932641-carte-pokemon-mewtwo-de-la-team-rocket-svp-205-fr
2026-07-13 20:06;Alakazam ex 188/165;Vinted;Alakazam ex (MEW 065) - 151;2.5;3.5;6.0;30.0;=;80.0;37.93;27.0;?;100%;https://www.vinted.fr/items/9225199297-alakazam-ex-mew-065-151
2026-07-13 20:06;Alakazam ex 188/165;Vinted;Alakazam Ex - Ecarlate et Violet - sv2a - 151 - 2023;13.0;3.5;16.5;30.0;=;45.0;37.93;16.5;?;100%;https://www.vinted.fr/items/9370601862-alakazam-ex-ecarlate-et-violet-sv2a-151-2023
2026-07-13 21:48;Méga-Gardevoir ex 187/132;Vinted;Mega gardevoir ex stamp;6.2;3.5;9.7;245.0;=;96.0;309.77;259.8;?;100%;https://www.vinted.fr/items/9392787226-mega-gardevoir-ex-stamp
2026-07-13 21:48;Salamèche 168/165;Vinted;Carte pokémon Salamèche;20.0;3.5;23.5;93.9;=;75.0;118.72;79.79;?;100%;https://www.vinted.fr/items/9387447021-carte-pokemon-salameche
2026-07-13 22:55;Bulbizarre 166/165;Vinted;Bulbizarre AR sv2a 166 jap;26.0;3.5;29.5;72.5;=;59.3;91.67;50.25;?;100%;https://www.vinted.fr/items/9389602168-bulbizarre-ar-sv2a-166-jap
2026-07-13 23:52;Méga-Dracolosse ex 290/217;Vinted;Carte Pokémon Méga-Dracolosse ex;35.0;3.5;38.5;450.0;=;91.4;568.97;456.5;?;100%;https://www.vinted.fr/items/9127730286-carte-pokemon-mega-dracolosse-ex
2026-07-13 23:52;Pikachu 173/165;Vinted;Pikachu 173/165 Pokemon card;24.0;3.5;27.5;95.99;=;71.4;121.37;78.09;?;100%;https://www.vinted.fr/items/9393498555-pikachu-173165-pokemon-card
2026-07-13 23:52;Pikachu 173/165;Vinted;Pokémon Pikachu #173 - sv2a -Pokémon Card 151;39.99;3.5;43.49;95.99;=;54.7;121.37;62.1;?;100%;https://www.vinted.fr/items/9389300075-pokemon-pikachu-173-sv2a-pokemon-card-151
2026-07-13 23:52;Mew ex 205/165;Vinted;Mew EX 205/165;25.0;3.5;28.5;44.89;=;36.5;56.76;20.88;?;100%;https://www.vinted.fr/items/9393484116-mew-ex-205165
2026-07-14 00:52;Pikachu 173/165;Vinted;Pokémon Pikachu #173 - sv2a -Pokémon Card 151 EX;37.99;3.5;41.49;95.99;=;56.8;121.37;64.1;?;100%;https://www.vinted.fr/items/9389294505-pokemon-pikachu-173-sv2a-pokemon-card-151-ex
2026-07-14 01:50;Dracaufeu ex 199/165;Vinted;Dracaufeu ex (OBF 223) - état excellent;90.0;3.5;93.5;432.5;=;78.4;546.84;382.25;?;100%;https://www.vinted.fr/items/9386105059-dracaufeu-ex-obf-223-etat-excellent
2026-07-14 07:47;Mewtwo ex Team Rocket 281/217;Vinted;Mewtwo ex del Team Rocket SAR 281/217 Ascesa Eroica ITA;180.0;3.5;183.5;520.0;=;64.7;657.47;388.5;?;100%;https://www.vinted.fr/items/9381724920-mewtwo-ex-del-team-rocket-sar-281217-ascesa-eroica-ita
2026-07-14 07:47;Mewtwo ex Team Rocket 281/217;Vinted;Mewtwo ex del Team Rocket 281/217;180.0;3.5;183.5;520.0;=;64.7;657.47;388.5;?;100%;https://www.vinted.fr/items/9347455871-mewtwo-ex-del-team-rocket-281217
2026-07-14 07:47;Mewtwo ex Team Rocket 281/217;Vinted;Mewtwo EX del Team Rocket 281/217 Ascesa Eroica;220.0;3.5;223.5;520.0;=;57.0;657.47;348.5;?;100%;https://www.vinted.fr/items/9340003050-mewtwo-ex-del-team-rocket-281217-ascesa-eroica
2026-07-14 07:47;Mewtwo ex Team Rocket 281/217;Vinted;Mewtwo EX del Team Rocket ASC 281/217;300.0;3.5;303.5;520.0;=;41.6;657.47;268.5;?;100%;https://www.vinted.fr/items/9311531599-mewtwo-ex-del-team-rocket-asc-281217
2026-07-14 07:47;Méga-Gardevoir ex 178/132;Vinted;Mega Gardevoir Ex SIR #178/132;1.0;3.5;4.5;231.25;=;98.1;292.39;249.88;?;100%;https://www.vinted.fr/items/9317593615-mega-gardevoir-ex-sir-178132
2026-07-14 07:47;Mewtwo ex Team Rocket 281/217;Vinted;MewTwo ex 281/217 Alt ME 2.5 héros transcendants Carte Pokémon FR;340.0;3.5;343.5;520.0;=;33.9;657.47;228.5;?;100%;https://www.vinted.fr/items/9357818515-mewtwo-ex-281217-alt-me-25-heros-transcendants-carte-pokemon-fr
2026-07-14 07:47;Méga-Dracaufeu Y ex 294/217;Vinted;Mega-dracaufeu Y ex 294/217;280.0;3.5;283.5;450.0;=;37.0;568.97;211.5;?;100%;https://www.vinted.fr/items/9358144379-mega-dracaufeu-y-ex-294217
2026-07-14 07:47;Mewtwo ex Team Rocket 281/217;Vinted;Pokémon Mewtwo ex de la team rocket 281/217 CCC 9;359.95;3.5;363.45;520.0;=;30.1;657.47;208.55;?;100%;https://www.vinted.fr/items/9358387082-pokemon-mewtwo-ex-de-la-team-rocket-281217-ccc-9
2026-07-14 07:47;Méga-Lucario ex 179/132;Vinted;Carta Pokémon Mega Lucario ex 179/132 – Fuoriserie Rara Illustrazione Speciale (Italiano);115.0;3.5;118.5;246.22;=;51.9;311.31;152.34;?;100%;https://www.vinted.fr/items/9393466429-carta-pokemon-mega-lucario-ex-179132-fuoriserie-rara-illustrazione-speciale-italiano
2026-07-14 07:47;Méga-Lucario ex 179/132;Vinted;Mega Lucario ex SAR 179/132, MegaEvoluzioni ITA;120.0;3.5;123.5;246.22;=;49.8;311.31;147.34;?;100%;https://www.vinted.fr/items/9381786585-mega-lucario-ex-sar-179132-megaevoluzioni-ita
2026-07-14 07:47;Méga-Gardevoir ex 178/132;Vinted;Mega Gardevoir Ex 178/132;120.0;3.5;123.5;231.25;=;46.6;292.39;130.88;?;100%;https://www.vinted.fr/items/9393790062-mega-gardevoir-ex-178132
2026-07-14 07:47;Méga-Gardevoir ex 178/132;Vinted;Mega Gardevoir ex MEG 178/132;130.0;3.5;133.5;231.25;=;42.3;292.39;120.88;?;100%;https://www.vinted.fr/items/9253757240-mega-gardevoir-ex-meg-178132
2026-07-14 07:47;Méga-Gardevoir ex 178/132;Vinted;Mega Gardevoir EX MEG 178/132;132.0;3.5;135.5;231.25;=;41.4;292.39;118.88;?;100%;https://www.vinted.fr/items/9367248654-mega-gardevoir-ex-meg-178132
2026-07-14 08:04;Mewtwo ex Team Rocket 281/217;Vinted;Mewtwo ex del Team Rocket 281/217;170.0;3.5;173.5;520.0;=;66.6;657.47;398.5;?;100%;https://www.vinted.fr/items/9255658800-mewtwo-ex-del-team-rocket-281217
2026-07-14 08:04;Mewtwo ex Team Rocket 281/217;Vinted;Mewtwo Ex del Team Rocket ASC 281/217 ITA;185.0;3.5;188.5;520.0;=;63.7;657.47;383.5;?;100%;https://www.vinted.fr/items/9256835056-mewtwo-ex-del-team-rocket-asc-281217-ita
2026-07-14 08:04;Méga-Lucario ex 179/132;Vinted;Mega Lucario ex 179/132 carta Pokemon TCG | Rara Ilustración Especial | PS340;74.9;3.5;78.4;246.22;=;68.2;311.31;192.44;?;100%;https://www.vinted.fr/items/9254798993-mega-lucario-ex-179132-carta-pokemon-tcg-rara-ilustracion-especial-ps340
2026-07-14 08:04;Méga-Dracaufeu Y ex 294/217;Vinted;Carte Pokemon - Mega Dracaufeu Y Ex 294/217;310.0;3.5;313.5;450.0;=;30.3;568.97;181.5;?;100%;https://www.vinted.fr/items/9358959314-carte-pokemon-mega-dracaufeu-y-ex-294217
2026-07-14 08:04;Méga-Lucario ex 179/132;Vinted;Mega Lucario ex 179/132;130.0;3.5;133.5;246.22;=;45.8;311.31;137.34;?;100%;https://www.vinted.fr/items/9238281433-mega-lucario-ex-179132
2026-07-14 08:04;Méga-Lucario ex 179/132;Vinted;Pokemon Card – Mega Lucario ex  SAR  179/132 Megaevoluzione in Italiano;135.0;3.5;138.5;246.22;=;43.7;311.31;132.34;?;100%;https://www.vinted.fr/items/9337075139-pokemon-card-mega-lucario-ex-sar-179132-megaevoluzione-in-italiano
2026-07-14 08:04;Méga-Gardevoir ex 178/132;Vinted;mega Gardevoir EX 178/132 Megaevoluzione;127.9;3.5;131.4;231.25;=;43.2;292.39;122.98;?;100%;https://www.vinted.fr/items/9380765136-mega-gardevoir-ex-178132-megaevoluzione
2026-07-14 08:04;Méga-Gardevoir ex 178/132;Vinted;Pokémon Mega Gardevoir ex 178/132;130.0;3.5;133.5;231.25;=;42.3;292.39;120.88;?;100%;https://www.vinted.fr/items/9272475520-pokemon-mega-gardevoir-ex-178132
2026-07-14 08:04;Méga-Gardevoir ex 178/132;Vinted;Mega Gardevoir ex 178/132 MEG ITA;135.0;3.5;138.5;231.25;=;40.1;292.39;115.88;?;100%;https://www.vinted.fr/items/9285463897-mega-gardevoir-ex-178132-meg-ita
2026-07-14 08:04;Méga-Gardevoir ex 178/132;Vinted;Mega Gardevoir ex 178/132 | Scarlatto e Violetto ITA | Near Mint;140.0;3.5;143.5;231.25;=;37.9;292.39;110.88;?;100%;https://www.vinted.fr/items/9284396887-mega-gardevoir-ex-178132-scarlatto-e-violetto-ita-near-mint
2026-07-14 08:04;Méga-Lucario ex 188/132;Vinted;Méga-Lucario ex Gold 188/132 – FR – Défaut d’impression d’usine;195.0;3.5;198.5;274.26;=;27.6;346.77;103.19;?;100%;https://www.vinted.fr/items/9266113257-mega-lucario-ex-gold-188132-fr-defaut-dimpression-dusine
2026-07-14 08:04;Méga-Zygarde ex 120/088;Vinted;Mega Zygarde ex 120 / 088;42.0;3.5;45.5;81.25;=;44.0;102.73;43.88;?;100%;https://www.vinted.fr/items/9286144212-mega-zygarde-ex-120-088
2026-07-14 09:09;Méga-Dracaufeu X ex 125/094;Vinted;Carte pokemon méga-Dracaufeu X EX 125/094;360.0;3.5;363.5;800.0;=;54.6;1011.49;516.5;?;100%;https://www.vinted.fr/items/9253794342-carte-pokemon-mega-dracaufeu-x-ex-125094
2026-07-14 11:19;Mewtwo ex Team Rocket 281/217;Vinted;Carta Pokemon Mewtwo ex del team Rocket ascesa eroica ASC 281/217;240.0;3.5;243.5;520.0;=;53.2;657.47;328.5;?;100%;https://www.vinted.fr/items/9395288866-carta-pokemon-mewtwo-ex-del-team-rocket-ascesa-eroica-asc-281217
2026-07-14 11:19;Méga-Lucario ex 188/132;Vinted;Mega Lucario ex 188/132 GOLD;180.0;3.5;183.5;274.26;=;33.1;346.77;118.19;?;100%;https://www.vinted.fr/items/9220931770-mega-lucario-ex-188132-gold
2026-07-14 11:19;Méga-Gardevoir ex 187/132;Vinted;Carte Pokémon Mega Gardevoir Ex GOLD ME01 187/132 Mega Evolution;160.0;3.5;163.5;245.0;=;33.3;309.77;106.0;?;100%;https://www.vinted.fr/items/9392486201-carte-pokemon-mega-gardevoir-ex-gold-me01-187132-mega-evolution
2026-07-14 13:06;Mewtwo ex Team Rocket 281/217;Vinted;Mewtwo ex del team Rocket 281/217 Ascesa eroica;250.0;3.5;253.5;520.0;=;51.2;657.47;318.5;?;100%;https://www.vinted.fr/items/9396120465-mewtwo-ex-del-team-rocket-281217-ascesa-eroica
2026-07-14 13:06;Pikachu 173/165;Vinted;Pikachu 173/165 AR Pokemon Card 151 SV2a Giapponese Art Rare Near Mint Holo Full Art;43.9;3.5;47.4;95.99;=;50.6;121.37;58.19;?;100%;https://www.vinted.fr/items/9394569054-pikachu-173165-ar-pokemon-card-151-sv2a-giapponese-art-rare-near-mint-holo-full-art
2026-07-14 14:41;Méga-Dracaufeu Y ex 294/217;Vinted;Carte Pokémon Méga Dracaufeu Y EX Gold 294/217 FR – Héros Transcendants – Near Mint;300.0;3.5;303.5;450.0;=;32.6;568.97;191.5;?;100%;https://www.vinted.fr/items/9366242050-carte-pokemon-mega-dracaufeu-y-ex-gold-294217-fr-heros-transcendants-near-mint
2026-07-14 17:58;Mew ex 193/165;Vinted;Pokémon Karte Mew ex 151 - 193/165;34.0;3.5;37.5;55.23;=;32.1;69.83;23.25;?;100%;https://www.vinted.fr/items/9398850755-pokemon-karte-mew-ex-151-193165
2026-07-14 20:18;Pikachu 173/165;Vinted;Carte Pokémon Pikachu AR SV2A 173/165;40.0;3.5;43.5;95.99;=;54.7;121.37;62.09;?;100%;https://www.vinted.fr/items/9400124010-carte-pokemon-pikachu-ar-sv2a-173165
2026-07-14 22:56;Méga-Gardevoir ex 178/132;Vinted;Mega gardevoir ex 178/132;135.0;3.5;138.5;231.25;=;40.1;292.39;115.88;?;100%;https://www.vinted.fr/items/9258882210-mega-gardevoir-ex-178132
2026-07-15 11:23;Méga-Gardevoir ex 187/132;Vinted;Mega Gardevoir Ex 187/132;145.0;3.5;148.5;245.0;=;39.4;309.77;121.0;?;100%;https://www.vinted.fr/items/9403266537-mega-gardevoir-ex-187132
2026-07-15 14:43;Méga-Gardevoir ex 178/132;Vinted;Carta Pokemon Mega Gardevoir ex 178/132;150.0;3.5;153.5;230.0;=;33.3;290.8;99.5;?;100%;https://www.vinted.fr/items/9261195598-carta-pokemon-mega-gardevoir-ex-178132
2026-07-15 16:28;Méga-Gardevoir ex 178/132;Vinted;Mega Gardevoir EX 178/132 - Megaevoluzione - Ita;125.0;3.5;128.5;231.25;=;44.4;292.39;125.88;?;100%;https://www.vinted.fr/items/9405888957-mega-gardevoir-ex-178132-megaevoluzione-ita
2026-07-15 16:28;Pikachu 173/165;Vinted;Pikachu ar 173/165;32.0;3.5;35.5;95.99;=;63.0;121.37;70.09;?;100%;https://www.vinted.fr/items/9405694467-pikachu-ar-173165
2026-07-15 18:02;Pikachu 173/165;Vinted;Pikachu ar 173/165;32.0;3.5;35.5;95.99;=;63.0;121.37;70.09;?;100%;https://www.vinted.fr/items/9406293438-pikachu-ar-173165
2026-07-15 18:02;Carapuce 170/165;Vinted;Carte pokemon carapuce 170/165;70.0;3.5;73.5;107.5;=;31.6;135.92;44.75;?;100%;https://www.vinted.fr/items/9406198861-carte-pokemon-carapuce-170165
2026-07-15 19:40;Mew ex 205/165;Vinted;Mew ex - 151 - 205/165;25.0;3.5;28.5;44.17;=;35.5;55.85;20.09;?;100%;https://www.vinted.fr/items/9407243761-mew-ex-151-205165
2026-07-15 19:40;Mew ex 205/165;Vinted;Mew ex 205/165;29.0;3.5;32.5;44.17;=;26.4;55.85;16.09;?;100%;https://www.vinted.fr/items/9407542447-mew-ex-205165
2026-07-15 22:54;Mew ex 193/165;Vinted;Mew Ex - Full Art 193/165 - Collection 151;30.0;5.7;35.7;55.9;=;36.1;70.68;25.79;?;100%;https://www.vinted.fr/items/9399034815-mew-ex-full-art-193165-collection-151
2026-07-16 09:30;Méga-Lucario ex 188/132;eBay (DK);Mega Lucario ex 188/132 - Vitrine Carte de Protection Pokémon Extended Artwork;22.74;7.63;30.37;274.26;↘️;88.9;346.77;271.32;?;100%;https://www.ebay.fr/itm/397820622984?_skw=carte+pokemon+M%C3%A9ga-Lucario+ex+188%2F132&hash=item5c9ff4f888:g:XcUAAeSwPMBpCOcH
2026-07-16 09:30;Méga-Lucario ex 188/132;eBay (DK);Mega Lucario ex 188/132 - Affichage de la carte de protection Pokémon TAG Ext...;29.3;7.63;36.93;274.26;↘️;86.5;346.77;264.76;?;100%;https://www.ebay.fr/itm/397919017770?_skw=carte+pokemon+M%C3%A9ga-Lucario+ex+188%2F132&hash=item5ca5d25b2a:g:TQwAAeSwaJppBKdD
2026-07-16 09:30;Méga-Lucario ex 179/132;eBay (DK);MEGA Lucario EX 179/132 - Vitrine Carte de Protection Pokémon Extended Artwork;22.74;7.63;30.37;246.22;=;87.7;311.31;240.47;?;100%;https://www.ebay.fr/itm/397703788959?_skw=carte+pokemon+M%C3%A9ga-Lucario+ex+179%2F132&hash=item5c98fe399f:g:b6cAAeSwtPNpaSMH
2026-07-16 09:30;Pikachu 173/165;eBay (DK);Pikachu AR 173/165 - Vitrine Carte de Protection Pokémon Extended Artwork;22.74;7.63;30.37;95.99;=;68.4;121.37;75.22;?;100%;https://www.ebay.fr/itm/397739078837?_skw=carte+pokemon+Pikachu+173%2F165&hash=item5c9b18b4b5:g:OY4AAOSwraVoTbbt
2026-07-16 09:30;Noctali VMAX 095/203;Vinted;Noctali VMAX 095/203;10.0;4.7;14.7;38.92;=;62.2;49.21;28.11;?;100%;https://www.vinted.fr/items/9378548906-noctali-vmax-095203
2026-07-16 09:30;Noctali VMAX 095/203;Vinted;Noctali VMAX – Évolution Céleste 095/203 – Holographique;15.0;4.95;19.95;38.92;=;48.7;49.21;22.86;?;100%;https://www.vinted.fr/items/9276719374-noctali-vmax-evolution-celeste-095203-holographique
2026-07-16 09:38;Evoli ex 174 promo;Vinted;Evoli ex;14.0;4.9;18.9;38.8;=;51.3;49.06;23.78;?;100%;https://www.vinted.fr/items/9387485040-evoli-ex
2026-07-16 09:38;Noctali VMAX 095/203;Vinted;Carte pokémon Noctali Vmax 095/203;20.0;5.2;25.2;38.92;=;35.3;49.21;17.61;?;100%;https://www.vinted.fr/items/9219565493-carte-pokemon-noctali-vmax-095203
2026-07-16 09:38;Evoli ex 174 promo;Vinted;Évoli EX promo stamp scellé, 8.5 Evolution prismatique;20.0;5.2;25.2;38.8;=;35.1;49.06;17.48;?;100%;https://www.vinted.fr/items/9391484068-evoli-ex-promo-stamp-scelle-85-evolution-prismatique
2026-07-16 13:24;Noctali VMAX 095/203;Vinted;Umbreon VMAX 095/203;18.0;5.1;23.1;38.92;=;40.6;49.21;19.71;?;100%;https://www.vinted.fr/items/9001510087-umbreon-vmax-095203
2026-07-16 13:24;Alakazam ex 188/165;Vinted;Alakazam ex 188/165 Full Art – Scarlet & Violet 151 – Near Mint;12.0;4.8;16.8;30.0;↗️;44.0;37.93;16.2;?;100%;https://www.vinted.fr/items/9411796686-alakazam-ex-188165-full-art-scarlet-violet-151-near-mint
2026-07-16 13:36;Evoli ex 174 promo;Vinted;🟢 Pokémon Evoli ex Promo 174;25.0;5.45;30.45;47.98;=;36.5;60.66;22.33;?;100%;https://www.vinted.fr/items/9405601138-pokemon-evoli-ex-promo-174
2026-07-16 13:49;Evoli ex 174 promo;Vinted;Évoli EX - SVP 174 - Near Mint;25.0;5.45;30.45;47.98;=;36.5;60.66;22.33;?;100%;https://www.vinted.fr/items/9375862949-evoli-ex-svp-174-near-mint
2026-07-16 20:59;Evoli ex 174 promo;Vinted;Evoli ex promo 174;25.0;5.45;30.45;47.98;=;36.5;60.66;22.33;?;100%;https://www.vinted.fr/items/9415273375-evoli-ex-promo-174
2026-07-17 08:18;Pikachu 173/165;Vinted;Pikachu ar 173/165;32.0;5.8;37.8;117.5;=;67.8;148.56;91.45;?;100%;https://www.vinted.fr/items/9417433455-pikachu-ar-173165
2026-07-17 08:18;Evoli ex 174 promo;Vinted;Evoli ex;25.0;5.45;30.45;47.98;=;36.5;60.66;22.33;?;100%;https://www.vinted.fr/items/9417309070-evoli-ex
2026-07-17 09:16;Evoli VMAX SWSH087;Vinted;carte Pokémon eevee / évoli Vmax swsh087 promo;4.9;4.45;9.35;19.85;=;52.9;25.1;12.49;?;100%;https://www.vinted.fr/items/9156581218-carte-pokemon-eevee-evoli-vmax-swsh087-promo
2026-07-17 16:58;Evoli ex 174 promo;Vinted;Carte pokemon Evoli Ex 174;25.0;5.45;30.45;47.98;=;36.5;60.66;22.33;?;100%;https://www.vinted.fr/items/9414496255-carte-pokemon-evoli-ex-174
2026-07-17 19:32;Evoli ex 174 promo;Vinted;Evoli Ex carte promo 174 SPC;25.0;5.45;30.45;47.98;=;36.5;60.66;22.33;?;100%;https://www.vinted.fr/items/9422145796-evoli-ex-carte-promo-174-spc
2026-07-17 22:21;Evoli ex 174 promo;eBay;Carte Pokémon - Eevee ex - Promo 174 SVP - Portugais - Neuve;19.99;2.7;22.69;47.98;=;52.7;60.66;30.09;?;100%;https://www.ebay.fr/itm/376916386796?_skw=carte+pokemon+Eevee+ex+174+promo&hash=item57c1f7a3ec:g:7cMAAeSwq~ppfPl9
2026-07-18 11:58;Salamèche 168/165;Vinted;Salameche ar 168/165;30.0;5.7;35.7;239.97;=;85.1;303.41;228.27;?;100%;https://www.vinted.fr/items/9425281669-salameche-ar-168165
2026-07-18 11:58;Pikachu 173/165;Vinted;Pikachu ar 173/165;32.0;5.8;37.8;109.99;=;65.6;139.07;83.19;?;100%;https://www.vinted.fr/items/9425609103-pikachu-ar-173165
2026-07-18 13:57;Evoli ex 174 promo;Vinted;Évoli EX 174 Promo | FR;24.99;5.45;30.44;47.98;=;36.6;60.66;22.34;?;100%;https://www.vinted.fr/items/9426817879-evoli-ex-174-promo-fr
2026-07-18 16:36;Mew ex 193/165;Vinted;Carte Pokémon Mew ex full art 151 193/165;34.0;5.9;39.9;69.98;=;43.0;88.48;37.08;?;100%;https://www.vinted.fr/items/9427588809-carte-pokemon-mew-ex-full-art-151-193165
2026-07-18 16:36;Alakazam ex 188/165;Vinted;Pokemon alakazam ex 188/165;15.0;4.95;19.95;32.99;=;39.5;41.71;16.34;?;100%;https://www.vinted.fr/items/9427912119-pokemon-alakazam-ex-188165
2026-07-18 20:40;Mew ex 205/165;Vinted;mew ex 205/165;14.99;4.95;19.94;46.5;=;57.1;58.79;31.21;?;100%;https://www.vinted.fr/items/9430384235-mew-ex-205165
2026-07-19 12:56;Mew ex 205/165;Vinted;Carte Pokémon : Mew-ex (205/165);25.0;5.45;30.45;46.5;=;34.5;58.79;20.7;?;100%;https://www.vinted.fr/items/9434238734-carte-pokemon-mew-ex-205165
2026-07-19 16:38;Bulbizarre 166/165;Vinted;Bulbizarre AR 166/165;30.0;5.7;35.7;119.95;=;70.2;151.66;96.25;?;100%;https://www.vinted.fr/items/9436765168-bulbizarre-ar-166165
2026-07-19 16:38;Plumeline ex 024;Vinted;Plumeline ex 024;25.0;5.45;30.45;44.9;=;32.2;56.77;18.94;?;100%;https://www.vinted.fr/items/9436681590-plumeline-ex-024
2026-07-19 20:42;Pikachu 173/165;Vinted;Carte pikachu 173/165 !!;20.0;5.2;25.2;115.0;=;78.1;145.4;101.3;?;100%;https://www.vinted.fr/items/9439842163-carte-pikachu-173165
2026-07-19 20:42;Mew ex 205/165;Vinted;Mew EX ( 205/165 );20.0;5.2;25.2;45.0;=;44.0;56.9;24.3;?;100%;https://www.vinted.fr/items/9439993429-mew-ex-205165
2026-07-20 06:58;Pikachu 173/165;eBay (JP);Carte Pokemon 151 Pikachu Ar 173/165;81.72;0.0;81.72;115.0;=;28.9;145.4;44.78;?;100%;https://www.ebay.fr/itm/407080101012?_skw=carte+pokemon+Pikachu+173%2F165&hash=item5ec7dd6494:g:rRsAAeSwQw5qWjkd
2026-07-20 12:50;Pikachu 173/165;Vinted;Pikachu ar 173/165;32.0;5.8;37.8;115.0;=;67.1;145.4;88.7;?;100%;https://www.vinted.fr/items/9443419874-pikachu-ar-173165
2026-07-20 18:57;Mew ex 193/165;Vinted;Mew ex 193/165;35.0;5.95;40.95;69.98;=;41.5;88.48;36.03;?;100%;https://www.vinted.fr/items/9433272213-mew-ex-193165
2026-07-20 23:45;Alakazam ex 188/165;Vinted;Pokémon Alakazam EX 188/165 ITA;13.0;4.85;17.85;32.99;=;45.9;41.71;18.44;?;100%;https://www.vinted.fr/items/9449759646-pokemon-alakazam-ex-188165-ita
2026-07-21 01:43;Mew ex 205/165;Vinted;Mew ex gold (205/165 - 151);15.5;4.97;20.47;45.0;=;54.5;56.9;29.03;?;100%;https://www.vinted.fr/items/9450254632-mew-ex-gold-205165-151
2026-07-21 06:35;Mewtwo ex Team Rocket 281/217;Vinted;Mewtwo-ex del Team Rocket – 281/217;1.0;4.25;5.25;580.0;=;99.1;733.33;632.75;?;100%;https://www.vinted.fr/items/9366489633-mewtwo-ex-del-team-rocket-281217
2026-07-21 15:00;Mew ex 205/165;Vinted;Mew EX 205/165;16.0;5.0;21.0;45.0;=;53.3;56.9;28.5;?;100%;https://www.vinted.fr/items/9453350650-mew-ex-205165
2026-07-21 15:00;Alakazam ex 188/165;Vinted;Alakazam ex 188/165;10.0;4.7;14.7;32.5;=;54.8;41.09;21.05;?;100%;https://www.vinted.fr/items/9453439364-alakazam-ex-188165
2026-07-21 20:30;Evoli ex 174 promo;Vinted;Évoli ex (SVP 174);25.0;5.45;30.45;48.98;=;37.8;61.93;23.43;?;100%;https://www.vinted.fr/items/9446864197-evoli-ex-svp-174
2026-07-21 20:55;Charmander 168/165 sv2a;Vinted;Carte Pokémon Japonaise Charmander AR 168/165 – SV2A 151 – JP – 2023;32.95;5.85;38.8;58.09;↗️;33.2;73.45;25.1;?;100%;https://www.vinted.fr/items/9438294878-carte-pokemon-japonaise-charmander-ar-168165-sv2a-151-jp-2023
2026-07-22 13:23;Mew ex 205/165;Vinted;Mew Ex Gold - 205/165;20.0;5.2;25.2;45.0;=;44.0;56.9;24.3;?;100%;https://www.vinted.fr/items/9461175049-mew-ex-gold-205165
2026-07-22 13:23;Evoli ex 174 promo;Vinted;Evoli Ex 174 SVP;28.0;5.6;33.6;49.45;=;32.1;62.52;20.8;?;100%;https://www.vinted.fr/items/9460529210-evoli-ex-174-svp
2026-07-22 14:59;Bulbizarre 166/165;Vinted;Pokémon Bulbizarre 166/165 AR en Koreen;19.0;5.15;24.15;100.0;=;75.8;126.44;85.85;?;100%;https://www.vinted.fr/items/9462159737-pokemon-bulbizarre-166165-ar-en-koreen
2026-07-22 17:04;Méga-Amphinobi ex 116/086;Vinted;Mega Amphinobi EX 116/086;5.0;4.45;9.45;299.99;=;96.8;379.3;320.54;?;100%;https://www.vinted.fr/items/9462217113-mega-amphinobi-ex-116086
2026-07-22 17:04;Mew ex 205/165;Vinted;Mew ex 205/165 promo steel;25.0;5.45;30.45;45.0;=;32.3;56.9;19.05;?;100%;https://www.vinted.fr/items/9462203512-mew-ex-205165-promo-steel
2026-07-22 18:29;Mew ex 205/165;Vinted;Mew ex 205/165 – Pokémon 151 (Hyper Rare Gold);25.0;5.45;30.45;45.0;=;32.3;56.9;19.05;?;100%;https://www.vinted.fr/items/9464133447-mew-ex-205165-pokemon-151-hyper-rare-gold
2026-07-22 19:53;Pikachu 173/165;Vinted;Pikachu 173/165 AR – Pokémon Card 151 SV2a – Near Mint;35.0;5.95;40.95;125.0;=;67.2;158.05;96.55;?;100%;https://www.vinted.fr/items/9415573401-pikachu-173165-ar-pokemon-card-151-sv2a-near-mint
2026-07-22 21:08;Méga-Amphinobi ex 116/086;Vinted;Mega Amphinobi EX 116/086;5.0;4.45;9.45;299.99;=;96.8;379.3;320.54;?;100%;https://www.vinted.fr/items/9465833328-mega-amphinobi-ex-116086
2026-07-22 21:08;Pikachu 173/165 sv2a;Vinted;Pikachu AR 173/165 SV2a – Pokémon 151 Coréen – Carte Pokémon Corée – Near Mint;35.0;5.95;40.95;66.34;=;38.3;83.88;32.02;?;100%;https://www.vinted.fr/items/9195364128-pikachu-ar-173165-sv2a-pokemon-151-coreen-carte-pokemon-coree-near-mint
2026-07-22 21:08;Mew ex 205/165;Vinted;Mew ex• SV: 151 • HR • 205/165;25.0;5.45;30.45;45.0;=;32.3;56.9;19.05;?;100%;https://www.vinted.fr/items/9465505527-mew-ex-sv-151-hr-205165
2026-07-22 22:25;Méga-Amphinobi ex 116/086;Vinted;Mega Amphinobi EX 116/086;5.0;4.45;9.45;299.99;=;96.8;379.3;320.54;?;100%;https://www.vinted.fr/items/9465977479-mega-amphinobi-ex-116086
2026-07-22 22:25;Mew ex 193/165;Vinted;Mew ex 193/165;35.0;5.95;40.95;69.9;=;41.4;88.38;35.94;?;100%;https://www.vinted.fr/items/9466078435-mew-ex-193165
2026-07-22 22:25;Mew ex 205/165;Vinted;Mew ex 205/165;16.0;5.0;21.0;45.0;=;53.3;56.9;28.5;?;100%;https://www.vinted.fr/items/9466398631-mew-ex-205165
2026-07-22 23:39;Mew ex 205/165;Vinted;Mew ex 205/165;16.0;5.0;21.0;45.0;=;53.3;56.9;28.5;?;100%;https://www.vinted.fr/items/9466715407-mew-ex-205165
2026-07-23 03:16;Evoli ex 174 promo;Vinted;Carte Pokémon Evoli EX 174 Promo en Français;28.0;5.6;33.6;49.45;=;32.1;62.52;20.8;?;100%;https://www.vinted.fr/items/9467315362-carte-pokemon-evoli-ex-174-promo-en-francais
2026-07-23 23:15;Mew ex 205/165;Vinted;Mew ex 205/165 Gold Secret Rare - 151 - Pokémon (défauts visibles);25.0;5.45;30.45;45.0;=;32.3;56.9;19.05;?;100%;https://www.vinted.fr/items/9475047056-mew-ex-205165-gold-secret-rare-151-pokemon-defauts-visibles
2026-07-24 12:53;Méga-Lucario ex 188/132;Vinted;Mega Lucario ex Gold 188/132;1.0;4.25;5.25;365.0;=;98.6;461.49;396.25;?;100%;https://www.vinted.fr/items/9477217694-mega-lucario-ex-gold-188132
2026-07-24 15:54;Mew ex 205/165;Vinted;Mew ex 205/165 Gold Hyper Rare;22.0;5.3;27.3;45.0;=;39.3;56.9;22.2;?;100%;https://www.vinted.fr/items/9478445388-mew-ex-205165-gold-hyper-rare
2026-07-24 15:54;Evoli ex 174 promo;Vinted;Evoli ex 174 promo;29.0;5.65;34.65;49.9;=;30.6;63.09;20.24;?;100%;https://www.vinted.fr/items/9471165926-evoli-ex-174-promo
2026-07-24 17:57;Mew ex 205/165;Vinted;Mew ex 205/165;23.0;5.35;28.35;40.96;↘️;30.8;51.79;16.71;?;100%;https://www.vinted.fr/items/9480351321-mew-ex-205165
2026-07-24 20:59;Pikachu 173/165;Vinted;Carte pokémon pikachu 173/165;35.0;5.95;40.95;114.42;=;64.2;144.67;84.91;?;100%;https://www.vinted.fr/items/9481577177-carte-pokemon-pikachu-173165
2026-07-25 13:45;Mew ex 193/165;Vinted;Mew ex full  (193/165);35.0;5.95;40.95;59.36;=;31.0;75.05;24.35;?;100%;https://www.vinted.fr/items/9485791399-mew-ex-full-193165
2026-07-25 14:48;Mew ex 205/165;Vinted;Carte Pokémon Mew ex 205/165 gold;24.0;5.4;29.4;39.98;=;26.5;50.55;14.58;?;100%;https://www.vinted.fr/items/9486363586-carte-pokemon-mew-ex-205165-gold
2026-07-26 16:10;Bulbizarre 166/165;Vinted;Bulbizarre AR 166/165;25.0;5.45;30.45;109.58;=;72.2;138.55;90.09;?;100%;https://www.vinted.fr/items/9494758827-bulbizarre-ar-166165
2026-07-26 18:32;Pikachu 173/165;Vinted;Pikachu AR sv2a 173/165;35.0;5.95;40.95;114.42;=;64.2;144.67;84.91;?;100%;https://www.vinted.fr/items/9497163101-pikachu-ar-sv2a-173165
2026-07-28 16:55;Méga-Dracolosse ex 290/217;eBay;Carte Pokémon Méga-Dracolosse EX Alt ASC 290/217 ME2.5🇫🇷;300.0;0.0;300.0;636.8;↗️;52.9;805.15;400.48;?;100%;https://www.ebay.fr/itm/227332802204?_skw=carte+pokemon+M%C3%A9ga-Dracolosse+ex+290%2F217&hash=item34ee17469c:g:N~4AAeSwM~Rp-51m
2026-07-28 16:55;Méga-Dracolosse ex 290/217;eBay;Carte Pokémon - Méga-Dracolosse EX - 290/217 - Héros Ascendants Neuve;485.0;0.0;485.0;636.8;↗️;23.8;805.15;215.48;?;100%;https://www.ebay.fr/itm/377334551332?_skw=carte+pokemon+M%C3%A9ga-Dracolosse+ex+290%2F217&hash=item57dae45324:g:eE0AAeSwcGlqUUtZ
2026-07-28 16:55;Méga-Dracaufeu X ex 125/094;eBay;Carte Mega Dracaufeu X Ex 125/094;700.0;0.0;700.0;830.0;=;15.7;1049.43;213.0;?;100%;https://www.ebay.fr/itm/147124407128?_skw=carte+pokemon+M%C3%A9ga-Dracaufeu+X+ex+125%2F094&hash=item22414c4b58:g:z8AAAeSwfPNpe14N
2026-07-28 16:55;Salamèche 168/165;eBay;Carte Pokémon Salamèche A.R 168/165 - EV 3.5 151 FR;50.0;3.47;53.47;190.99;=;72.0;241.48;156.62;?;100%;https://www.ebay.fr/itm/377373869379?_skw=carte+pokemon+Salam%C3%A8che+168%2F165&hash=item57dd3c4543:g:NW0AAeSw3QtqZ4Mr
2026-07-28 16:55;Méga-Dracaufeu Y ex 294/217;eBay;Carte Pokémon Méga-Dracaufeu Y Ex  Gold 294/217 ME 2.5 Héros Transcendants FR  ;315.0;2.78;317.78;397.0;=;20.0;501.95;118.92;?;100%;https://www.ebay.fr/itm/236965857568?_skw=carte+pokemon+M%C3%A9ga-Dracaufeu+Y+ex+294%2F217&hash=item372c440920:g:Z5YAAeSwplVqOnAL
2026-07-28 16:55;Dracaufeu ex 199/165;eBay; Carte Pokémon FR DRACAUFEU EX Alternative 199/165 151 EV3.5 FR ;310.0;2.78;312.78;389.0;=;19.6;491.84;115.12;?;100%;https://www.ebay.fr/itm/227446643333?_skw=carte+pokemon+Dracaufeu+ex+199%2F165&hash=item34f4e05a85:g:dkMAAeSwv99qZDen
2026-07-28 16:55;Evoli 188/167;eBay;carte pokemon evoli 188/167;58.89;0.0;58.89;127.78;=;53.9;161.56;81.67;?;100%;https://www.ebay.fr/itm/305872618892?_skw=carte+pokemon+Evoli+188%2F167&hash=item47376dc58c:g:bRUAAOSwOGJnIoR6
2026-07-28 16:55;Salamèche 168/165;eBay;Carte Pokémon Française - Salamèche A.R 168/165 - EV 3.5 151;134.99;4.99;139.98;190.99;=;26.7;241.48;70.11;?;100%;https://www.ebay.fr/itm/188676192503?_skw=carte+pokemon+Salam%C3%A8che+168%2F165&hash=item2bedfa38f7:g:lNQAAeSwgf5qT06c
2026-07-28 16:55;Méga-Lucario ex 179/132;eBay;Méga-Lucario ex 179/132 - Carte Pokemon Alternative - MEG FR NM / Neuve;200.0;0.0;200.0;239.98;=;16.7;303.42;63.98;?;100%;https://www.ebay.fr/itm/397225565663?_skw=carte+pokemon+M%C3%A9ga-Lucario+ex+179%2F132&hash=item5c7c7d1ddf:g:7~AAAeSwd0tpCVRq
2026-07-28 16:55;Evoli 188/167;eBay;Carte Pokemon EVOLI AR 188/167 Mascarade Crépusculaire Ev6 TWM Fr Neuve ;80.0;0.0;80.0;127.78;=;37.4;161.56;60.56;?;100%;https://www.ebay.fr/itm/356711713206?_skw=carte+pokemon+Evoli+188%2F167&hash=item530dacc9b6:g:9tcAAeSwc2Vn5F3S
2026-07-28 16:55;Carapuce 170/165;eBay;🇫🇷 Carte Pokémon  Carapuce 170/165 EV3.5  Série 151 EV03.5 Écarlate Violet NM;40.0;0.0;40.0;88.18;=;54.6;111.49;57.0;?;100%;https://www.ebay.fr/itm/358826228098?_skw=carte+pokemon+Carapuce+170%2F165&hash=item538bb5b982:g:Z3IAAeSwOzFqX58Y
2026-07-28 16:55;Mega Dragonite ex 246/193;eBay (JP);Carte Pokemon MEGA Dragonite ex SAR 246/193 MEGA Dream ex M2a Japonaise 2025;208.72;0.0;208.72;238.95;=;12.7;302.12;54.13;?;100%;https://www.ebay.fr/itm/158115461751?_skw=carte+pokemon+Mega+Dragonite+ex+246%2F193+japonaise&hash=item24d06a7a77:g:MwsAAeSw-ABqZvq5
2026-07-28 16:55;Evoli 188/167;eBay;carte pokemon evoli 188/167;100.0;2.0;102.0;127.78;=;20.2;161.56;38.56;?;100%;https://www.ebay.fr/itm/204931144414?_skw=carte+pokemon+Evoli+188%2F167&hash=item2fb6d91ade:g:78wAAOSwbwhmtb0m
2026-07-28 16:55;Florizarre ex 198/165;eBay;Carte Pokémon Florizarre EX 198/165 EV3.5 MEW 151 Fr Alternative;140.0;3.0;143.0;161.91;=;11.7;204.71;35.1;?;100%;https://www.ebay.fr/itm/358678497574?_skw=carte+pokemon+Florizarre+ex+198%2F165&hash=item5382e78926:g:UUUAAeSwwQVqLTcm
2026-07-28 16:55;Mega Dracaufeu X ex 023;eBay;Carte Pokémon Mega Dracaufeu X Ex MEP 023 promo UPC Méga Evolution;42.0;2.78;44.78;55.16;=;18.8;69.74;15.9;?;100%;https://www.ebay.fr/itm/358834400117?_skw=carte+pokemon+Mega+Dracaufeu+X+ex+023&hash=item538c326b75:g:onAAAeSwU7hqYjdC
2026-07-28 16:55;Mega Dracaufeu X ex 023;eBay;Carte Pokémon - Méga-Dracaufeu X EX 023 PROMO MEP - FR NEUVE UPC;45.1;0.0;45.1;55.16;=;18.2;69.74;15.58;?;100%;https://www.ebay.fr/itm/137067890884?_skw=carte+pokemon+Mega+Dracaufeu+X+ex+023&hash=item1fe9e208c4:g:5LIAAeSwfZ5pnbco
2026-07-28 18:36;Méga-Dracaufeu X ex 125/094;eBay;CARTE POKÉMON MEGA DRACAUFEU X EX 125/094 ME02 FLAMMES FANTASMAGORIQUES NEUVE FR;800.0;0.0;800.0;1069.8;↗️;25.2;1352.62;376.78;?;100%;https://www.ebay.fr/itm/376751276970?_skw=carte+pokemon+M%C3%A9ga-Dracaufeu+X+ex+125%2F094&hash=item57b82043aa:g:2pYAAeSwuEVpMMJy
2026-07-28 18:36;Méga-Gardevoir ex 178/132;eBay;Carte Pokémon Méga-Gardevoir ex 178/132 - ME01 NEUVE FR;220.0;5.0;225.0;269.0;↗️;16.4;340.11;70.9;?;100%;https://www.ebay.fr/itm/206072156464?_skw=carte+pokemon+M%C3%A9ga-Gardevoir+ex+178%2F132&hash=item2ffadb9130:g:aoEAAeSwTnppkd7K
2026-07-28 18:36;Méga-Gardevoir ex 178/132;eBay;Mega-Gardevoir EX  178/132 - Carte Pokemon Alt - MEG FR - NM / Neuve;230.0;8.0;238.0;269.0;↗️;11.5;340.11;57.9;?;100%;https://www.ebay.fr/itm/298421452312?_skw=carte+pokemon+M%C3%A9ga-Gardevoir+ex+178%2F132&hash=item457b4dfe18:g:S-EAAeSwqBdqDdkY
2026-07-28 18:36;Méga-Gardevoir ex 178/132;eBay;Mega-Gardevoir EX  178/132 - Carte Pokemon Alt - MEG FR - NM / Neuve;235.0;4.0;239.0;269.0;↗️;11.2;340.11;56.9;?;100%;https://www.ebay.fr/itm/318585621951?_skw=carte+pokemon+M%C3%A9ga-Gardevoir+ex+178%2F132&hash=item4a2d2ecdbf:g:SsIAAeSwusNqV1jm
2026-07-28 18:36;Mega Dracaufeu X ex 023;eBay;Carte Pokémon Mega Dracaufeu X Ex MEP 023 promo UPC Méga Evolution;49.9;2.78;52.68;60.12;↗️;12.4;76.01;13.45;?;100%;https://www.ebay.fr/itm/287478948073?_skw=carte+pokemon+Mega+Dracaufeu+X+ex+023&hash=item42ef14a0e9:g:PlYAAeSwww5qYYSl
2026-07-28 20:08;Pikachu 173/165;eBay;Carte Pokémon Pikachu 173/165 EV3.5 151 Mew FR état NM;65.9;2.99;68.89;78.0;=;11.7;98.62;16.91;?;100%;https://www.ebay.fr/itm/286126019170?_skw=carte+pokemon+Pikachu+173%2F165&hash=item429e709262:g:weYAAOSwyQhnHOVf
2026-07-29 11:33;Evoli ex 174 promo;eBay;Carte Pokémon Evoli Ex 174 Promo EV8.5 Spc Evolutions Prismatiques;29.0;3.47;32.47;38.76;↘️;16.2;49.01;10.17;?;100%;https://www.ebay.fr/itm/398226758321?_skw=carte+pokemon+Evoli+ex+174+promo&hash=item5cb82a1ab1:g:ITYAAeSwVDJqacYE
2026-07-29 15:27;Méga-Amphinobi ex 116/086;eBay;CARTE POKEMON MEGA-AMPHINOBI EX 116/086 ME04 Chaos Ascendant FR ALT NM gradable;220.0;3.47;223.47;268.0;=;16.6;338.85;71.33;?;100%;https://www.ebay.fr/itm/377340021375?_skw=carte+pokemon+M%C3%A9ga-Amphinobi+ex+116%2F086&hash=item57db37ca7f:g:1JUAAeSwMttqVQX~
2026-07-29 21:45;Carapuce 170/165;eBay;Carte Pokémon Carapuce AR 170/165 EV3.5 Ecarlate Et Violet 151 FR Neuf ;85.0;2.78;87.78;102.18;=;14.1;129.19;24.62;?;100%;https://www.ebay.fr/itm/407106721419?_skw=carte+pokemon+Carapuce+170%2F165&hash=item5ec973968b:g:hQIAAeSwdqlqalLw
2026-07-30 03:07;Mega Dragonite ex 246/193;eBay (JP);MEGA Dragonite ex SAR 246/193 MEGA Dream ex M2a Carte Pokemon Japonaise 2025 NM;206.56;0.0;206.56;238.95;↘️;13.6;302.12;56.29;?;100%;https://www.ebay.fr/itm/358860129210?_skw=carte+pokemon+Mega+Dragonite+ex+246%2F193+japonaise&hash=item538dbb03ba:g:xRoAAeSwDF1qaqGa
2026-07-30 20:22;Méga-Dracaufeu Y ex 294/217;eBay;Carte Pokémon Méga-Dracaufeu Y EX Gold 294/217 ME 2.5 Héros Transcendants FRA;330.0;10.54;340.54;393.0;↘️;13.3;496.9;91.76;?;100%;https://www.ebay.fr/itm/128002326496?_skw=carte+pokemon+M%C3%A9ga-Dracaufeu+Y+ex+294%2F217&hash=item1dcd887fe0:g:1BAAAeSwo4NqZmkS
2026-07-30 23:22;Dracaufeu ex 199/165;eBay;Carte Pokémon - Dracaufeu ex 199/165 - 151 - Illustration rare;350.0;2.78;352.78;416.99;↗️;15.4;527.23;105.91;?;100%;https://www.ebay.fr/itm/206382103643?_skw=carte+pokemon+Dracaufeu+ex+199%2F165&hash=item300d54fc5b:g:qWUAAeSwNYtqQuC8
2026-07-31 06:45;Méga-Dracaufeu X ex 125/094;eBay;Carte Pokémon FR Méga-Dracaufeu X ex 125/094 PFL Full Art SAR /Mint;900.0;0.0;900.0;1039.8;↘️;13.4;1314.69;243.78;?;100%;https://www.ebay.fr/itm/398233308547?_skw=carte+pokemon+M%C3%A9ga-Dracaufeu+X+ex+125%2F094&hash=item5cb88e0d83:g:xV4AAeSwfCxqbAzh
2026-07-31 21:55;Dracaufeu ex 199/165;eBay;Carte Pokémon Dracaufeu-ex 199/165 Alternative 151;350.0;8.99;358.99;416.99;=;13.9;527.23;99.7;?;100%;https://www.ebay.fr/itm/800300993333?_skw=carte+pokemon+Dracaufeu+ex+199%2F165&hash=itemba55a80b35:g:mlMAAeSw2MxqWOVz
2026-07-31 23:03;Méga-Dracaufeu Y ex 294/217;eBay;Carte Pokémon Méga-Dracaufeu Y EX Gold 294/217 ME 2.5 Héros Transcendants FRA;330.0;10.54;340.54;393.0;↘️;13.3;496.9;91.76;?;100%;https://www.ebay.fr/itm/128004155232?_skw=carte+pokemon+M%C3%A9ga-Dracaufeu+Y+ex+294%2F217&hash=item1dcda46760:g:1BAAAeSwo4NqZmkS
2026-08-01 00:11;Méga-Gardevoir ex 178/132;eBay;Carte Pokémon Méga-Gardevoir ex 178/132 - ME01 NEUVE FR;200.0;3.47;203.47;269.0;↘️;24.4;340.11;92.43;?;100%;https://www.ebay.fr/itm/358867683223?_skw=carte+pokemon+M%C3%A9ga-Gardevoir+ex+178%2F132&hash=item538e2e4797:g:gVMAAeSwS~JqbQG~
2026-08-01 08:27;Mega Darkrai ex 118/081;eBay (JP);Mega Darkrai ex MUR 118/081 M5 Abyss Eye - Carte Pokemon Japonaise MEGA;555.86;0.0;555.86;817.59;=;32.0;1033.73;343.49;?;100%;https://www.ebay.fr/itm/800059311319?_skw=carte+pokemon+Mega+Darkrai+ex+118%2F081+japonaise&hash=itemba474044d7:g:7lUAAeSwn8tqETUX
2026-08-01 08:27;Mega Darkrai ex 118/081;eBay;Carte Pokemon Mega Darkrai ex MUR 118/081 M5 Abyss Eye Japonaise 2026 NM;650.0;0.0;650.0;817.59;=;20.5;1033.73;249.35;?;100%;https://www.ebay.fr/itm/168473102985?_skw=carte+pokemon+Mega+Darkrai+ex+118%2F081+japonaise&hash=item2739c78a89:g:8RIAAeSwMWtqNQwq
2026-08-01 08:27;Mega Darkrai ex 114/081;eBay (JP);Carte Pokemon Mega Darkrai ex SAR 114/081 M5 Abyss Eye Japonaise NM;308.78;0.0;308.78;377.04;↘️;18.1;476.72;105.96;?;100%;https://www.ebay.fr/itm/158141777880?_skw=carte+pokemon+Mega+Darkrai+ex+114%2F081+japonaise&hash=item24d1fc07d8:g:AkMAAeSwdqlqbYng
2026-08-01 13:45;Charizard ex 201/165 sv2a;eBay (JP);Carte Pokemon Charizard ex SAR 201/165 sv2a 151 Japonaise Écarlate & Violet...;415.12;0.0;415.12;492.81;=;15.8;623.09;126.97;?;100%;https://www.ebay.fr/itm/800442967464?_skw=carte+pokemon+Charizard+ex+201%2F165+sv2a+japonaise&hash=itemba5e1e65a8:g:sKgAAeSw8fBqbdS2
2026-08-02 11:35;Salamèche 168/165;eBay;Carte Pokémon Française - Salamèche A.R 168/165 - EV 3.5 151;120.0;5.0;125.0;190.99;↘️;34.6;241.48;85.09;?;100%;https://www.ebay.fr/itm/377388195940?_skw=carte+pokemon+Salam%C3%A8che+168%2F165&hash=item57de16e064:g:nV0AAeSw3yhqbvbg
2026-08-02 18:43;Méga-Dracaufeu Y ex 294/217;eBay;Carte Pokémon Méga-Dracaufeu Y Ex  Gold 294/217 ME 2.5 Héros Transcendants FR  ;295.0;0.0;295.0;365.0;↘️;19.2;461.49;106.5;?;100%;https://www.ebay.fr/itm/398242105911?_skw=carte+pokemon+M%C3%A9ga-Dracaufeu+Y+ex+294%2F217&hash=item5cb9144a37:g:7UEAAeSwzmFqb210
2026-08-03 10:28;Mega Dragonite ex 246/193;eBay (JP);PSL Mega Dragonite ex SAR 246/193 m2a Carte Pokemon Japonaise Mega Dream ex;205.08;0.0;205.08;266.87;=;23.2;337.42;88.48;?;100%;https://www.ebay.fr/itm/147104624868?_skw=carte+pokemon+Mega+Dragonite+ex+246%2F193+japonaise&hash=item22401e70e4:g:m2sAAeSwIl9pMsWs
2026-08-03 13:59;Méga-Amphinobi ex 116/086;eBay;CARTE POKEMON MEGA-AMPHINOBI EX 116/086 ME04 Chaos Ascendant FR ALT NM;220.0;3.47;223.47;258.33;↘️;13.5;326.62;60.69;?;100%;https://www.ebay.fr/itm/377390922637?_skw=carte+pokemon+M%C3%A9ga-Amphinobi+ex+116%2F086&hash=item57de407b8d:g:P94AAeSw~gZqcHtk
2026-08-04 17:08;Mega Dracaufeu X ex 023;eBay;Carte Pokémon Française - Méga-Dracaufeu X EX MEP 023 - Méga-Évolution Promo;54.99;4.99;59.98;69.96;↘️;14.3;88.46;16.98;?;100%;https://www.ebay.fr/itm/188742466517?_skw=carte+pokemon+Mega+Dracaufeu+X+ex+023&hash=item2bf1ed7bd5:g:fpcAAeSwfRBqce8j
2026-08-04 20:55;Evoli 188/167;eBay;Evoli 188/167 Carte Pokémon Fr Mascarade Crépusculaire;139.0;0.0;139.0;166.66;↘️;16.6;210.72;44.33;?;100%;https://www.ebay.fr/itm/206465489108?_skw=carte+pokemon+Evoli+188%2F167&hash=item30124d58d4:g:xNMAAeSwBEtqciRF
2026-08-05 12:50;Florizarre ex 198/165;eBay;CARTE POKEMON FLORIZARRE EX 198/165 🇫🇷 FR 🇫🇷 MEW 151;130.0;0.0;130.0;151.66;↘️;14.3;191.75;36.83;?;100%;https://www.ebay.fr/itm/137588204354?_skw=carte+pokemon+Florizarre+ex+198%2F165&hash=item2008e56342:g:-swAAeSw-4NqcvbV
2026-08-06 03:08;Mega Darkrai ex 114/081;eBay (JP);Carte Pokemon Mega Darkrai ex SAR 114/081 M5 Abyss Eye Japonaise 2026 NM;243.32;0.0;243.32;388.64;↘️;37.4;491.38;184.18;?;100%;https://www.ebay.fr/itm/147329558030?_skw=carte+pokemon+Mega+Darkrai+ex+114%2F081+japonaise&hash=item224d86a60e:g:akoAAeSwBfhqIjjk
2026-08-07 02:19;Evoli ex 167/131;eBay;CARTE POKEMON ÉVOLI EX 167/131 FR SECRETE EVOLUTIONS PRISMATIQUES - NM/M;159.9;0.0;159.9;191.67;=;16.6;242.34;50.94;?;100%;https://www.ebay.fr/itm/227314729185?_skw=carte+pokemon+Evoli+ex+167%2F131&hash=item34ed0380e1:g:s4oAAeSwAKZp6xgr
2026-08-07 02:19;Bulbizarre 166/165;eBay;Carte Pokémon Bulbizarre 166/165 AR EV3.5 FR Écarlate Et Violet 🇫🇷 Série 151;65.0;0.0;65.0;81.67;↘️;20.4;103.26;24.84;?;100%;https://www.ebay.fr/itm/137588199688?_skw=carte+pokemon+Bulbizarre+166%2F165&hash=item2008e55108:g:BQoAAeSwUKRqcvX~
2026-08-07 05:21;Blastoise ex 202/165 sv2a;eBay (JP);Carte Pokemon Japonaise Blastoise ex 202/165 151 SV2a SAR 2023 #C877;145.02;0.0;145.02;165.12;=;12.2;208.77;36.61;?;100%;https://www.ebay.fr/itm/407122494163?_skw=carte+pokemon+Blastoise+ex+202%2F165+sv2a+japonaise&hash=item5eca6442d3:g:8JcAAeSwxUxqc0zo
2026-08-08 07:15;Mega Darkrai ex 114/081;eBay (JP);Carte Pokemon Mega Darkrai ex SAR 114/081 Japonaise;346.06;5.4;351.46;402.21;=;12.6;508.54;90.97;?;100%;https://www.ebay.fr/itm/366526237703?_skw=carte+pokemon+Mega+Darkrai+ex+114%2F081+japonaise&hash=item5556aa8c07:g:WnAAAeSwqYlqS5dA
2026-08-08 07:15;Mega Darkrai ex 114/081;eBay (JP);Mega Darkrai ex SAR 114/081 M5 Abyss Eye - Carte Pokemon Japonaise MEGA;360.56;0.0;360.56;402.21;=;10.4;508.54;81.87;?;100%;https://www.ebay.fr/itm/800059310011?_skw=carte+pokemon+Mega+Darkrai+ex+114%2F081+japonaise&hash=itemba47403fbb:g:3S4AAeSw1rlqETTv
2026-08-08 22:50;Mega Darkrai ex 114/081;eBay (JP);Carte Pokemon Mega Darkrai ex SAR 114/081 M5 Abyss Eye Japonaise 2026 NM;268.72;0.0;268.72;385.14;↘️;30.2;486.96;154.93;?;100%;https://www.ebay.fr/itm/358901867544?_skw=carte+pokemon+Mega+Darkrai+ex+114%2F081+japonaise&hash=item539037e418:g:H6YAAeSwvl9qd5I9
2026-08-08 22:50;Mega Dragonite ex 246/193;eBay (JP);MEGA Dragonite ex SAR 246/193 MEGA Dream ex M2a Carte Pokemon Japonaise 2025 NM;220.06;0.0;220.06;261.38;↘️;15.8;330.48;67.46;?;100%;https://www.ebay.fr/itm/358901860729?_skw=carte+pokemon+Mega+Dragonite+ex+246%2F193+japonaise&hash=item539037c979:g:9h4AAeSwIVVqd5GB
2026-08-10 01:02;Mega Darkrai ex 114/081;eBay (JP);Carte Pokemon Mega Darkrai ex SAR 114/081 M5 Abyss Eye Japonaise 2026 NM Holo;231.41;0.0;231.41;321.01;↘️;27.9;405.87;121.7;?;100%;https://www.ebay.fr/itm/236996413058?_skw=carte+pokemon+Mega+Darkrai+ex+114%2F081+japonaise&hash=item372e164682:g:mhcAAeSwB7tqeQJ6
2026-08-10 13:25;Tortank ex 200/165;eBay;Carte Pokémon Tortank ex SAR 200/165 - Écarlate et Violet 151 (MEW) - FR - Mint;150.0;3.47;153.47;171.66;=;10.6;217.04;35.36;?;100%;https://www.ebay.fr/itm/407132016210?_skw=carte+pokemon+Tortank+ex+200%2F165&hash=item5ecaf58e52:g:JDQAAeSwJoxqeNmU
2026-08-12 01:05;Méga-Dracaufeu Y ex 294/217;eBay;Carte Pokémon Méga-Dracaufeu Y Ex  Gold 294/217 ME 2.5 Héros Transcendants FR  ;305.0;2.78;307.78;356.33;↘️;13.6;450.53;84.18;?;100%;https://www.ebay.fr/itm/237000233915?_skw=carte+pokemon+M%C3%A9ga-Dracaufeu+Y+ex+294%2F217&hash=item372e5093bb:g:Z5YAAeSwplVqOnAL
2026-08-12 02:02;Méga-Dracaufeu Y ex 294/217;eBay;Carte Pokémon Méga-Dracaufeu Y Ex  Gold 294/217 ME 2.5 Héros Transcendants FR  ;305.0;2.78;307.78;356.33;↘️;13.6;450.53;84.18;?;100%;https://www.ebay.fr/itm/237000233915?_skw=carte+pokemon+M%C3%A9ga-Dracaufeu+Y+ex+294%2F217&hash=item372e5093bb:g:Z5YAAeSwplVqOnAL
2026-08-12 04:04;Mega Darkrai ex 114/081;eBay (JP);Carte Pokemon Mega Darkrai ex SAR 114/081 M5 Abyss Eye Japonaise;207.97;0.0;207.97;275.97;↘️;24.6;348.93;95.6;?;100%;https://www.ebay.fr/itm/137610918703?_skw=carte+pokemon+Mega+Darkrai+ex+114%2F081+japonaise&hash=item200a3ffb2f:g:6sMAAeSwUp5qe8MX
2026-08-12 04:04;Mega Dragonite ex 246/193;eBay (JP);Carte Pokemon MEGA Dragonite ex SAR 246/193 MEGA Dream ex M2a Japonaise 2025;197.58;0.0;197.58;224.79;↘️;12.1;284.22;49.69;?;100%;https://www.ebay.fr/itm/137611089710?_skw=carte+pokemon+Mega+Dragonite+ex+246%2F193+japonaise&hash=item200a42972e:i:137611089710
2026-08-12 06:17;Mega Darkrai ex 114/081;eBay (JP);Carte Pokemon Mega Darkrai ex SAR 114/081 M5 Abyss Eye Japonaise;207.97;0.0;207.97;275.97;↘️;24.6;348.93;95.6;?;100%;https://www.ebay.fr/itm/137610918703?_skw=carte+pokemon+Mega+Darkrai+ex+114%2F081+japonaise&hash=item200a3ffb2f:g:6sMAAeSwUp5qe8MX
2026-08-12 06:17;Mega Dragonite ex 246/193;eBay (JP);Carte Pokemon MEGA Dragonite ex SAR 246/193 MEGA Dream ex M2a Japonaise 2025;197.58;0.0;197.58;224.79;↘️;12.1;284.22;49.69;?;100%;https://www.ebay.fr/itm/137611089710?_skw=carte+pokemon+Mega+Dragonite+ex+246%2F193+japonaise&hash=item200a42972e:g:2EgAAeSw1~lqe9Fi
2026-08-12 13:46;Méga-Lucario ex 179/132;eBay;Pokémon JCC Méga-Lucario EX alternative179/132 340 PV Français Holo Combat Carte;210.0;3.47;213.47;241.66;↗️;11.7;305.55;52.36;?;100%;https://www.ebay.fr/itm/366600815480?_skw=carte+pokemon+M%C3%A9ga-Lucario+ex+179%2F132&hash=item555b1c8378:g:-8wAAeSwY5dqfFdJ
2026-08-12 14:36;Evoli ex 167/131;eBay;Carte Pokémon Evoli EX 167/131 Ecarlate et Violet Evolutions Prismatiques FR ;195.0;0.0;195.0;325.28;↗️;40.1;411.27;162.81;?;100%;https://www.ebay.fr/itm/205826544616?_skw=carte+pokemon+Evoli+ex+167%2F131&hash=item2fec37d3e8:g:vpUAAeSwtmdpClxd
2026-08-12 14:36;Evoli ex 167/131;eBay;CARTE POKEMON EVOLI EX PRE 167 / 131;200.0;2.5;202.5;325.28;↗️;37.7;411.27;155.31;?;100%;https://www.ebay.fr/itm/178107366401?_skw=carte+pokemon+Evoli+ex+167%2F131&hash=item297806bc01:g:9lQAAeSwPN5p-eq7
2026-08-12 14:36;Evoli ex 167/131;eBay;Evoli ex 167/131 - Carte Pokemon Alternative - PRE FR - VF - NM / Neuve;200.0;8.0;208.0;325.28;↗️;36.1;411.27;149.81;?;100%;https://www.ebay.fr/itm/298421455858?_skw=carte+pokemon+Evoli+ex+167%2F131&hash=item457b4e0bf2:g:T-MAAeSwlXdo6~dR
2026-08-12 14:36;Evoli ex 167/131;eBay;Carte Pokémon - Évoli ex 167/131 Évolutions Prismatiques - Neuf FR;250.0;0.0;250.0;325.28;↗️;23.1;411.27;107.81;?;100%;https://www.ebay.fr/itm/205436025610?_skw=carte+pokemon+Evoli+ex+167%2F131&hash=item2fd4f0fb0a:g:yDEAAeSw6rVoBNfT
2026-08-12 16:09;Méga-Lucario ex 179/132;eBay;Carte Pokémon Méga-Lucario ex ISR 179/132 - Méga-Évolution (MEG) - FR - Mint;230.0;1.99;231.99;296.67;↗️;21.8;375.1;94.35;?;100%;https://www.ebay.fr/itm/318687539331?_skw=carte+pokemon+M%C3%A9ga-Lucario+ex+179%2F132&hash=item4a3341f083:g:j9UAAeSw5ctqdKhR
2026-08-12 16:09;Méga-Lucario ex 179/132;eBay;Méga-Lucario ex 179/132 - Carte Pokemon Alternative - MEG FR NM / Neuve;245.0;0.0;245.0;296.67;↗️;17.4;375.1;81.34;?;100%;https://www.ebay.fr/itm/136708265086?_skw=carte+pokemon+M%C3%A9ga-Lucario+ex+179%2F132&hash=item1fd472947e:g:urwAAeSwXp5pC5LR
2026-08-12 16:09;Méga-Lucario ex 179/132;eBay;Méga-Lucario Ex Alt 179/132 MEGfr Carte Pokémon Extension Méga-Évolution;249.99;0.0;249.99;296.67;↗️;15.7;375.1;76.35;?;100%;https://www.ebay.fr/itm/365901665620?_skw=carte+pokemon+M%C3%A9ga-Lucario+ex+179%2F132&hash=item5531705554:g:Gc4AAeSwCPFo4P5a
2026-08-12 16:09;Méga-Lucario ex 179/132;eBay;Carte Pokémon Méga-Lucario ex 179/132 Méga-évolution FR;255.0;0.0;255.0;296.67;↗️;14.0;375.1;71.34;?;100%;https://www.ebay.fr/itm/800189107281?_skw=carte+pokemon+M%C3%A9ga-Lucario+ex+179%2F132&hash=itemba4efccc51:g:xvcAAeSwOgVqMRO6
2026-08-12 17:17;Bulbizarre 166/165;eBay;Carte Pokémon Bulbizarre 166/165 AR EV3.5 FR Écarlate Et Violet 🇫🇷 Série 151;65.0;0.0;65.0;81.67;=;20.4;103.26;24.84;?;100%;https://www.ebay.fr/itm/137613247055?_skw=carte+pokemon+Bulbizarre+166%2F165&hash=item200a63824f:g:BQoAAeSwUKRqcvX~
2026-08-12 22:13;Méga-Dracaufeu X ex 125/094;eBay;Carte Pokémon Méga-Dracaufeu X EX 125/094 FR — Flammes Fantasmagoriques;600.0;2.78;602.78;916.67;↘️;34.2;1159.01;405.56;?;100%;https://www.ebay.fr/itm/407139701753?_skw=carte+pokemon+M%C3%A9ga-Dracaufeu+X+ex+125%2F094&hash=item5ecb6ad3f9:g:gJ0AAeSwXudqfMfI
2026-08-13 18:55;Méga-Lucario ex 179/132;eBay;Carte Pokémon : Méga-Lucario ex 179/132 Française neuve;180.0;3.47;183.47;296.67;↘️;38.2;375.1;142.87;?;100%;https://www.ebay.fr/itm/227474375789?_skw=carte+pokemon+M%C3%A9ga-Lucario+ex+179%2F132&hash=item34f687846d:g:a5kAAeSwjRtqfeNu
2026-08-13 18:55;Méga-Amphinobi ex 116/086;eBay;Carte Pokémon : Méga-Amphinobi ex 116/086 Française neuve;200.0;3.47;203.47;285.13;=;28.6;360.51;110.17;?;100%;https://www.ebay.fr/itm/227474387133?_skw=carte+pokemon+M%C3%A9ga-Amphinobi+ex+116%2F086&hash=item34f687b0bd:g:rEQAAeSw~uRqfeR5
2026-08-15 15:11;Tortank ex 200/165;eBay;Carte Pokémon Française - Tortank EX ALT 200/165 - EV3.5 151;159.99;4.99;164.98;193.0;↘️;14.5;244.02;47.32;?;100%;https://www.ebay.fr/itm/188650603307?_skw=carte+pokemon+Tortank+ex+200%2F165&hash=item2bec73c32b:g:kqkAAeSwzDRqWRuJ
2026-08-16 08:04;Mega Darkrai ex 114/081;eBay (JP);Carte Pokemon Mega Darkrai ex SAR 114/081 M5 Abyss Eye Japonaise 2026 Holo NM;209.64;0.0;209.64;255.19;↗️;17.8;322.65;71.07;?;100%;https://www.ebay.fr/itm/820003039953?_skw=carte+pokemon+Mega+Darkrai+ex+114%2F081+japonaise&hash=itembeebfd6ad1:g:3fMAAeSwcflqf6QW
2026-08-17 11:11;Méga-Dracaufeu X ex 125/094;eBay;Pokémon JCC Carte Méga-Dracaufeu X EX 125/094 Français PV 360;700.0;2.78;702.78;916.67;↘️;23.3;1159.01;305.56;?;100%;https://www.ebay.fr/itm/237008323472?_skw=carte+pokemon+M%C3%A9ga-Dracaufeu+X+ex+125%2F094&hash=item372ecc0390:g:P7wAAeSw4PZqgMsD
2026-08-19 18:59;Mega Darkrai ex 114/081;eBay (JP);Carte Pokemon Mega Darkrai ex SAR 114/081 M5 Abyss Eye Japonaise 2026 NM;219.71;0.0;219.71;271.2;↘️;19.0;342.9;78.61;?;100%;https://www.ebay.fr/itm/377432858223?_skw=carte+pokemon+Mega+Darkrai+ex+114%2F081+japonaise&hash=item57e0c05e6f:g:9V4AAeSwWOBqhd5T
2026-08-20 16:23;Tortank ex 200/165;eBay;Carte Pokémon Tortank ex 200/165 - Écarlate et Violet 151 EV3.5 - FR - Occasion;140.0;0.0;140.0;179.66;↘️;22.1;227.16;57.63;?;100%;https://www.ebay.fr/itm/318759195361?_skw=carte+pokemon+Tortank+ex+200%2F165&hash=item4a378752e1:g:Gv0AAeSwRAVqhwjE
2026-08-22 12:26;Dracaufeu ex 199/165;eBay;Pokémon JCC Dracaufeu ex 199/165 MEW Holo FR PV 330 Carte Feu EX;290.0;3.47;293.47;383.33;↗️;23.4;484.67;128.19;?;100%;https://www.ebay.fr/itm/377440327412?_skw=carte+pokemon+Dracaufeu+ex+199%2F165&hash=item57e13256f4:g:g-cAAeSwUjRqiXIy
2026-08-22 12:57;Dracaufeu ex 199/165;eBay;carte pokemon dracaufeu 199/165;400.0;0.0;400.0;445.0;↗️;10.1;562.64;89.5;?;100%;https://www.ebay.fr/itm/336747191580?_skw=carte+pokemon+Dracaufeu+ex+199%2F165&hash=item4e67b25d1c:g:V7YAAeSw9XJqgyIy
2026-08-23 10:46;Psyduck 199/193;eBay;Psykokwak / Psyduck 199/193 - Carte Pokémon AR - M2A Jap - Excellent;20.0;3.0;23.0;50.0;=;0.0;0.0;0.0;?;100%;https://www.ebay.fr/itm/298569252532?_skw=carte+pokemon+Psyduck+199%2F193+japonaise&hash=item45841d3eb4:g:h50AAeSwOwdqdxF5
2026-08-23 10:46;Psyduck 199/193;eBay (JP);Carte Pokemon Psyduck AR 199/193 m2a Voyage Japonais Ensemble;37.22;0.0;37.22;50.0;=;0.0;0.0;0.0;?;100%;https://www.ebay.fr/itm/336554278880?_skw=carte+pokemon+Psyduck+199%2F193+japonaise&hash=item4e5c32bfe0:g:~DYAAeSw8Ghp7ekb
2026-08-23 10:46;Psykokwak 199/193;eBay;Psykokwak / Psyduck 199/193 - Carte Pokémon AR - M2A Jap - Excellent;20.0;3.0;23.0;50.0;=;0.0;0.0;0.0;?;100%;https://www.ebay.fr/itm/298569252532?_skw=carte+pokemon+Psykokwak+199%2F193+japonaise&hash=item45841d3eb4:g:h50AAeSwOwdqdxF5
2026-08-23 10:46;Plumeline ex MEP 024;eBay;Carte Pokemon PLUMELINE EX Flammes Fantasmagoriques - ALT PFL FR MEP 024 - Neuf;49.98;0.0;49.98;50.0;=;0.0;0.0;0.0;?;100%;https://www.ebay.fr/itm/298529683374?_skw=carte+pokemon+Plumeline+ex+MEP+024&hash=item4581c177ae:g:Q18AAeSwcUpqYzYn
2026-08-23 10:46;Plumeline ex MEP 024;eBay;Carte Pokémon : Plumeline EX MEP 024 Promo Méga Evolution Française NEUF;39.99;0.0;39.99;50.0;=;0.0;0.0;0.0;?;100%;https://www.ebay.fr/itm/236613800292?_skw=carte+pokemon+Plumeline+ex+MEP+024&hash=item3717481164:g:xzYAAeSwjdlpgKHq
2026-08-23 10:46;Plumeline ex MEP 024;eBay;Carte Pokémon : Plumeline EX MEP 024 Promo Méga Evolution Fr neuf (Mint);39.9;2.9;42.8;50.0;=;0.0;0.0;0.0;?;100%;https://www.ebay.fr/itm/407151645198?_skw=carte+pokemon+Plumeline+ex+MEP+024&hash=item5ecc21120e:g:npUAAeSwja9qg0j1
2026-08-23 10:46;Plumeline ex MEP 024;eBay;Carte Pokemon PLUMELINE MEP 024 Full Art Alternate FA EX PROMO FR NEUF;49.9;0.0;49.9;50.0;=;0.0;0.0;0.0;?;100%;https://www.ebay.fr/itm/257270243114?_skw=carte+pokemon+Plumeline+ex+MEP+024&hash=item3be6805f2a:g:OusAAeSwa5ppSCTX
2026-08-23 10:46;Plumeline ex MEP 024;eBay;Carte Pokémon Plumeline ex MEP 024 Promo Méga-Evolution FR Neuf;44.9;2.5;47.4;50.0;=;0.0;0.0;0.0;?;100%;https://www.ebay.fr/itm/407143916068?_skw=carte+pokemon+Plumeline+ex+MEP+024&hash=item5ecbab2224:g:QEQAAeSwFONqLJD3
2026-08-23 10:46;Plumeline ex MEP 024;eBay;Carte Pokémon Plumeline Ex MEP FR 024 Promo Upc ME02 Flammes Fantasmagoriques Fr;44.9;2.99;47.89;50.0;=;0.0;0.0;0.0;?;100%;https://www.ebay.fr/itm/407143934792?_skw=carte+pokemon+Plumeline+ex+MEP+024&hash=item5ecbab6b48:g:hO0AAeSwOcNpi0tp
2026-08-23 10:46;151;eBay;Carte Pokémon JAPONAISE Charmeleon AR 169/165 SV2a Carte Pokémon 151 - NM;21.0;2.5;23.5;500.0;=;0.0;0.0;0.0;?;100%;https://www.ebay.fr/itm/358791717881?_skw=carte+pokemon+151+japonaise&hash=item5389a723f9:g:nhkAAeSwYlFqVSv4
2026-08-23 10:46;151;eBay;Giovanni's Charisma SR 197/165 SV2a Carte Pokémon 151 - Carte Pokemon Japonaise;5.0;1.7;6.7;500.0;=;0.0;0.0;0.0;?;100%;https://www.ebay.fr/itm/287413400536?_skw=carte+pokemon+151+japonaise&hash=item42eb2c73d8:g:omEAAeSw6MZqOmLD
2026-08-23 10:46;151;eBay;Caterpie AR 172/165 Sv2a Carte Pokémon 151 Carte Pokemon Japonaise NM;5.0;1.99;6.99;500.0;=;0.0;0.0;0.0;?;100%;https://www.ebay.fr/itm/147315290154?_skw=carte+pokemon+151+japonaise&hash=item224cacf02a:g:Ba8AAeSwiwRqCeev
2026-08-23 10:46;151;eBay;Carte Pokémon Japonaise – Machoke AR 177/165 SV2a Pokémon 151 NM;12.0;0.0;12.0;500.0;=;0.0;0.0;0.0;?;100%;https://www.ebay.fr/itm/820031044784?_skw=carte+pokemon+151+japonaise&hash=itembeeda8bcb0:g:PhYAAeSw6RlqiEPB
2026-08-23 10:46;151;eBay;Carte Pokémon Japonaise – Machoke AR 177/165 SV2a Pokémon 151;19.9;2.3;22.2;500.0;=;0.0;0.0;0.0;?;100%;https://www.ebay.fr/itm/178245724702?_skw=carte+pokemon+151+japonaise&hash=item298045ea1e:g:GBEAAeSw2bRqOJeB
2026-08-23 10:46;151;eBay;Carte Pokémon Japonaise – Machoke AR 177/165 SV2a Pokémon 151;14.0;3.5;17.5;500.0;=;0.0;0.0;0.0;?;100%;https://www.ebay.fr/itm/227462095222?_skw=carte+pokemon+151+japonaise&hash=item34f5cc2176:g:sScAAeSwDB5qcirn
2026-08-23 10:46;151;eBay;Arbok ex RR 024/165 SV2a Carte Pokémon 151 - Carte Pokemon Japonaise;1.7;0.0;1.7;500.0;=;0.0;0.0;0.0;?;100%;https://www.ebay.fr/itm/157606281806?_skw=carte+pokemon+151+japonaise&hash=item24b211024e:g:kC0AAeSwfllpY3hi
2026-08-23 10:46;151;eBay;Carte Pokémon Japonaise – Zapdos ex SAR 204/165 SV2a Pokémon 151;164.9;4.9;169.8;500.0;=;0.0;0.0;0.0;?;100%;https://www.ebay.fr/itm/178245752601?_skw=carte+pokemon+151+japonaise&hash=item2980465719:g:B-8AAeSwZUtpvgqa
2026-08-23 10:46;151;eBay;Carte Pokémon Draco 182/165 AR 151 SV2a Japanese NM ;19.99;4.0;23.99;500.0;=;0.0;0.0;0.0;?;100%;https://www.ebay.fr/itm/137632210986?_skw=carte+pokemon+151+japonaise&hash=item200b84e02a:g:nY0AAeSwddFqgyxb
2026-08-23 10:46;151;eBay;Wartortle 008/165 UC Carte Pokemon Japonaise Carte Pokemon 151 SV2a;1.5;0.0;1.5;500.0;=;0.0;0.0;0.0;?;100%;https://www.ebay.fr/itm/158070371737?_skw=carte+pokemon+151+japonaise&hash=item24cdba7599:g:hKcAAeSwfQ9qT8mY
2026-08-23 10:46;151;eBay;Charisme de Giovanni 207/165 SAR SV2A Pokémon 151 – Carte Pokémon JCC Japonaise ;29.99;2.99;32.98;500.0;=;0.0;0.0;0.0;?;100%;https://www.ebay.fr/itm/178210721139?_skw=carte+pokemon+151+japonaise&hash=item297e2fcd73:g:rzsAAeSw4vdqKbwg
2026-08-23 10:46;151;eBay (JP);Carte Pokemon Blastoise ex SAR 202/165 SV2a 151 Violet Écarlate Japonaise NM ...;205.55;0.0;205.55;500.0;=;0.0;0.0;0.0;?;100%;https://www.ebay.fr/itm/800205123299?_skw=carte+pokemon+151+japonaise&hash=itemba4ff12ee3:g:f8YAAeSwxMFpNVUk
2026-08-23 10:46;151;eBay;Carte Pokemon Dracaufeu Charizard  006/165 RR sv2a Card 151 Japonaise Neuf ;4.5;2.0;6.5;500.0;=;0.0;0.0;0.0;?;100%;https://www.ebay.fr/itm/366320084310?_skw=carte+pokemon+151+japonaise&hash=item554a60e556:g:tI0AAeSwTP1pzTfR
2026-08-23 10:46;151;eBay;carte pokemon salamèche 151 169/165 Japonaise;40.0;2.0;42.0;500.0;=;0.0;0.0;0.0;?;100%;https://www.ebay.fr/itm/137631069341?_skw=carte+pokemon+151+japonaise&hash=item200b73749d:g:UH8AAeSwhDJqgs9B
2026-08-23 10:46;151;eBay;Carte Pokémon Japonaise – Nidoking AR 174/165 SV2a Pokémon 151 NM;14.9;2.3;17.2;500.0;=;0.0;0.0;0.0;?;100%;https://www.ebay.fr/itm/178245742637?_skw=carte+pokemon+151+japonaise&hash=item298046302d:g:neAAAeSwWtdqOJRL
2026-08-23 10:46;151;eBay (JP);Giovanni's Charisma SR 197/165 SV2a Carte Pokémon 151 - Carte Pokemon Japonaise;8.71;3.6;12.31;500.0;=;0.0;0.0;0.0;?;100%;https://www.ebay.fr/itm/388876588188?_skw=carte+pokemon+151+japonaise&hash=item5a8ad9d49c:g:AagAAeSw4lZpORDT
2026-08-23 10:46;151;eBay;Carte Pokémon Charmeleon 169/165 AR – Pokémon Card 151 SV2a – Japonais – CCC 8.5;51.99;5.0;56.99;500.0;=;0.0;0.0;0.0;?;100%;https://www.ebay.fr/itm/298229463625?_skw=carte+pokemon+151+japonaise&hash=item456fdc7a49:g:Bc0AAeSwnKJp35x-&amdata=enc%3AAQALAAABAACCtXRWQnOEpyOqnQQ8KGYNT61lg872BbgZnyUNKJoXJZI%2FjnBUS%2BBjvcRb1dTGcUXM6JjYWvdBhGgEhOncWznPFS8vqKmoJJirwDLgg6toY%2FrJIZpy15KOYI3Uj6iMoCuDq42Olr7TEnm%2BbjcFS2ploTjwfwUtOa4qlMqfUq5wipF6wPQmVLZEKcVrDwzFIzkPIrBAfTn5Kw8uA5LOD4gsQJod4b5k2jyqMw7U4jklxhRY%2FxbhrpcXZFGC5Wxj%2F9MpWN9UPtm0winVPW6hCPc7scCSSLGCuH8KQ5utk3mYwoA4IIeUQ5bLtzE7mlDSh1qxD%2BCWczRjBcMFtk9wCBk%3D
2026-08-23 10:46;151;eBay;Giovanni's Charisma 207/165 - Carte Pokémon 151 SV2A (Japonais);26.0;2.5;28.5;500.0;=;0.0;0.0;0.0;?;100%;https://www.ebay.fr/itm/357083599927?_skw=carte+pokemon+151+japonaise&hash=item5323d75437:g:y6oAAOSwo9doSYN-
2026-08-23 10:46;151;eBay;Jynx ex SR 193/165 SV2a Carte Pokémon 151 - Carte Pokemon Japonaise;9.0;2.5;11.5;500.0;=;0.0;0.0;0.0;?;100%;https://www.ebay.fr/itm/358791449413?_skw=carte+pokemon+151+japonaise&hash=item5389a30b45:g:ooAAAeSw24RqVRbp
2026-08-23 10:46;151;eBay (JP);Pokemon UR 209/165 SV2a Carte Pokémon 151 - Carte Pokemon Japonaise;14.68;3.6;18.28;500.0;=;0.0;0.0;0.0;?;100%;https://www.ebay.fr/itm/388876691594?_skw=carte+pokemon+151+japonaise&hash=item5a8adb688a:g:lhsAAeSwBjtpORLK
2026-08-23 10:46;151;eBay (JP);Carte Pokémon Nidoking AR 174/165 SV2a 151 - Carte Pokemon Japonaise;12.94;3.6;16.54;500.0;=;0.0;0.0;0.0;?;100%;https://www.ebay.fr/itm/388876649001?_skw=carte+pokemon+151+japonaise&hash=item5a8adac229:g:U~0AAeSwlfxpOQ~Y
2026-08-23 10:46;151;eBay;Carte Pokémon Bulbizarre 166/165 - Écarlate & Violet 151 French FR NM+;89.5;0.0;89.5;500.0;=;0.0;0.0;0.0;?;100%;https://www.ebay.fr/itm/287538296551?_skw=carte+pokemon+151&hash=item42f29e36e7:g:X~8AAeSw9KNqiFfk
2026-08-23 10:46;151;eBay;Carte Pokémon : Amonita 180/165 MEW Ecarlate Violet 151 Française;18.0;2.2;20.2;500.0;=;0.0;0.0;0.0;?;100%;https://www.ebay.fr/itm/358905169025?_skw=carte+pokemon+151&hash=item53906a4481:g:4BUAAeSwoTxqeLs1&amdata=enc%3AAQALAAAA8ACCtXRWQnOEpyOqnQQ8KGYKeHU%2FM5gtkJBLvgjBuFxtzp4V0nQOHbwSf7dtQC7AIvHt073bw0i3I%2Bs%2FrmuTt0teqDUYMk0%2BULAXlSvLVgA4XyCdvy5smIgVSTARn%2F5JO6n9cNZ99uIgPQ0GkzT7angTx4w3i5Wpqt20i1nX8%2B4XiQ6ZANt%2BThDas7GR4gt38cFduYWwvgM8ClGqYnVsJ95HDGEFnmOv5ctUnv422R7TmGI8GuRrUuM5B1%2F9ALAx46Jd%2BhoEcF63o5YkzUhDTaEZJmFBAV4CrqF5QuQyp6degQ8YTi3ZSDlHLh812p0dNQ%3D%3D
2026-08-23 10:46;151;eBay;Carte Pokémon Tortank EX 184/165  EV3.5 151 FR;50.0;3.1;53.1;500.0;=;0.0;0.0;0.0;?;100%;https://www.ebay.fr/itm/800546057523?_skw=carte+pokemon+151&hash=itemba64436d33:g:vzEAAeSwNhhqiFh9
2026-08-23 10:46;151;eBay;Carte Pokémon Feunard EX 038/165  Ecarlate & Violet Pokémon 151 French FR NM;6.99;0.0;6.99;500.0;=;0.0;0.0;0.0;?;100%;https://www.ebay.fr/itm/287538241464?_skw=carte+pokemon+151&hash=item42f29d5fb8:g:6AYAAeSwF-ZqiFH7
2026-08-23 10:46;151;eBay;Carte Pokemon DRACAUFEU EX - FA EV3.5 MEW FR 151 - 183/165 - Neuf FR;75.0;3.47;78.47;500.0;=;0.0;0.0;0.0;?;100%;https://www.ebay.fr/itm/366620643914?_skw=carte+pokemon+151&hash=item555c4b124a:g:8ngAAeSw2G9qiFud
2026-08-23 10:46;151;eBay;Carte Pokémon Dracaufeu EX 006/165 -  151 EV3.5  Ecarlate & Violet;30.0;3.1;33.1;500.0;=;0.0;0.0;0.0;?;100%;https://www.ebay.fr/itm/800546077115?_skw=carte+pokemon+151&hash=itemba6443b9bb:g:KxUAAeSw7dJqiFey
2026-08-23 10:46;151;eBay;✨Carte pokemon 151 Hyper Rare 205/165 + Cadeau 🎁✨;50.0;0.0;50.0;500.0;=;0.0;0.0;0.0;?;100%;https://www.ebay.fr/itm/800227636496?_skw=carte+pokemon+151&hash=itemba5148b510:g:H-YAAeSwe9ZqhesA&amdata=enc%3AAQALAAAA8ACCtXRWQnOEpyOqnQQ8KGZl2ul0sHuqRpx6t%2BcK4bUHzCeTnqhBAWcdqB4pJPz9peTkKflpcBEQJsGLhI924Vl3%2BkCoqNDl3OmShY7HvUULk948aX5vkSkV92jGitS3LKAc5Rh3EXJ7LrQdaLkSIhyakg%2BqzTEax%2FVnvIJ%2BbOWFcG%2BmwRDv%2BIx6Cj36H%2FH6wxiTDCFG%2BO14h9%2BD0DSNMp0IsI6aS3rh6S2KD6z3VVCdsO5gvonezn2nV5hCLSsaDCj%2BuB9G7SIJH0Kc%2FVRzuUJiQlSC1YZaDlLS11TlKnj8mIEUNLlGCJwgi9OO4ydUjw%3D%3D
2026-08-23 10:46;151;eBay;Carte Pokémon Charisme De Giovanni 204/165 Alternative FA Pokemon 151 EV3.5 NEUF;32.85;0.0;32.85;500.0;=;0.0;0.0;0.0;?;100%;https://www.ebay.fr/itm/358896427682?_skw=carte+pokemon+151&hash=item538fe4e2a2:g:zGUAAeSwLxRqdeLA&amdata=enc%3AAQALAAAA8ACCtXRWQnOEpyOqnQQ8KGb9GRPBWTA9OHVSZmeHuBQPpwpbebUyuJg1wG7mgfAsOLRaDX2WwojI5mLyvXoCIaojpfyDYvFBl%2ByhNfMQ66wHEcAuAtybvlDryt3iWlAvW52GOe%2By5XTmJiBKN77hlPzatOuddQyQQp4y7qG8xT9DiPTO0%2FI5ztgAqadSr76EfxeerT3k7VMnoQDGcZVQ2%2BI36qRq9aUR%2FD4Ztan2GiO9%2BDW0xqXfFb%2FZgajH9RaoS7V5d9NL0X7YpBiHRuW37SE0ZiiOs4KifGiit4c1lYEMolyTXH4Xw9lztoTbCLSNCA%3D%3D
2026-08-23 10:46;151;eBay;Invitation d’Erika 203/165 🇫🇷 Carte Pokémon EV3.5 151 EV03.5 SAR ALT NM TCG;45.0;5.0;50.0;500.0;=;0.0;0.0;0.0;?;100%;https://www.ebay.fr/itm/158194939778?_skw=carte+pokemon+151&hash=item24d5273782:g:E98AAeSwbjtqgeIW
2026-08-23 10:46;151;eBay;Carte Pokémon : Chenipan FA Alternate 2023 Pokémon 151 Édition 172/165 NM 🇫🇷;25.0;3.47;28.47;500.0;=;0.0;0.0;0.0;?;100%;https://www.ebay.fr/itm/298607616883?_skw=carte+pokemon+151&hash=item458666a373:g:6X4AAeSwmmZqiLSx
2026-08-23 10:46;151;eBay;💧 Carte Pokémon Carapuce AR 170/165 Ecarlate Et Violet 151 FR ;91.9;3.9;95.8;500.0;=;0.0;0.0;0.0;?;100%;https://www.ebay.fr/itm/407131584240?_skw=carte+pokemon+151&hash=item5ecaeef6f0:g:CvkAAeSwMk1qeJth
2026-08-23 10:46;151;eBay;Carte Pokémon Tortank EX 009/165 MEW 151 Pokémon 151 FR NEUF (port groupé);2.9;2.02;4.92;500.0;=;0.0;0.0;0.0;?;100%;https://www.ebay.fr/itm/227406793947?_skw=carte+pokemon+151&hash=item34f2804cdb:g:ChYAAOSwFP9oC-gn
2026-08-23 10:46;151;eBay;Carte Pokémon Française - Carabaffe A.R 171/165 - EV 3.5 151;130.0;1.99;131.99;500.0;=;0.0;0.0;0.0;?;100%;https://www.ebay.fr/itm/298607614196?_skw=carte+pokemon+151&hash=item45866698f4:g:ogMAAeSwRAVqiLPG
2026-08-23 10:46;151;eBay;Carte Pokemon DRACAUFEU 006/165 EX Ultra Rare EV3.5 MEW 151 FR NEUF;24.9;0.0;24.9;500.0;=;0.0;0.0;0.0;?;100%;https://www.ebay.fr/itm/266430224904?_skw=carte+pokemon+151&hash=item3e087a9a08:g:Cg8AAOSwz8xlFXtv&amdata=enc%3AAQALAAAA8ACCtXRWQnOEpyOqnQQ8KGaDByo89sxathMwApAg8JLFfOqhsNY6ZKKyBFoR3OPsi307%2BppHtc6m5iURUsqglurofQ0aZpPvTV3IfL1KjGYvZ0lIy7dH4vRRKn2D7UV84LAu0tThhzAsvYEVyetX4v1eqCYRndRtEuaNhUjb9dDA1u7W7jMfAK8Rv4llmwqzz57o%2B7AiN1G8aX5RfBhgW6ppE40heQSblv38wlv8M0%2FxFkj41nih7mhwwxE3dAD5Sbkz2KU0diYcqeYMemEaHJYvF3RXEoI8NNbTzyVKfiOh0Je2ZWGr7JrJuNdrBfxxig%3D%3D
2026-08-23 10:46;151;eBay;Carte Pokémon ECTOPLASMA  094/165 HOLO EV 3.5 MEW 151 FR;2.8;0.0;2.8;500.0;=;0.0;0.0;0.0;?;100%;https://www.ebay.fr/itm/358901766887?_skw=carte+pokemon+151&hash=item5390365ae7:g:dFYAAeSwP~Vqd4dg
2026-08-23 10:46;151;eBay;Psykokwak 175/165 🇫🇷 Carte Pokémon EV3.5 151 EV03.5 AR Art Rare NM TCG Card;75.0;2.78;77.78;500.0;=;0.0;0.0;0.0;?;100%;https://www.ebay.fr/itm/358875834344?_skw=carte+pokemon+151&hash=item538eaaa7e8:g:LG0AAeSwsehqb7hz
2026-08-23 10:46;151;eBay;Carte Pokémon Herbizarre 167/165 AR Ecarlate Violet 3.5 MEW 151 FR EV3.5;65.0;2.78;67.78;500.0;=;0.0;0.0;0.0;?;100%;https://www.ebay.fr/itm/377415784011?_skw=carte+pokemon+151&hash=item57dfbbd64b:g:e00AAeSwyRFqff8t
2026-08-23 10:46;151;eBay;CARTE POKEMON DRACO 181/165 FR AR ULTRA RARE 151 - NM/M;79.9;0.0;79.9;500.0;=;0.0;0.0;0.0;?;100%;https://www.ebay.fr/itm/227442834978?_skw=carte+pokemon+151&hash=item34f4a63e22:g:MWMAAeSw2MxqYQuY
2026-08-23 10:46;151;eBay;Kangourex EX 190/165 🇫🇷 Carte Pokémon EV3.5 151 EV03.5 FA Full Art NM TCG Card;20.0;3.47;23.47;500.0;=;0.0;0.0;0.0;?;100%;https://www.ebay.fr/itm/407146107905?_skw=carte+pokemon+151&hash=item5ecbcc9401:g:JkIAAeSwtH5qgBg~&amdata=enc%3AAQALAAAA8ACCtXRWQnOEpyOqnQQ8KGZ%2Bft7%2BTsDkO237Wmv0rBs%2FAqG3v7wqXJEmK8hmSsO9rQEn98j2m8Q%2FtHdEpeGWdhm%2BcKZB2DIbFDtdFwU1rufA1i%2FqfnX04Lv7yOmjTte2yVjdP76wK9MPyMIRfXsrzL4bbCbhhXDnUcuR8mstwsnK%2FsH6pJkJF5y8Rc%2B85vLiXqWmam%2F8MgwjPn16sBf7PYOC%2FDXu6vFccsz502rFKX4pX86xDnAfzpa%2FqZNmvrFHAvRUyu%2BmFN4EvbD77pdyMaOoXRjEKhaZHvxopLPWq4MGGKNIdFU7EUroOPwWjYYT5w%3D%3D
2026-08-23 10:46;151;eBay;Carte Pokémon Charisme de Giovanni 204/165 Alternative  - Pokémon 151 - NM FR;35.0;4.1;39.1;500.0;=;0.0;0.0;0.0;?;100%;https://www.ebay.fr/itm/318589854846?_skw=carte+pokemon+151&hash=item4a2d6f647e:g:Bj8AAeSwgxZqWHs3&amdata=enc%3AAQALAAAA8ACCtXRWQnOEpyOqnQQ8KGafVTT9zdBYuDNUHsktBYpL057ZDUzCuXLE6eJbRQl2H5mZNUcvusY824dVY9n2%2Bl0dL7km2hEg3EiSE4Tq319W7IxyaZergI9nsO6NkfNyPYtoYji%2Fhp9bAyXFSbkfNYziWG5PpgL0eEAlH5ZQJsu7p2Uw4x1HBevHNmyklYxoTZFsIarQIHyUK6XVf5TGqdz5lLcS9Un02pTG3xd2kSgjz%2FzlN2Eb4LER3Rw%2FGKdkRIcXnOobDP%2Fim%2B9fg6%2BCX5bCnb%2BijNrv1crL3H9XxCfU5MTRw%2FO4ReyLGvXMf%2BERqQ%3D%3D
2026-08-25 09:35;Méga-Dracolosse ex 290/217;eBay;Carte Pokémon Méga-Dracolosse EX Alt ASC 290/217 ME2.5🇫🇷;300.0;0.0;300.0;449.33;=;33.2;568.12;194.26;?;100%;https://www.ebay.fr/itm/227332802204?_skw=carte+pokemon+M%C3%A9ga-Dracolosse+ex+290%2F217&hash=item34ee17469c:g:N~4AAeSwM~Rp-51m
2026-08-25 09:35;Mega Darkrai ex 114/081;eBay (JP);Carte Pokemon Mega Darkrai ex SAR 114/081 M5 Abyss Eye Japonaise 2026 NM;198.72;0.0;198.72;255.18;↘️;22.1;322.64;81.98;?;100%;https://www.ebay.fr/itm/147329558030?_skw=carte+pokemon+Mega+Darkrai+ex+114%2F081+japonaise&hash=item224d86a60e:g:akoAAeSwBfhqIjjk
2026-08-25 09:35;Mega Darkrai ex 114/081;eBay (JP);Carte Pokemon Mega Darkrai ex SAR 114/081 M5 Abyss Eye Japonaise 2026 NM;219.71;0.0;219.71;255.18;↘️;13.9;322.64;60.99;?;100%;https://www.ebay.fr/itm/377432858223?_skw=carte+pokemon+Mega+Darkrai+ex+114%2F081+japonaise&hash=item57e0c05e6f:g:9V4AAeSwWOBqhd5T
2026-08-25 09:35;Tortank ex 200/165;eBay;Carte Pokémon Tortank ex 200/165 - Écarlate et Violet 151 EV3.5 - FR - Occasion;140.0;0.0;140.0;181.07;↘️;22.7;228.94;59.18;?;100%;https://www.ebay.fr/itm/318759195361?_skw=carte+pokemon+Tortank+ex+200%2F165&hash=item4a378752e1:g:Gv0AAeSwRAVqhwjE
2026-08-25 09:35;Salamèche 168/165;eBay;Carte Pokémon Salamèche A.R 168/165 - EV 3.5 151 FR;50.0;3.47;53.47;96.85;=;44.8;122.45;53.06;?;100%;https://www.ebay.fr/itm/377373869379?_skw=carte+pokemon+Salam%C3%A8che+168%2F165&hash=item57dd3c4543:g:NW0AAeSw3QtqZ4Mr
2026-08-25 09:35;Mega Dragonite ex 246/193;eBay (JP);MEGA Dragonite ex SAR 246/193 MEGA Dream ex M2a Carte Pokemon Japonaise 2025 NM;195.2;0.0;195.2;221.8;↘️;12.0;280.44;48.78;?;100%;https://www.ebay.fr/itm/407156657381?_skw=carte+pokemon+Mega+Dragonite+ex+246%2F193+japonaise&hash=item5ecc6d8ce5:g:BykAAeSwv9NqhfbX
2026-08-25 09:35;Mega Dragonite ex 246/193;eBay (JP);PSL Mega Dragonite ex SAR 246/193 m2a Carte Pokemon Japonaise Mega Dream ex;196.25;0.0;196.25;221.8;↘️;11.5;280.44;47.73;?;100%;https://www.ebay.fr/itm/147104624868?_skw=carte+pokemon+Mega+Dragonite+ex+246%2F193+japonaise&hash=item22401e70e4:g:m2sAAeSwIl9pMsWs
2026-08-25 09:35;Mega Dragonite ex 246/193;eBay (JP);Mega Dragonite ex SAR 246/193 m2a Carte Pokemon Japonaise Mega Dream ex;199.38;0.0;199.38;221.8;↘️;10.1;280.44;44.6;?;100%;https://www.ebay.fr/itm/377430607162?_skw=carte+pokemon+Mega+Dragonite+ex+246%2F193+japonaise&hash=item57e09e053a:g:-6gAAeSw3EVqhP5l
2026-08-25 09:35;Mega Gardevoir ex 087/063;eBay (JP);Carte Pokemon Mega Gardevoir ex 087/063 M1S Mega Symphonia SAR Japonaise;104.24;0.0;104.24;124.78;=;16.5;157.77;33.02;?;100%;https://www.ebay.fr/itm/358903661006?_skw=carte+pokemon+Mega+Gardevoir+ex+087%2F063+japonaise&hash=item53905341ce:g:~cQAAeSw3BxqeAgA
2026-08-25 09:35;Mega Gardevoir ex 087/063;eBay (JP);Mega Gardevoir ex SAR 087/063 Carte Pokémon Japonaise Mega Symphonia M1S [MP-];105.59;0.0;105.59;124.78;=;15.4;157.77;31.67;?;100%;https://www.ebay.fr/itm/407156655808?_skw=carte+pokemon+Mega+Gardevoir+ex+087%2F063+japonaise&hash=item5ecc6d86c0:g:IdQAAeSw1Pxqhfbe
2026-08-25 09:35;Bulbizarre 166/165;eBay;Carte Pokémon Bulbizarre 166/165 AR EV3.5 FR Écarlate Et Violet 🇫🇷 Série 151;65.0;0.0;65.0;77.66;=;16.3;98.19;20.43;?;100%;https://www.ebay.fr/itm/137613247055?_skw=carte+pokemon+Bulbizarre+166%2F165&hash=item200a63824f:g:BQoAAeSwUKRqcvX~
2026-08-25 09:35;Pikachu 173/165;eBay;Carte Pokémon Pikachu 173/165 EV3.5 151 Mew FR état NM;65.9;2.99;68.89;81.04;=;15.0;102.46;20.25;?;100%;https://www.ebay.fr/itm/286126019170?_skw=carte+pokemon+Pikachu+173%2F165&hash=item429e709262:g:weYAAOSwyQhnHOVf
2026-08-26 15:19;Bulbizarre 166/165;eBay;carte pokemon étoile gold Bulbizarre 2023 166/165;50.0;2.78;52.78;75.69;↘️;30.3;95.7;30.48;?;100%;https://www.ebay.fr/itm/377448709550?_skw=carte+pokemon+Bulbizarre+166%2F165&hash=item57e1b23dae:g:yLoAAeSwZPBqjtiw
2026-08-29 01:41;Mega Darkrai ex 114/081;eBay (JP);Carte Pokemon Mega Darkrai ex SAR 114/081 M5 Abyss Eye Japonaise;194.62;0.0;194.62;255.97;↗️;24.0;323.64;86.95;?;100%;https://www.ebay.fr/itm/137610918703?_skw=carte+pokemon+Mega+Darkrai+ex+114%2F081+japonaise&hash=item200a3ffb2f:g:slwAAeSwRqBqkgtM
2026-08-29 23:41;Mega Gardevoir ex 087/063;eBay;Mega Gardevoir ex SAR 087/063 Mega Symphonia M1S Carte Pokemon Japonaise 2025 ;100.0;5.0;105.0;117.58;↘️;10.7;148.66;24.34;?;100%;https://www.ebay.fr/itm/307142549510?_skw=carte+pokemon+Mega+Gardevoir+ex+087%2F063+japonaise&hash=item47831f6006:g:5WwAAeSwU~lqi0KC
2026-08-30 08:41;Mega Gardevoir ex 087/063;eBay (JP);Mega Gardevoir ex 087/063 Mega Symphonia SAR M1S Carte Pokemon Japonaise 2025;98.08;0.0;98.08;117.58;↘️;16.6;148.66;31.26;?;100%;https://www.ebay.fr/itm/206447365379?_skw=carte+pokemon+Mega+Gardevoir+ex+087%2F063+japonaise&hash=item301138cd03:g:-1AAAeSwvEZqk5cB
2026-08-30 10:40;Pikachu 173/165;eBay;Carte pokemon pikachu 173/165;80.49;0.0;80.49;90.3;↘️;10.9;114.17;18.84;?;100%;https://www.ebay.fr/itm/237038772245?_skw=carte+pokemon+Pikachu+173%2F165&hash=item37309ca015:i:237038772245
2026-08-30 14:10;Méga-Amphinobi ex 116/086;eBay;Carte Pokémon Méga-Amphinobi Ex 116/086 ME04 Chaos Ascendant FR NEUVE;220.0;0.0;220.0;245.0;=;10.2;309.77;49.5;?;100%;https://www.ebay.fr/itm/377457752437?_skw=carte+pokemon+M%C3%A9ga-Amphinobi+ex+116%2F086&hash=item57e23c3975:g:cU0AAeSwWg9qlBsg
2026-08-31 09:24;Morpeko ex 115/081;eBay (JP);Carte Pokemon Japonaise Morpeko ex SAR 115/081 Abyss Eye M5 2026;35.88;0.0;35.88;42.15;↘️;14.9;53.29;10.48;?;100%;https://www.ebay.fr/itm/366638973884?_skw=carte+pokemon+Morpeko+ex+115%2F081+japonaise&hash=item555d62c3bc:g:JAwAAeSwjFZqlQZL
2026-08-31 10:40;Méga-Lucario ex 179/132;eBay;Pokémon JCC Méga-Lucario EX alternative179/132 340 PV Français Holo Combat Carte;210.0;3.47;213.47;241.33;↘️;11.5;305.13;51.99;?;100%;https://www.ebay.fr/itm/366639310417?_skw=carte+pokemon+M%C3%A9ga-Lucario+ex+179%2F132&hash=item555d67e651:g:-8wAAeSwY5dqfFdJ
2026-09-01 09:24;Mega Darkrai ex 114/081;eBay (KR);Carte Pokemon Mega Darkrai ex SAR 114/081 M5 Abyss Eye coréenne 2026 NM;209.12;7.32;216.44;250.63;↗️;13.6;316.89;59.25;?;100%;https://www.ebay.fr/itm/236913635967?_skw=carte+pokemon+Mega+Darkrai+ex+114%2F081+cor%C3%A9enne&hash=item372927327f:g:KcgAAeSw-9FqiUlp
2026-09-02 09:20;Méga-Ectoplasma ex 284/217;eBay;Carte Pokémon Méga-Ectoplasma Ex 284/217 Héros Transcendants FR;669.99;9.99;679.98;896.43;=;24.1;1133.42;306.09;?;100%;https://www.ebay.fr/itm/407186456507?_skw=carte+pokemon+M%C3%A9ga-Ectoplasma+ex+284%2F217&hash=item5ece343fbb:g:3wsAAeSw72hql4tD
2026-09-03 09:20;Mega Darkrai ex 118/081;eBay (JP);[NM] Mega Darkrai ex MUR 118/081 M5 Abyss Eye Carte Pokemon Japonaise TCG...;356.17;0.0;356.17;412.29;↗️;13.6;521.29;97.35;?;100%;https://www.ebay.fr/itm/800603537955?_skw=carte+pokemon+Mega+Darkrai+ex+118%2F081+japonaise&hash=itemba67b08223:g:1XQAAeSwp05qmJ~3
2026-09-04 09:20;Mega Darkrai ex 114/081;eBay (JP);Carte Pokemon Mega Darkrai ex SAR 114/081 M5 Abyss Eye Japonaise 2026 NM Holo;192.49;0.0;192.49;240.15;=;19.8;303.64;71.68;?;100%;https://www.ebay.fr/itm/236996413058?_skw=carte+pokemon+Mega+Darkrai+ex+114%2F081+japonaise&hash=item372e164682:g:S-0AAeSw~7pqmDuU
2026-09-05 09:20;Mega Darkrai ex 118/081;eBay (JP);Carte Pokemon Japonaise Mega Darkrai ex MUR 118/081 M5 Abyss Eye;362.08;0.0;362.08;412.29;=;12.2;521.29;91.44;?;100%;https://www.ebay.fr/itm/168665128639?_skw=carte+pokemon+Mega+Darkrai+ex+118%2F081+japonaise&hash=item2745399ebf:g:nvEAAeSwK6Fqm4lS
2026-09-06 14:41;Mega Dragonite ex 246/193;eBay;Carte Pokemon Japonaise MEGA Dragonite ex SAR 246/193 MEGA Dream ex M2a 2025 NM;208.7;3.47;212.17;246.52;↗️;13.9;311.69;59.0;?;100%;https://www.ebay.fr/itm/377436039790?_skw=carte+pokemon+Mega+Dragonite+ex+246%2F193+japonaise&hash=item57e0f0ea6e:g:cQMAAeSwEQFqhyr6
2026-09-06 14:41;Mega Dragonite ex 246/193;eBay;MEGA Dragonite ex SAR 246/193 MEGA Dream ex M2a Carte Pokemon Japonaise NM;215.0;2.95;217.95;246.52;↗️;11.6;311.69;53.22;?;100%;https://www.ebay.fr/itm/318794317415?_skw=carte+pokemon+Mega+Dragonite+ex+246%2F193+japonaise&hash=item4a399f3e67:g:G60AAeSw9Idqkl7P
2026-09-06 14:41;Mega Dragonite ex 246/193;eBay (JP);MEGA Dragonite ex SAR 246/193 MEGA Dream ex M2a Carte Pokemon Japonaise 2025 NM;220.06;0.0;220.06;246.52;↗️;10.7;311.69;51.11;?;100%;https://www.ebay.fr/itm/358901860729?_skw=carte+pokemon+Mega+Dragonite+ex+246%2F193+japonaise&hash=item539037c979:g:9h4AAeSwIVVqd5GB
