key,nom,editeur,categories,installs,avis,note,cloud,modele_dc,derniere_version_dc
com.mxgraph.confluence.plugins.diagramly,"draw.io Diagrams | UML, BPMN, AWS, ERD, & Flowcharts",Seibert - draw.io,Charts & diagramming;Blueprints;Macros;Design tools,61846,1205,4.81,oui,atlassian,2026-09-23
com.onresolve.jira.groovy.groovyrunner,ScriptRunner for Jira,The Adaptavist Group,Admin tools;Workflow;Custom fields;IT & helpdesk,34797,826,4.64,oui,atlassian,2026-09-11
com.xpandit.plugins.xray,Xray - Test Management for Jira,Xblend,Custom fields;Dashboard gadgets;Testing & QA,25234,553,4.3,oui,atlassian,2026-09-15
is.origo.jira.tempo-plugin,Timesheets by Tempo - Jira Time Tracking,Tempo Software,Time tracking;Dashboard gadgets;Charts & diagramming;Project management,26686,898,4.13,oui,atlassian,2026-09-24
com.innovalog.jmwe.jira-misc-workflow-extensions,Jira Misc Workflow Extensions (JMWE),Appfire,Admin tools;Workflow;IT & helpdesk;Project management,16656,534,4.81,oui,atlassian,2026-09-16
com.almworks.jira.structure,Structure by Tempo - Jira Portfolio Management PPM,Tempo Software,Dashboard gadgets;Reports;Utilities;Project management,12892,408,4.55,oui,atlassian,2026-08-21
com.googlecode.jira-suite-utilities,JSU Automation Suite for Jira Workflows,Appfire,Admin tools;Workflow;Utilities;Project management,12251,298,4.56,oui,atlassian,2026-07-28
com.eazybi.jira.plugins.eazybi-jira,"eazyBI for Jira Reports, Charts, and Dashboards",eazyBI,Dashboard gadgets;Charts & diagramming;Reports;Project management,10976,227,4.71,oui,atlassian,2026-06-17
com.kanoah.test-manager,Zephyr - Test Management and Automation for Jira,SmartBear,Custom fields;Dashboard gadgets;Reports;Testing & QA,15095,492,4.13,oui,atlassian,2026-09-10
com.qotilabs.jira.rich-filters-plugin,Rich Filters for Jira Dashboards,Appfire,Dashboard gadgets;Charts & diagramming;Reports;Project management,9710,185,4.76,oui,atlassian,2026-09-08
com.k15t.scroll.scroll-pdf,Scroll PDF Exporter for Confluence,K15t,Document management;Documentation;Utilities,8815,228,4.72,oui,atlassian,2026-09-24
com.alphaserve.powerbi-connector-jira,Power BI Connector for Jira,Tempo Software,Charts & diagramming;Reports;Integrations;Project management,8816,159,4.7,oui,atlassian,2026-09-23
com.oldstreetsolutions.atlassian.jira.custom-charts,"Custom Charts for Jira -Reports, Dashboards, Graphs & Tables",Tempo Software,Dashboard gadgets;Charts & diagramming;Reports;Project management,8077,139,4.49,oui,atlassian,2026-07-01
com.fca.jira.plugins.workflowToolbox.workflow-toolbox,Jira Workflow Toolbox,Decadis AG,Admin tools;Workflow;Custom fields;Project management,4838,540,4.94,oui,atlassian,2026-08-05
app.jxl,JXL - Sheets Hierarchy Structure Sum-up Time in status Table,Appfire,Workflow;Reports;Tasks;Project management,4662,148,4.97,oui,atlassian,2026-09-11
com.appanvil.aura.aura,AURA Content Formatting Macros Tabs LaTeX HTML in Confluence,"Aura Apps (Seibert - appanvil) | Formatting, Intranet, Workflow, Approval, Table Filter, Analytics, Karma & Mantra",Themes & styles;Macros;Utilities;Design tools,4216,212,4.97,oui,atlassian,2026-08-03
com.k15t.scroll.scroll-office,Scroll Word Exporter for Confluence,K15t,Document management;Documentation;Macros;Utilities,4699,136,4.86,oui,atlassian,2026-09-24
time-in-status-report,Time in Status,SaaSJet,Time tracking;Reports;IT & helpdesk;Project management,5337,208,4.54,oui,atlassian,2026-08-03
com.metainf.jira.plugin.emailissue,Email This Issue,META-INF KFT,Workflow;Custom fields;Email;IT & helpdesk,5637,181,4.4,oui,atlassian,2026-09-16
com.stiltsoft.confluence.plugin.tablefilter.tablefilter,"Table Filter, Charts & Spreadsheets for Confluence",Stiltsoft Europe OÜ,Charts & diagramming;Reports;Macros;Project management,15140,442,4.85,oui,atlassian,2026-09-10
rw-smart-checklist-biz,Smart Checklists for Jira,TitanApps,Workflow;Tasks;Project management;Testing & QA,4644,132,4.69,oui,atlassian,2026-06-22
com.soldevelo.apps.worklogs,"Worklogs - Time Tracking, Time Reports, Timesheets",SolDevelo,Time tracking;Dashboard gadgets;Reports;Project management,5357,101,4.49,oui,atlassian,2026-09-22
com.almworks.structure.gantt,Gantt Charts for Structure PPM - Jira Roadmaps | Tempo,Tempo Software,Dashboard gadgets;Charts & diagramming;Dependency management;Project management,6412,61,4.2,oui,atlassian,2026-09-17
com.gliffy.integration.confluence,Gliffy Diagrams for Confluence,Gliffy,Workflow;Charts & diagramming;Documentation;Design tools,16195,799,4.49,oui,atlassian,2026-09-02
com.kaanha.jira.tcms,AIO Tests: QA Testing and Test Management for Jira,Navarambh Software Pvt. Ltd.,Custom fields;Dashboard gadgets;Project management;Testing & QA,3468,114,4.92,oui,atlassian,2026-09-07
com.xpandit.plugins.jiraxporter,"Xporter - Export issues from Jira to PDF, Word, Excel",Xblend,Charts & diagramming;Reports;Documentation;Testing & QA,3832,293,4.63,oui,atlassian,2026-09-14
plugin.tts,Time to SLA,Appfire,Time tracking;IT & helpdesk;Monitoring;Project management,3408,238,4.81,oui,atlassian,2026-09-24
com.k15t.scroll.scroll-viewport,"Scroll Sites for Confluence (Help Centers, Blogs, Websites)",K15t,Themes & styles;Document management;Documentation;IT & helpdesk,3200,111,4.89,oui,atlassian,2026-08-06
com.reliex.activitytimeline.cloud.atlassian.connect,"Activity Timeline: Resource Capacity Planning, Time Tracking",Reliex,Time tracking;Reports;Tasks;Project management,3661,121,4.69,oui,atlassian,2026-09-21
com.okapya.jira.checklist,Checklists for Jira (Enterprise) by HeroCoders,HeroCoders,Workflow;Custom fields;Tasks;Project management,4607,143,4.26,oui,atlassian,2026-09-24
com.innovalog.jmcf.jira-misc-custom-fields,Jira Misc Custom Fields (JMCF),Appfire,Admin tools;Custom fields;Dashboard gadgets;Project management,3279,92,4.8,oui,atlassian,2026-07-15
com.servicerocket.jira.salesforce,Connector for Salesforce & Jira,Appfire,Workflow;Integrations;CRM,3351,236,4.65,oui,atlassian,2026-09-01
com.adaptavist.confluence.contentFormattingMacros,"Mosaic: Content Formatting Macros, Tabs LaTeX HTML Templates",Kolekti (part of The Adaptavist Group),Themes & styles;Document management;Macros;Design tools,4432,113,4.3,oui,atlassian,2026-09-14
io.bloompeak.jira-reports-pro,Easy Reports - Custom Charts for Jira Dashboard & Confluence,Bloompeak,Dashboard gadgets;Charts & diagramming;Reports;Project management,2927,91,4.82,oui,atlassian,2026-05-18
com.tda.timesheet.report,Timesheet Tracking for Jira,Cappsule,Time tracking;Charts & diagramming;Reports;Project management,13081,251,4.37,oui,atlassian,2026-09-17
issue-history,Issue History for Jira (Work Item History),SaaSJet,Workflow;Reports;Monitoring;Project management,3086,95,4.66,oui,atlassian,2026-07-20
com.intenso.jira.issue-templates,Issue Templates for Jira,Deviniti,Admin tools;Workflow;Utilities;Project management,4536,126,3.92,oui,atlassian,2026-09-23
com.mxgraph.jira.plugins.drawio,draw.io Diagrams for Jira,Seibert - draw.io,Charts & diagramming;Design tools,8679,350,4.7,oui,atlassian,2026-09-07
com.valiantys.jira.plugins.exocet.jira-plugin-exocet-pro,"Elements Copy & Sync (clone issues, projects and epics)",Elements - Atlassian ITSM Partner of the Year 2025,Admin tools;Tasks;Utilities;IT & helpdesk,2404,57,4.69,oui,atlassian,2026-04-15
com.xiplink.jira.git.jira_git_plugin,"Git Integration for Jira (GitHub, GitLab, & Azure DevOps)",GitKraken,Repository connectors;Integrations;Project management;Source code,8530,343,4.41,oui,atlassian,2026-09-22
jira-timesheet-plugin,Time Tracker for Jira Cloud & DC,Tempo Software,Time tracking;Dashboard gadgets;Charts & diagramming;Reports,9798,298,4.13,oui,atlassian,2026-08-19
k15t-scroll-document-versions-for-confluence,Scroll Content Manager for Confluence,K15t,Workflow;Document management;Documentation;Utilities,2576,37,4.6,oui,atlassian,2026-09-15
eu.softwareplant.bigpicture,BigPicture PPM & Strategic Portfolio Management for Jira,Appfire,Workflow;Dashboard gadgets;Charts & diagramming;Project management,10708,504,3.91,oui,atlassian,2026-09-10
com.thed.zephyr.je,Zephyr Essential - Test Management for Jira,SmartBear,Custom fields;Dashboard gadgets;Testing & QA,10093,900,3.9,oui,atlassian,2026-07-28
com.yasoon.jira.cloud,Microsoft 365 for Jira & JSM (Teams & Outlook Integration),yasoon - Microsoft 365 for Jira,Email;Messaging;Integrations;IT & helpdesk,6858,195,4.62,oui,atlassian,2026-09-14
com.confluence.swagger.api.document,Open API (Swagger) Integration,Toshihiro Sato,Admin tools;Documentation;Utilities,2897,31,4.4,oui,atlassian,2025-12-30
com.comalatech.workflow,Comala Document Management,Appfire,Workflow;Document management;Documentation;Macros,6059,175,4.68,oui,atlassian,2026-08-03
com.k15t.backbone.backbone-issue-sync,Backbone Work Sync for Jira (Two Way Issue Sync),K15t,Workflow;Integrations;IT & helpdesk;Project management,2773,72,4.1,oui,atlassian,2026-07-23
com.onresolve.confluence.groovy.groovyrunner,ScriptRunner for Confluence,The Adaptavist Group,Admin tools;Documentation;Macros;Utilities,4917,57,4.93,oui,atlassian,2026-09-11
com.midori.jira.plugin.betterexcel,Better Excel Exporter for Jira,Midori Global Consulting Kft.,Time tracking;Charts & diagramming;Reports;Integrations,4418,254,4.87,oui,atlassian,2026-06-19
com.tempoplugin.tempo-planner,Capacity Planner - Jira Team & Resource Management | Tempo,Tempo Software,Time tracking;Dashboard gadgets;Charts & diagramming;Project management,9560,200,3.66,oui,atlassian,2026-09-24
com.intenso.jira.plugins.jsd-extender,Extension for Jira Service Management,Deviniti,Custom fields;IT & helpdesk,5411,150,4.58,oui,atlassian,2026-09-22
com.midori.jira.plugin.pdfview,Better PDF Exporter for Jira,Midori Global Consulting Kft.,Time tracking;Charts & diagramming;Reports;Documentation,4320,467,4.82,oui,atlassian,2026-06-18
com.obss.plugin.time-in-status,Timepiece - Time in Status for Jira,OBSS,Time tracking;Reports;IT & helpdesk;Project management,4466,270,4.79,oui,atlassian,2026-08-12
nl.avisi.confluence.plugins.numberedheadings,Numbered Headings,Appfire,Themes & styles;Documentation;Macros,5243,114,4.54,oui,atlassian,2026-07-07
amoeboids.releasenotes,(AI powered) Automated Release Notes & Reports for Jira,Amoeboids Technologies Pvt Ltd,Reports;Email;Continuous integration;Project management,1715,48,4.53,oui,atlassian,2026-09-16
io.bloompeak.status-time,Status Time Reports - Time in Status,Bloompeak,Time tracking;Dashboard gadgets;Reports;Project management,1331,53,4.79,oui,atlassian,2026-07-24
com.botronsoft.jira.configurationmanager,Configuration Manager for Jira (CMJ),Appfire,Admin tools;Utilities,4375,145,4.56,oui,atlassian,2026-09-23
team-files-office-google-drive-365-for-jira,Google Drive Connector for Jira Automation,ikuTeam (File Automation & Workflows),Document management;Documentation;Integrations;Utilities,1766,14,4.73,oui,atlassian,2026-09-10
com.mxgraph.confluence.plugins.plantuml,"PlantUML Diagrams for Confluence I UML, Flowchart, Git",Stratus Add-ons Ltd,Charts & diagramming;Macros,5312,50,4.3,oui,atlassian,2026-09-21
bg.nemetschek.jsd.advance-customer-reports,Advanced Portal Reports for Jira Service Management,Nemetschek Bulgaria,Reports;IT & helpdesk;Monitoring,1421,48,4.45,oui,atlassian,2026-08-27
performance-objectives-for-jira,Performance Objectives: Charts & Reports for Jira Dashboards,DevAcrobats,Time tracking;Dashboard gadgets;Charts & diagramming;Reports,1014,48,4.87,oui,atlassian,2026-09-22
agile.estimation.3.0_private,Planning Poker ®,Appfire,Workflow;Time tracking;Continuous integration;Project management,3539,134,4.57,oui,atlassian,2026-08-18
okrplugin_prod,OKR in Jira,Oboard Inc.,Dashboard gadgets;Reports;Document management;Project management,2924,110,4.82,oui,atlassian,2026-09-08
com.stratusaddons.confluence.plugins.mermaid,Mermaid Diagrams for Confluence,Stratus Add-ons Ltd,Charts & diagramming;Integrations;Macros;Design tools,6370,23,4.02,oui,atlassian,2026-08-02
com.exalate.jiranode,Exalate,"Exalate: Integrations for Jira, Azure DevOps, Zendesk, Salesforce, GitHub, ServiceNow, ...",Workflow;Integrations;IT & helpdesk;Project management,3850,219,4.31,oui,atlassian,2026-08-31
com.refinedwiki.confluence.plugins.uitoolkit,Refined Macro Toolkit (Content Formatting Macros),Refined,Macros,3348,35,4.79,oui,atlassian,2026-09-14
biz.artemissoftware.confluence.multiexcerpt.MultiExcerptMacro,MultiExcerpt,Appfire,Admin tools;Document management;Documentation;Macros,3650,72,4.45,oui,atlassian,2026-09-16
jetforms,"Smart Forms for Jira (JSM, JWM, Confluence & JPD Feedback)",SaaSJet,Custom fields;IT & helpdesk;Project management;Testing & QA,1012,48,4.66,oui,atlassian,2026-09-17
com.atlassian.cps.sumUp,sumUp for Jira,Decadis AG,Custom fields;Dashboard gadgets;Reports;Project management,2637,134,4.78,oui,atlassian,2026-09-23
com.roninpixels.dashboards.jira,"Dashboard Hub Pro (Charts, Reports, Time in Status for Jira)",Appfire,Dashboard gadgets;Charts & diagramming;Reports;Integrations,3102,82,4.61,oui,atlassian,2026-09-16
eu.softwareplant.biggantt,BigGantt - Gantt Chart for Jira,Appfire,Workflow;Dashboard gadgets;Charts & diagramming;Project management,5668,273,3.46,oui,atlassian,2026-09-10
com.kretar.jira.plugin.user-story-map,"Easy Agile TeamRhythm: Story Map, Insights & Retrospectives",Easy Agile,Workflow;Charts & diagramming;Tasks;Project management,3350,161,4.39,oui,atlassian,2026-09-23
com.valiantys.jira.plugins.SQLFeed,Elements Connect (external data fields for Jira),Elements - Atlassian ITSM Partner of the Year 2025,Custom fields;Integrations;CRM,2639,169,4.67,oui,atlassian,2026-09-15
jp.ricksoft.plugins.wbsgantt-for-jira,WBS Gantt-Chart for Jira (Enterprise Project Management),"Ricksoft, Inc.",Time tracking;Charts & diagramming;Reports;Project management,5402,160,3.48,oui,atlassian,2026-08-04
com.devsamurai.plugin.jira.team-board,"Project Management, Resource Planning & Gantt Chart for Jira",DevSamurai,Time tracking;Charts & diagramming;Dependency management;Project management,3118,175,4.34,oui,atlassian,2026-07-08
aa.analytics,"ActionableAgile® Analytics: Kanban/ Agile Metrics, Forecasts",55 Degrees AB,Workflow;Charts & diagramming;Reports;Project management,1463,32,4.06,oui,atlassian,2026-09-01
slack.nextup.jira,Slack Integration+ for Jira,Appfire,Workflow;Messaging;Integrations;IT & helpdesk,2696,77,4.64,oui,atlassian,2026-09-22
com.kaanha.jira.powerbi,Power BI Connector - Connect Power BI and Jira,Appfire,Charts & diagramming;Reports;Integrations;Project management,2532,59,4.72,oui,atlassian,2026-09-15
jql-extensions,JQL Search Extensions for Jira,Appfire,Reports;Utilities;Project management,3912,51,4.09,oui,atlassian,2026-04-15
com.tensixtwo.conf.latexmath,LaTeX Math,Appfire,Documentation;Macros,3216,40,4.38,oui,atlassian,2026-08-03
com.infostretch.QmetryTestManager,QMetry - Test Management for Jira (QTM4J),SmartBear Software,Continuous integration;Code quality;Project management;Testing & QA,2133,200,4.65,oui,atlassian,2026-09-07
ch.bitvoodoo.confluence.plugins.viewtracker,Viewtracker - Analytics for Confluence,Elevatic,Admin tools;Reports;Document management,2380,62,4.64,oui,atlassian,2026-08-25
pl.com.tt.jira.plugin.theschedulerpro,The Scheduler,Transition Technologies PSC,Tasks;Utilities;IT & helpdesk;Project management,3027,68,4.25,oui,atlassian,2026-09-08
com.vertuna.confluence.plugins.confiforms,ConfiForms - Data Forms & Workflows for Confluence,Vertuna LLC,Workflow;Email;Document management;IT & helpdesk,1871,95,4.87,oui,atlassian,2026-09-14
doitbetter.calendar,Calendar for Jira,Doitb,Charts & diagramming;Reports;Tasks;Project management,2838,59,4.36,oui,atlassian,2026-07-10
com.kaanha.reports,Reports and Timesheets for Jira,Appfire,Time tracking;Charts & diagramming;Reports;Project management,2207,108,4.58,oui,atlassian,2026-09-15
com.keplerrominfo.jira.plugins.jjupin,Power Scripts - Jira Workflow Automation,Appfire,Admin tools;Workflow;Custom fields;IT & helpdesk,1800,302,4.76,oui,atlassian,2026-09-22
softwareplant.bigtemplate,"BigTemplate - Export to PDF, Word, Excel",Appfire,Charts & diagramming;Document management;Integrations;Project management,3706,66,3.84,oui,atlassian,2026-09-10
com.spartez.jira.plugins.commenttemplates,Canned Responses Pro Templates for Jira,Appfire,Admin tools;Custom fields;IT & helpdesk;Testing & QA,2007,108,4.7,oui,atlassian,2026-09-03
com.intenso.jira.plugin.dynamic-forms,Dynamic Forms for Jira,Deviniti,Themes & styles;Custom fields;Tasks;Utilities,2524,58,4.44,oui,atlassian,2026-09-14
org.swift.confluence.table,Advanced Tables for Confluence,Appfire,Charts & diagramming;Documentation;Macros;Design tools,3812,57,3.77,oui,atlassian,2026-08-31
com.awnaba.projectconfigurator.projectconfigurator,Project Configurator for Jira,Appfire,,1820,115,4.76,non,atlassian,2026-09-03
com.devsamurai.plugin.jira.story-mapping,"Agile User Story Map, Portfolio Roadmaps & Persona for Jira",DevSamurai,Workflow;Charts & diagramming;Reports;Project management,2031,143,4.56,oui,atlassian,2026-09-23
com.xblend.plugins.xray-enterprise,Xray Enterprise - Test Management for Jira,Xblend,Testing & QA,1187,13,4.33,oui,atlassian,2026-09-15
cloud-files-google-drive-docs-office-365-documents-dropbox-topdox-for-confluence,ikuTeam Files: Document Management Workflows,ikuTeam (File Automation & Workflows),Document management;Documentation;Integrations;Macros,1850,152,4.63,oui,atlassian,2026-09-10
com.stiltsoft.confluence.handy.macros,"Handy Macros for Confluence (Status, Dropdown & Formatting)",Stiltsoft Europe OÜ,Themes & styles;Document management;Utilities;Project management,1963,49,4.72,oui,atlassian,2026-09-22
com.spartez.jira.plugins.jiraplanningpoker,Agile Poker for Jira - Planning & Estimation,Appfire,Time tracking;Tasks;Utilities;Project management,1853,110,4.65,oui,atlassian,2026-08-05
com.bilith.lref.confluence-gdrive,Google Drive & Docs for Confluence,Bilith (Google Workspace apps),Document management;Documentation;Integrations;Macros,2879,53,4.1,oui,atlassian,2026-03-31
com.projectbalm.riskregister.riskregister-jira,Risk Register,ProjectBalm,Custom fields;Dashboard gadgets;Project management,2224,48,4.51,oui,atlassian,2026-05-12
softwareplant.bigpictureenterprise,BigPicture Enterprise - Strategic Management for Jira,Appfire,Charts & diagramming;Reports;Tasks;Project management,2449,63,4.2,oui,atlassian,2026-09-10
com.resolution.atlasplugins.samlsso.Jira,SAML SSO Single Sign On for Jira SSO OAuth + User Sync,resolution Reichert Network Solutions GmbH,Admin tools;Integrations;Utilities;Security,1311,109,4.97,non,atlassian,2026-08-27
com.appliger.jira.templates,Easy Issue Templates for Jira,AppLiger,Workflow;Tasks;IT & helpdesk;Project management,2045,81,4.4,oui,atlassian,2026-02-19
com.easesolutions.jira.plugins.requirements,easeRequirements - Requirements Management for Jira (R4J),Ease Solutions Consulting GmbH,Reports;Documentation;Project management;Testing & QA,1960,62,4.48,oui,atlassian,2026-09-11
com.devsamurai.plugin.jira.asset,"IT Assets, License - Asset Management for Jira, JSM, ITSM",DevSamurai,Admin tools;Custom fields;Dashboard gadgets;IT & helpdesk,1600,71,4.72,oui,atlassian,2026-08-14
com.spartez.jira.plugins.bork.tfs4jira,TFS4JIRA Azure DevOps integration,Appfire,Admin tools;Shared workflows;Integrations;Continuous integration,1567,230,4.61,oui,atlassian,2026-07-16
com.cps.lastLog,Last Log for Jira,Decadis AG,Admin tools;Reports;Utilities;Monitoring,1473,33,4.96,non,atlassian,2026-05-12
org.everit.jira.timetracker.plugin,Timetracker - Time Tracking & Timesheet Reporting for Jira,STAGIL by catworkx,Time tracking;Reports;Project management,2245,110,4.12,oui,atlassian,2026-02-19
net.brokenbuild.velocity-chart,"Agile velocity chart gadget: 10 sprint metrics, KPI reports",Broken Build,Dashboard gadgets;Charts & diagramming;Reports;Project management,2225,28,4.46,oui,atlassian,2026-08-27
com.javahollic.jira.jemh-ui,Enterprise Mail Handler for Jira Cloud (JEMHC) and DC,The Plugin People,Custom fields;Email;Messaging;IT & helpdesk,1692,90,4.56,oui,atlassian,2026-09-18
com.deviniti.atlassian.apps.rtm,Requirements & Test Management for Jira,Deviniti,Project management;Testing & QA,2001,66,4.36,oui,atlassian,2026-08-24
confluence.extra.noemailstorm,No Email Storm,Stiltsoft Europe OÜ,Email;Document management;Messaging,1377,54,4.91,non,atlassian,2025-09-02
org.swift.jira.cli,Jira Command Line Interface (CLI),Appfire,Admin tools;Tasks;Integrations;Utilities,1905,32,4.61,oui,atlassian,2026-05-12
net.customware.confluence.plugin.composition,Composition Tabs for Confluence,Appfire,Themes & styles;Documentation;Macros,1953,77,4.27,oui,atlassian,2026-04-20
com.refinedwiki.confluence.plugins.theme.original,"Refined for Confluence DC (Intranet, Themes & Navigation)",Refined,Themes & styles;Documentation;Macros;Design tools,1440,92,4.69,non,atlassian,2026-09-24
com.devsamurai.plugin.jira.tb-timesheet,"Timesheets, Time Tracking & Capacity Resource Planning",DevSamurai,Workflow;Time tracking;Reports;Project management,1294,116,4.8,oui,atlassian,2026-04-14
google-drive-docs-documents-for-confluence,Google Drive Connector in Confluence,ikuTeam (File Automation & Workflows),Document management;Documentation;Integrations;Macros,1606,51,4.63,oui,atlassian,2026-09-10
com.botronsoft.jira.poweradmin,Power Admin for Jira,Appfire,Admin tools;Utilities,2638,8,4.69,non,atlassian,2026-09-23
com.comalatech.publishing,Comala Publishing,Appfire,Workflow;Document management;Documentation;Utilities,1335,40,4.91,oui,atlassian,2026-09-22
com.thinktilt.proforma.add-on,ProForma: Forms & Checklist for Jira,Atlassian,Custom fields;IT & helpdesk;Testing & QA,1290,57,4.87,non,atlassian,2026-09-15
com.botronsoft.jira.rollout.integrity-check,Integrity Check for Jira,Appfire,Admin tools;Utilities,2855,9,4.44,non,atlassian,2026-09-23
confluence-mermaid,Mermaid Charts & Diagrams for Confluence,weweave,Charts & diagramming;Integrations;Macros;Design tools,2160,15,4.58,oui,atlassian,2026-08-28
com.midori.confluence.plugin.archiving,Better Content Archiving and Analytics for Confluence,Midori Global Consulting Kft.,Workflow;Reports;Document management;Documentation,1189,155,4.83,oui,atlassian,2026-08-26
onedrive-business-connector-addon-plugin-for-confluence-topdox,SharePoint Connector for Confluence Workflows,ikuTeam (File Automation & Workflows),Document management;Documentation;Integrations;Macros,1619,59,4.53,oui,atlassian,2026-09-10
com.gebsun.plugins.jira.defaultvalues,Default Values for 'Create Issue' screen - Issue Templates,Big Fig Tree,Project management,2487,26,4.09,oui,atlassian,2026-07-06
com.soldevelo.apps.test_management_premium,QAlity Plus - Test Management for Jira,SolDevelo,Reports;Project management;Testing & QA,1537,56,4.58,oui,atlassian,2026-09-17
com.nurago.confluence.plugins.treecopy,Copy Page Tree,Appfire,Document management;Documentation;Macros;Project management,2144,67,4.01,oui,atlassian,2026-07-17
com.atlassian.confluence.plugins.confluence-questions,Questions for Confluence,Atlassian,Messaging,3723,77,3.02,oui,atlassian,2026-07-27
de.communardo.confluence.plugins.csi,SharePoint Connector for Confluence,Elevatic,Document management;Integrations;Macros,1670,27,4.63,oui,atlassian,2026-06-09
org.swift.confluence.cli,Confluence Command Line Interface (CLI),Appfire,Admin tools;Tasks;Integrations;Utilities,1546,31,4.68,oui,atlassian,2026-08-03
org.swift.confluence.html,HTML for Confluence,Appfire,Themes & styles;Reports;Document management;Macros,2459,22,4.09,oui,atlassian,2026-07-23
com.mohamicorp.html.source.editor.for.confluence,Source Editor for Confluence,Appfire,Admin tools;Document management;Documentation;Source code,2019,25,4.34,oui,atlassian,2026-06-05
com.botronsoft.jira.issuematrix,Issue Matrix for Jira,Appfire,Custom fields;Project management,1270,42,4.82,oui,atlassian,2026-09-02
com.planyway,"Gantt, Roadmap, Resource Capacity, Time Tracking & Timesheet",Planyway for Jira,Time tracking;Charts & diagramming;Reports;Project management,1441,53,4.6,oui,atlassian,2026-07-09
org.swift.jira.clone-plus,Clone Plus for Jira,Appfire,Admin tools;Workflow;Utilities;Project management,1662,58,4.35,oui,atlassian,2026-09-14
ch.bitvoodoo.confluence.plugins.navitabs,Navitabs - Navigation Macros for Confluence,Elevatic,Documentation;Macros,2092,45,4.06,oui,atlassian,2026-06-16
com.oldstreetsolutions.atlassian.confluence.custom-charts,Custom Charts for Confluence - Jira Dashboard Report | Tempo,Tempo Software,Dashboard gadgets;Charts & diagramming;Reports;Project management,1361,19,4.93,oui,atlassian,2026-07-01
capacity-tracker-plugin,Capacity Tracker,Inprowiser Engineering,Time tracking;Tasks;Utilities;Project management,1597,36,4.51,oui,atlassian,2026-08-01
org.swift.confluence.tablesorter,Table Library for Bob Swift Add-ons,Appfire,,3131,4,4.69,non,free,2026-06-03
com.deiser.jira.profields,Projectrak (Project Portfolio Management for Jira),Deiser,Admin tools;Dashboard gadgets;Reports;Project management,1343,128,4.48,oui,atlassian,2026-08-25
de.viadee.confluence.bpmn-plugin-enterprise,BPMN Modeler Enterprise,viadee Unternehmensberatung AG,Workflow;Charts & diagramming;Documentation;Design tools,1126,25,5.0,oui,atlassian,2026-09-24
net.customware.confluence.plugin.visibility,Visibility for Confluence,Appfire,Themes & styles;Documentation;Macros,1472,33,4.58,oui,atlassian,2026-05-12
com.resolution.atlasplugins.samlsso.Confluence,SAML SSO Single Sign On for Confluence SSO OAuth + User Sync,resolution Reichert Network Solutions GmbH,Admin tools;Integrations;Utilities;Security,1003,53,4.96,non,atlassian,2026-08-27
biz.epicreport.epicreports,"Pivot Report: Roll Up Epic Issues, Worklogs & Time in Status",Colined,Reports;Project management,914,80,4.98,oui,atlassian,2026-09-04
com.ricksoft-inc.plugins.gantt-chart-planner-for-confluence,Gantt Chart Planner for Confluence (Roadmap & Timeline),"Ricksoft, Inc.",Charts & diagramming;Documentation;Macros;Project management,2199,15,4.25,oui,atlassian,2026-02-12
com.tng.jira.plugins.workflowenhancer,Workflow Enhancer for Jira,TNG Technology Consulting GmbH,Workflow;Utilities,1412,43,4.53,oui,atlassian,2026-09-10
com.plugin.commitgraph.commitgraph,Charts & Graphs for Bitbucket,Appfire,Workflow;Charts & diagramming;Reports;Utilities,1105,114,4.69,non,atlassian,2026-07-24
net.customware.confluence.plugin.scaffolding,Scaffolding Forms & Templates for Confluence,Appfire,Documentation;Blueprints;Macros,1310,124,4.43,oui,atlassian,2026-08-31
com.intenso.jira.queues-extension,Queues for Jira & JSM,Deviniti,Tasks;Utilities;IT & helpdesk;Project management,1277,47,4.63,oui,atlassian,2026-08-26
com.stiltsoft.jira.smart-attachments,Smart Attachments for Jira (File & Document Management),Stiltsoft Europe OÜ,Document management;Documentation;Security;Project management,1074,80,4.75,oui,atlassian,2026-09-07
com.rvs.atlassian.plugins.wtis,Time in Status Reports for Jira,votazz,Time tracking;Dashboard gadgets;Reports;Project management,1467,36,4.48,oui,atlassian,2026-08-07
com.deviniti.atlassian.apps.extension-myrequests,My Requests Extension for Jira Service Management,Deviniti,Themes & styles;Reports;IT & helpdesk,1505,34,4.45,oui,atlassian,2026-07-29
com.spartez.jira.plugins.support-chat,Chat for Jira Service Management,Appfire,Workflow;Tasks;Messaging;IT & helpdesk,1244,57,4.58,oui,atlassian,2026-08-17
com.devsamurai.plugin.jira.agile-test,"Agile Test: Enterprise QA Testing, Test Management for Jira",DevSamurai,Reports;Tasks;Project management;Testing & QA,1131,74,4.65,oui,atlassian,2026-07-02
com.soldevelo.apps.checklists,Multiple Checklists for Jira,SolDevelo,Workflow;Tasks;Project management;Testing & QA,1106,29,4.87,oui,atlassian,2026-04-01
aptis.plugins.epicSumUp,ESU - Sum Up KPI & Budget Reporting Project Epic Overview,APTIS GmbH & Co. KG,Dashboard gadgets;Reports;Utilities;Project management,1777,44,4.06,oui,atlassian,2026-09-15
com.playsql.requirementyogi,Requirement Yogi - Requirements Management for Confluence,Requirement Yogi,Document management;Blueprints;Project management;Testing & QA,1568,37,4.29,oui,atlassian,2026-09-10
org.swift.jira.cot,Create on Transition for Jira,Appfire,Admin tools;Workflow;Utilities;Project management,1106,49,4.72,oui,atlassian,2026-07-14
com.jiraworkcalendar.work-calendar,Work Time Calendar - Time Tracking for Jira,BrizoIT,Time tracking;Dashboard gadgets;Reports;Project management,1108,75,4.62,oui,atlassian,2026-08-19
net.brokenbuild.agile-reports,Agile Reports & Gadgets: 30+ delivery health metrics toolset,Broken Build,Dashboard gadgets;Charts & diagramming;Reports;Project management,1445,21,4.52,oui,atlassian,2026-09-21
de.scandio.confluence.plugins.pocketquery,PocketQuery - Connect SQL Databases & REST in Confluence,Lively Apps,Charts & diagramming;Reports;Integrations;Macros,841,79,4.91,oui,atlassian,2026-09-20
team-files-office-sharepoint-excel-365-for-jira,SharePoint Connector for Jira Automation,ikuTeam (File Automation & Workflows),Document management;Documentation;Integrations;Utilities,1511,19,4.49,oui,atlassian,2026-09-10
net.customware.confluence.plugin.reporting,Reporting for Confluence,Appfire,Reports;Macros,1051,100,4.58,oui,atlassian,2026-08-06
com.intenso.jira.plugins.actions.jsd-actions,Actions for Jira Service Management,Deviniti,Admin tools;Workflow;Utilities;IT & helpdesk,1083,36,4.72,oui,atlassian,2026-08-31
plugin.jep,Enhancer Plugin for Jira,Appfire,Workflow;Custom fields;Dashboard gadgets;Project management,944,70,4.75,oui,atlassian,2026-07-30
com.tngtech.confluence.plugin.multivote,Multivote & Enterprise Survey for Confluence,TNG Technology Consulting GmbH,Charts & diagramming;Reports;Macros;Utilities,1312,32,4.45,oui,atlassian,2026-09-10
com.ricksoft-inc.plugins.excel-like-tables-for-confluence,Excel-like Tables for Confluence (Spreadsheet & Chart),"Ricksoft, Inc.",Charts & diagramming;Documentation;Macros;Project management,1576,27,4.22,oui,atlassian,2026-06-04
com.simplenia.confluence.plugins.polls,Polls for Confluence,Appfire,Dashboard gadgets;Charts & diagramming;Blueprints;Macros,1082,35,4.68,oui,atlassian,2026-08-04
com.riadalabs.jira.plugins.notificationassistant,Notification Assistant for Jira - Email,Modus  Create,Email;Messaging;Utilities;Project management,1180,57,4.43,oui,atlassian,2026-06-15
eps.focuspro.EasyDropdownMenu,Easy Dropdown Menu (Drop down selection),EPS Software Engineering AG,Reports;Macros,1808,27,3.98,oui,atlassian,2026-09-09
ru.teamlead.jira.plugins.reminder-for-jira,"Reminder for Jira (Follow-Ups, Deadlines & Notifications)",Teamlead,Tasks;Email;Messaging;Project management,1217,32,4.53,oui,atlassian,2026-02-09
co.uk.jackgraves.jira-optimiser,Optimizer for Jira (Health Checks & Cleanup),AppFox,Admin tools;Custom fields;Utilities;Monitoring,1132,33,4.62,oui,atlassian,2026-09-11
com.devsamurai.plugin.jira.route-map,"Portfolio Roadmaps, Kanban & Timeline Structure for Jira",DevSamurai,Workflow;Charts & diagramming;Reports;Project management,1478,30,4.25,oui,atlassian,2026-02-23
nl.avisi.confluence.plugins.git-plugin,"Git for Confluence (GitHub, GitLab, Bitbucket, Azure)",Avisi Apps bv,Document management;Documentation;Macros;Source code,1078,22,4.77,oui,atlassian,2026-06-25
com.eis.jira.plugins.jiradoc,Smart Configuration: Documentation for Jira,Eisonesoft,Admin tools;Reports;Documentation;Blueprints,830,46,4.89,oui,atlassian,2026-02-25
de.kontextwork.goedit,GoEdit - Simply edit attachments!,KontextWork,Charts & diagramming;Document management;Integrations;Project management,827,102,4.77,oui,atlassian,2026-04-08
com.mute.confluence.plugins.lms,"Smart Courses for Confluence (LMS, Quizzes, Onboarding)",Creativas,Reports;Document management;Documentation;Design tools,1076,51,4.51,oui,atlassian,2026-08-27
com.infosysta.jfd.jira-for-desktop,Desktop Connector for Jira (Windows and Mac),Futurate,,752,20,3.69,oui,atlassian,2026-08-12
com.plugins4people.jsd.jsd-config-importer,Feature Bundle – Self-Service Extension for JSM,Appsvio - Atlassian Partner of the Year for 2023,Themes & styles;Utilities;IT & helpdesk,793,51,4.88,oui,atlassian,2026-08-17
com.atlassian.bonfire.plugin,Capture for Jira,SmartBear,Custom fields;Dashboard gadgets;Testing & QA,2278,153,3.0,oui,atlassian,2025-09-18
com.stiltsoft.stash.graphs,Awesome Graphs for Bitbucket,Stiltsoft Europe OÜ,Charts & diagramming;Reports;Code quality;Code review,1035,85,4.4,oui,atlassian,2026-09-15
com.adaptavist.confluence.formMailNG,Forms for Confluence (Surveys & Request Workflows),Kolekti (part of The Adaptavist Group),Email;Documentation;Blueprints;Macros,1408,58,3.99,oui,atlassian,2026-07-15
com.valiantys.spreadsheets,Elements Spreadsheet - tables for Data & Project Management,Elements - Atlassian ITSM Partner of the Year 2025,Reports;Document management;Macros,2046,73,3.27,oui,atlassian,2026-08-06
com.tngtech.confluence.plugins.tableenhancer,Table Enhancer for Confluence,TNG Technology Consulting GmbH,Document management;Macros,1662,23,3.97,oui,atlassian,2026-09-10
com.nerdwin15.stash-stash-webhook-jenkins,Webhook to Jenkins for Bitbucket,Appfire,Build management;Integrations;Repository hooks;Continuous integration,1052,75,4.33,oui,atlassian,2026-08-05
com.refinedwiki.jira.servicedesk.refinedtheme,"Refined for JSM DC (Theme ITSM, HR Helpdesk & Service Desks)",Refined,Themes & styles;Design tools;IT & helpdesk;Mobile,890,43,4.68,non,atlassian,2026-09-17
org.swift.confluence.markdown,Markdown for Confluence,Appfire,Documentation;Messaging;Macros;Utilities,2280,16,3.52,oui,atlassian,2026-04-24
com.mute.confluence.plugins.terms,"Smart Terms Glossary (Definitions, Highlight, Terminology)",Creativas,Document management;Documentation;Macros;Utilities,1203,46,4.21,oui,atlassian,2026-05-13
io.getint.apps.jira.jira-azure,Azure DevOps Integration for Jira (DevOps Connector),"Getint integrations [Jira, Azure DevOps, ServiceNow, Salesforce, Asana, Monday,ClickUp, GitLab and others]",Admin tools;Workflow;Integrations;Project management,737,54,4.86,oui,atlassian,2026-09-16
cz.morosystems.atlassian.plugin.easymind,EasyMind - Mind Maps for Confluence,"MoroSystems Orchestra, s.r.o.",Charts & diagramming;Documentation;Blueprints;Design tools,1352,39,4.07,oui,atlassian,2026-08-14
com.binguo.confluence.headingfree.easy-heading-free,Easy Heading Macro (Floating Table of Contents),Shinetech Software,Admin tools;Themes & styles;Document management;Macros,1507,19,4.14,oui,atlassian,2026-09-21
com.akelesconsulting.jira.plugins.MultipleChartsGadget,Multiple Filters Chart Gadgets (for Dashboards & Reports),Akeles Consulting,Dashboard gadgets;Charts & diagramming;Reports,831,33,4.81,oui,atlassian,2026-06-04
de.scandio.confluence.plugins.hideelements-macro,HideElements - Custom Layout & UI Control for Confluence,Lively Apps,Themes & styles;Documentation;Macros;Design tools,723,28,5.0,non,atlassian,2026-08-16
com.keplerrominfo.jira.plugins.keplercf,Power Custom Fields for Jira,Appfire,Admin tools;Custom fields;Dashboard gadgets;Project management,930,34,4.63,oui,atlassian,2026-09-23
com.nolddor.announcement-banner,Announcement Banner for Confluence,Sweet Bananas,Admin tools;Themes & styles;Messaging,792,23,4.95,non,atlassian,2025-09-26
net.customware.confluence.plugin.vault,Security & Encryption for Confluence,Appfire,Admin tools;Macros;Security,1292,47,4.04,oui,atlassian,2026-05-12
org.techtime.jira.plugins.usermanagement,User Management for Jira (bulk & timed inactive users),TechTime Initiative Group Limited,Admin tools;Utilities;Monitoring,869,25,4.8,oui,atlassian,2026-09-11
nl.topicus.bitbucket.bitbucket-webhooks,Jenkins and Azure DevOps Post Webhooks for Bitbucket,votazz,Messaging;Integrations;Repository hooks;Continuous integration,825,31,4.8,non,atlassian,2026-03-10
com.arsenale.plugins.lockpoint,Cenote Lockpoint - Attachment Checkout,"Cenote Labs, Inc.",Document management;Documentation;Project management,783,29,4.87,oui,atlassian,2025-09-11
org.swift.confluence.sql,SQL for Confluence (Pro Edition),Appfire,Charts & diagramming;Reports;Integrations;Macros,1041,29,4.48,oui,atlassian,2026-09-21
com.easyagile.programs,Easy Agile Programs - PI Planning Program Board Dependencies,Easy Agile,Charts & diagramming;Reports;Dependency management;Project management,692,46,4.89,oui,atlassian,2026-09-11
com.bit-booster.graph,CommitGraph for Bitbucket,GitBoost Software Inc.,Charts & diagramming;Reports;Integrations,1162,12,4.69,non,atlassian,2026-05-15
ovh.atlasinc.confluence.confluence-share,External Share for Confluence,Warsaw Dynamics,Document management;Documentation;Utilities;Security,866,46,4.59,oui,atlassian,2026-07-22
com.k15t.scroll.scroll-html,Scroll HTML Exporter for Confluence,K15t,Document management;Documentation;Macros,893,15,4.92,oui,atlassian,2026-09-24
ch.bitvoodoo.confluence.plugins.language,Translations for Confluence,Elevatic,Document management;Documentation;Macros,1198,35,4.18,oui,atlassian,2026-08-20
plugin.jip,Assets and Inventory Plugin for Jira,Appfire,Custom fields;Dashboard gadgets;IT & helpdesk,780,40,4.75,oui,atlassian,2026-07-30
net.oharagroup.confluence.plugins.confluence-open-api,Open API Documentation for Confluence,O'Hara Group,Documentation;Macros,1829,19,3.68,oui,atlassian,2026-09-13
net.customware.confluence.plugin.pageapproval,Page Approval for Confluence,Appfire,Admin tools;Document management;Documentation,1683,73,3.39,oui,atlassian,2026-08-05
jira-microsoft-teams-connector,Advanced Microsoft Teams Connector for Jira,Move Work Forward,Workflow;Messaging;Integrations;Project management,1216,43,4.07,oui,atlassian,2026-09-10
com.deiser.jira.exporter,Exporter for Jira (Export issues to Excel & CSV),Deiser,Charts & diagramming;Reports;Document management;IT & helpdesk,1422,59,3.71,oui,atlassian,2026-07-30
com.decadis.xtools-for-jira,Admin Toolbox for Jira,Decadis AG,Admin tools;Themes & styles;Workflow;Utilities,597,49,5.0,non,atlassian,2026-08-26
sla-time-and-report,SLA Time and Report for Jira (SLA Management & Compliance),SaaSJet,Time tracking;IT & helpdesk;Monitoring;Project management,772,130,4.53,oui,atlassian,2026-07-21
com.rvs.atlassian.plugins.issuetracer,"Agile Tools-Epic Tree, Links Tree, Time in Status & Worklogs",votazz,Time tracking;Dashboard gadgets;Reports;Project management,980,20,4.62,oui,atlassian,2026-06-04
google-drive-jira,Google Drive & Docs for Jira,Bilith (Google Workspace apps),Document management;Documentation;Integrations,1253,35,4.04,oui,atlassian,2026-03-31
aldeva.app.jira.team.calendar,Event Calendar for Jira,ALDEVA DIGITAL,Workflow;Shared workflows;Project management,2134,15,3.42,oui,atlassian,2026-05-19
no.kantega.kerberosauth.kerberosauth-plugin,K-SSO SAML SSO OAuth Kerberos User Management for Jira,Kantega SSO,Admin tools;Integrations;Utilities;Security,635,55,4.86,non,atlassian,2026-09-18
com.greffon.folio,Budgets - Jira Project Budget Management | Tempo,Tempo Software,Dashboard gadgets;Reports;Utilities;Project management,707,55,4.73,non,atlassian,2026-09-24
com.langhornweb.jira.app.userexport,User/Group Export & License Optimizer for Jira,Aety admin apps,Admin tools;Utilities,809,18,4.86,oui,atlassian,2025-12-09
com.apanasevich.jira-jigit-plugin,"Jigit - GitHub, GitLab, Gerrit integration for Jira",Move Work Forward,Repository connectors;Documentation;Integrations;Source code,600,34,5.0,oui,atlassian,2026-09-22
com.k15t.scroll.scroll-versions,Scroll Versions for Confluence,K15t,Workflow;Document management;Documentation,740,47,4.68,non,atlassian,2026-09-15
ch.mibex.stash.sonar4stash,Include Code Quality for Bitbucket,Elevatic,Integrations;Code quality;Code review;Testing & QA,680,44,4.8,non,atlassian,2026-07-06
de.communardo.jira.plugins.userprofile,User Profiles for Jira (Microsoft Attributes Sync),Elevatic,Workflow;Custom fields;Tasks;Project management,750,26,4.81,oui,atlassian,2026-03-23
com.tngtech.jira.plugins.schizophrenia,User Switcher for Jira,TNG Technology Consulting GmbH,Admin tools;Utilities,865,43,4.45,non,atlassian,2026-09-10
no.kantega.kerberosauth.kerberosauth-plugin.confluence,K-SSO SAML SSO OAuth Kerberos User Management for Confluence,Kantega SSO,Admin tools;Integrations;Utilities;Security,595,44,4.91,non,atlassian,2026-09-18
com.katalon.katalon-jira-plugin,Katalon - Test Automation for Jira,Katalon Inc.,Integrations;Continuous integration;Code quality;Testing & QA,1227,35,3.93,oui,atlassian,2025-03-11
com.isroot.stash.plugin.yacc,Yet Another Commit Checker,Appfire,Workflow;Integrations;Repository hooks;Code quality,808,31,4.6,non,atlassian,2026-08-24
yasoon-jira-teams,Microsoft Teams for Jira & JSM,yasoon - Microsoft 365 for Jira,Messaging;Integrations;IT & helpdesk;Project management,845,30,4.54,oui,atlassian,2026-09-14
com.devsamurai.atlassian.plugin.planning-poker,"Agile Planning Poker, Retrospectives, Daily Standup for Jira",DevSamurai,Workflow;Time tracking;Tasks;Project management,778,81,4.41,oui,atlassian,2026-04-09
com.balsamiq.confluence.plugins.mockups,Balsamiq Wireframes for Confluence Data Center,Balsamiq,Blueprints;Macros;Design tools,964,68,4.12,non,atlassian,2026-08-05
com.deniz.jira.worklog,WorklogPRO - Timesheets and Cost Tracker for Jira,The Starware,Time tracking;Dashboard gadgets;Reports;Project management,831,43,4.45,oui,atlassian,2026-09-11
com.nolddor.user-switcher-for-confluence,User Switcher for Confluence,Sweet Bananas,Admin tools;Utilities;IT & helpdesk,686,25,4.85,non,atlassian,2025-10-02
com.brizoit.gantt,Gantt Suite for Jira: project management & resource planning,BrizoIT,Time tracking;Charts & diagramming;Reports;Project management,1087,15,4.42,oui,atlassian,2026-07-02
eps.focuspro.PageTreeCreator,"Page Tree Creator Pro (Blueprint, Template)",EPS Software Engineering AG,Tasks;Documentation;Blueprints;Macros,820,22,4.66,oui,atlassian,2026-06-25
io.extensi.jira.plugin.agileboardfilter,Agile Tools & Filters for Jira,eXtensi,Tasks;Utilities;IT & helpdesk;Project management,585,26,5.0,non,atlassian,2026-07-08
com.yasoon.calendar,Outlook Calendars for Confluence,yasoon - Microsoft 365 for Jira,Reports;Integrations;Macros;Project management,1150,33,3.98,oui,atlassian,2025-11-05
com.automation-consultants.accloud.approvalmacro,Approvals for Confluence (Page Review & Sign-off),AppFox,Workflow;Document management;Documentation;Macros,975,21,4.4,oui,atlassian,2026-07-07
ch.mibex.confluence.include,"Include from Bitbucket to Confluence (Markdown, AsciiDoc)",Elevatic,Repository connectors;Documentation;Integrations;Source code,1040,19,4.34,oui,atlassian,2026-09-16
at.celix.jira.plugins.column-order,Column Order Gadget,Communardo Austria GmbH,Dashboard gadgets;Project management,824,39,4.42,oui,atlassian,2025-09-25
com.marvelution.jira.plugins.jenkins,Jenkins for Jira,Marvelution,Build management;Integrations;Continuous integration;Deployments,1116,75,3.77,oui,atlassian,2026-08-12
jp.ricksoft.plugins.excel4jira,Excel-like Bulk Issue Editor for Jira (Structure & Table),"Ricksoft, Inc.",Reports;Integrations;Utilities;Project management,1017,28,4.2,oui,atlassian,2025-12-29
ru.andreymarkelov.atlas.plugins.utils,Power Utilities for Jira - Workflow toolbox for admins,Appfire,Admin tools;Workflow;Tasks;Utilities,674,25,4.8,non,atlassian,2026-09-17
com.view26.servicedesk-report.jira,"view26 Charts, Portal Reports & Dashboards for JSM",view26 GmbH,Dashboard gadgets;Charts & diagramming;Reports;IT & helpdesk,914,29,4.32,oui,atlassian,2026-02-15
de.communardo.confluence.plugins.userprofile,User Profiles for Confluence (Microsoft Attributes Sync),Elevatic,Admin tools;Messaging;Integrations;Macros,618,31,4.84,oui,atlassian,2026-05-27
meetical-connect-app,"Meetical Calendar & AI Meetings (Outlook, Google Calendar)",Meetical,Document management;Documentation;Integrations;Project management,552,39,4.9,oui,atlassian,2026-09-15
com.infosysta.jira.gtj,"Google to Jira (Gmail, Calendar, Drive, Chrome)",Futurate,Email;Integrations;Utilities;IT & helpdesk,1054,63,3.85,oui,atlassian,2026-08-11
com.arijea.easy-agile-roadmaps,Easy Agile Roadmaps for Jira,Easy Agile,Workflow;Charts & diagramming;Reports;Project management,1264,64,3.54,oui,atlassian,2026-06-24
com.miniorange.oauth.jira-oauth,Single Sign On (SSO) via OAuth/OpenID for Jira DC and Cloud,miniOrange,Admin tools;Integrations;Utilities;Security,536,74,4.81,oui,atlassian,2026-09-15
com.infosysta.jira.mobile,Mobile for Jira,Futurate,Tasks;IT & helpdesk;Mobile;Project management,840,52,4.23,oui,atlassian,2026-08-11
com.kaanha.jira.tableau,Tableau Connector Pro for Jira,Appfire,Charts & diagramming;Reports;Integrations;Project management,700,45,4.53,oui,atlassian,2026-09-15
com.j-tricks.jql-plugin,JQL Tricks for Jira,J-Tricks,Custom fields;Dashboard gadgets;Utilities;Project management,1131,28,3.93,oui,atlassian,2026-09-15
Addteq.Excellentable,Excellentable Spreadsheet for Confluence,Addteq Inc,Document management;Documentation;Blueprints;Macros,1312,52,3.44,oui,atlassian,2026-09-09
com.atlassian.plugins.confluence.markdown.confluence-markdown-macro,"Just Add+ Embed Markdown, Diagrams, & Code in Confluence Git",Modus  Create,Charts & diagramming;Documentation;Integrations;Macros,8303,50,4.25,oui,free,2026-09-09
tge.cloud,Table Grid Next Generation,"Exalate: Integrations for Jira, Azure DevOps, Zendesk, Salesforce, GitHub, ServiceNow, ...",Custom fields,1180,82,3.48,oui,atlassian,2026-09-24
net.customware.confluence.plugin.linking,Linking for Confluence,Appfire,Admin tools;Dashboard gadgets;Macros;Utilities,1235,42,3.54,oui,atlassian,2026-09-08
logjira.jira,Simple Timesheet & Worklog Dashboard Gadget for Jira,Agilis LT (Simple Reports),Time tracking;Dashboard gadgets;Reports;Project management,740,11,4.89,oui,atlassian,2026-09-16
com.lbcg.jira.plugin.pro.BulkClonePro,Bulk Clone Professional for Jira,LB Consulting Group,Admin tools,703,18,4.72,oui,atlassian,2026-01-23
com.mute.confluence.plugins.xTables,Smart Tables for Confluence (Table Filter & Charts),Creativas,Documentation;Utilities;Project management,885,17,4.41,oui,atlassian,2026-09-18
net.junovi.confluence.blueprint-creator,"Blueprint Creator - Advanced Templates: Pages, Blog & Spaces",Seibert - Junovi,Custom fields;Document management;Documentation;Blueprints,423,63,5.0,non,atlassian,2026-09-16
es.excentia.jira.plugins.jira-sonarqube-connector-plugin,SonarQube Connector for Jira,excentia,Reports;Code quality;Security;Source code,1029,26,3.99,oui,atlassian,2026-09-15
com.jiraeditor.jeditor,JEditor - Rich Text Editor for Jira,Bobronix,Custom fields;Email;Document management;IT & helpdesk,897,57,3.97,non,atlassian,2026-09-07
com.stiltsoft.confluence.quiz,"IZI for Confluence (LMS, Training Courses, Quizzes)",Stiltsoft Europe OÜ,Document management;Documentation;Integrations;Design tools,851,34,4.19,oui,atlassian,2026-08-12
com.go2group.jira.plugin.synapse,TestRay - Requirements and Test Management for Jira,"Goldfinger Holdings, Inc.",Custom fields;Dashboard gadgets;Project management;Testing & QA,600,68,4.54,oui,atlassian,2026-09-21
de.communardo.confluence.plugins.subspace,SubSpace Navigation for Confluence,Elevatic,Themes & styles;Document management;Macros,736,63,4.23,oui,atlassian,2026-03-18
com.docminer.jira.issue-links,Links Hierarchy:  Track Work item Dependency and Progress,Kintosoft,Time tracking;Charts & diagramming;IT & helpdesk;Project management,920,28,4.11,oui,atlassian,2026-09-23
com.deviniti.atlassian.apps.extension-theme,Theme Extension for Jira Service Management,Deviniti,Themes & styles;Design tools;IT & helpdesk,855,26,4.23,oui,atlassian,2026-09-11
ru.andreymarkelov.atlas.plugins.datacollector,Issue History Collector - See History,Appfire,Time tracking;Custom fields;IT & helpdesk;Project management,731,39,4.33,oui,atlassian,2026-07-06
com.dolby.atlassian.jira.jirasu,Switch User (SU) for Jira,The Plugin People,Admin tools;Utilities;IT & helpdesk;Monitoring,515,26,4.9,non,atlassian,2026-07-03
com.intenso.jira.plugins.ad-integration-manager,Active Directory Attributes Sync,Deviniti,Custom fields;Integrations,635,46,4.46,non,atlassian,2026-09-22
de.dl.confluence.plugin.imagemap.ImageMapPlugin,Scroll ImageMap for Confluence,K15t,Charts & diagramming;Macros,1007,12,4.27,oui,atlassian,2026-07-20
individual.velocity.gadget.jira,Individual Velocity Chart/Report Dashboard Gadget for Jira,Agilis LT (Simple Reports),Dashboard gadgets;Charts & diagramming;Reports;Project management,886,13,4.42,oui,atlassian,2026-09-16
net.kentcom.page-view-tracker,Page View Tracker,KC Integrations,Document management;Documentation;Utilities;Monitoring,897,16,4.3,non,atlassian,2026-05-04
com.miniorange.sso.saml.jira-sso,Single Sign On SAML SSO for Jira (SSO SAML) + User Sync/SCIM,miniOrange,Admin tools;Integrations;Utilities;Security,415,82,4.91,oui,atlassian,2026-09-08
agileretrospectivesjira,Agile Retrospectives for Jira,"Catapult Labs, LLC",Tasks;Macros;Utilities;Project management,870,23,4.18,oui,atlassian,2026-09-23
com.spartez.scrumprint.scrumplugin,Agile Cards - Print Issues from Jira,Appfire,Workflow;Utilities;Design tools;Project management,700,70,4.18,oui,atlassian,2026-08-11
com.alphaserve.tableau-connector-jira,Tableau Connector for Jira,Tempo Software,Charts & diagramming;Reports;Integrations;Project management,585,12,5.0,oui,atlassian,2026-09-23
aldeva.app.jira.issue.calendar,Issue Calendar for Jira,ALDEVA DIGITAL,Shared workflows;Tasks;Utilities;Project management,1169,17,3.75,oui,atlassian,2026-02-06
com.communardo.confluence.metadata,Metadata for Confluence,Elevatic,Custom fields;Reports;Document management;Project management,622,18,4.72,oui,atlassian,2026-09-08
com.coresoftlabs.secure-fields.secure-fields,Secure Fields - Data Security & Privacy - ROA Ready!,Almarise,Custom fields;Utilities;Security;Project management,650,30,4.46,oui,atlassian,2026-09-23
info.renjithv.jira.plugins.sysadmin.homedirectorybrowser,"Home Directory, Database & Log File Browser for Jira",votazz,Admin tools;Tasks;Utilities,608,27,4.58,non,atlassian,2026-02-11
app.releasemanagement.agile-board,Advanced Kanban & Agile Boards: SAFe & WIP Limits for Jira,Release Management,Utilities;Dependency management;Project management,523,17,4.93,oui,atlassian,2026-09-21
net.seibertmedia.confluence.linchpin-suite,"Linchpin Intranet Suite - Themes, Users, Menu, News & More",Seibert,Themes & styles;Macros;Mobile;Project management,382,43,5.0,oui,atlassian,2026-09-17
de.stagil.jira.stagil-assets,"STAGIL Assets - Link & Relation Management, JSM Procurement",STAGIL by catworkx,Custom fields;IT & helpdesk;CRM;Dependency management,481,32,4.8,oui,atlassian,2026-09-16
com.miniorange.twofactor.jira-twofactor,mO 2FA for Jira (Two Factor Authentication),miniOrange,Admin tools;Integrations;Utilities;Security,383,55,4.95,non,atlassian,2026-08-10
com.deniz.jira.reminders,Reminders for Jira,The Starware,Tasks;Email;IT & helpdesk;Project management,734,20,4.38,oui,atlassian,2026-05-16
ch.mibex.bamboo.sonar4bamboo,Include Code Quality for Bamboo,Elevatic,Tasks;Continuous integration;Code quality;Code review,551,24,4.69,non,atlassian,2025-11-27
ru.teamlead.jira.plugins.JIRA-Teamlead-Calendar,"Calendar for Jira (Timeline Roadmap, Planning & Events)",Teamlead,Time tracking;Reports;Tasks;Project management,1009,104,3.33,oui,atlassian,2026-05-25
microsoft-teams,Microsoft Teams for Jira Data Center,Atlassian,Integrations,26861,322,3.68,oui,free,2026-02-24
com.metainf.confluence.plugin.pagetreeexporter.pagetree-word-exporter-plugin,"Content Exporter for Confluence (PDF, Word, HTML)",META-INF KFT,Document management;Documentation;Macros;Utilities,1104,28,3.48,oui,atlassian,2026-08-14
rs.codecentric.label-manager-project,Label Manager for Jira,codecentric AG,Admin tools;Custom fields;Project management,754,18,4.31,oui,atlassian,2026-07-24
net.luethi.plugins.jira.apn4jiraconnect,Mobility for Jira - mobile for enterprise & teams,Mobility Stream,Messaging;IT & helpdesk;Mobile;Project management,837,53,3.73,oui,atlassian,2026-09-15
com.onresolve.stash.groovy.groovyrunner,ScriptRunner for Bitbucket,The Adaptavist Group,Workflow;Utilities;Repository hooks;Code review,602,20,4.56,non,atlassian,2026-09-11
com.brizoit.companycalendar,Company Calendar for Jira,BrizoIT,Dashboard gadgets;Reports;Tasks;Project management,586,38,4.38,oui,atlassian,2026-08-19
net.softwaretank.smart-issue-templates,Smart Issue Templates for Jira,AppsDelivered,Custom fields;IT & helpdesk;Project management;Testing & QA,379,56,4.87,oui,atlassian,2026-05-18
fr.spectrumgroupe.confluence.plugins.formatting.macros,Content Formatting Toolkit for Confluence,VECTORS,Themes & styles;Document management;Documentation;Macros,891,27,3.8,oui,atlassian,2026-09-22
com.codedoers.jira.repeating-issues,Repeating Issues for Jira,Codedoers Sp. z o.o.,Workflow;Tasks;Utilities;Project management,687,28,4.2,oui,atlassian,2026-01-07
com.miniorange.oauth.confluence-oauth,Single Sign On (SSO) via OAuth and OpenID for Confluence,miniOrange,Integrations;Utilities,332,53,5.0,oui,atlassian,2026-09-17
de.stagil.jira.stagil-table-field,"STAGIL Tables (ToDo Checklists, Reports, Data Sync, APIs)",STAGIL by catworkx,Custom fields;Reports;Tasks;Integrations,652,19,4.41,oui,atlassian,2026-06-25
com.decadis.confluence.spaceadmin,Space Admin for Confluence,Decadis AG,Admin tools;Document management;Documentation;Utilities,351,36,5.0,non,atlassian,2026-04-16
de.catworkx.jira.plugins.outlook2jira,Outlook Connector for Jira,gesesoft,Email;Integrations;IT & helpdesk;Project management,736,27,4.07,oui,atlassian,2026-03-25
confluence-microsoft-teams-connector,Advanced Microsoft Teams Connector for Confluence,Move Work Forward,Messaging;Integrations;IT & helpdesk;Project management,637,17,4.49,oui,atlassian,2026-07-01
com.comalatech.cloud.approvals,Comala Document Control,Appfire,Workflow;Document management;Documentation;Project management,735,24,4.11,oui,atlassian,2026-07-15
fr.spectrumgroupe.confluence.plugins.glossary,Glossary for Confluence (Terms Definition),VECTORS,Document management;Documentation;Blueprints;Macros,799,87,3.58,oui,atlassian,2026-09-21
com.stonikbyte.jira.plugins.project-docs-plugin,Documents for Jira,StonikByte,Dashboard gadgets;Document management;Project management,505,23,4.67,oui,atlassian,2026-01-05
de.scandio.confluence.plugins.task-reminder,Task Reminder - Slack & Mail Notifications for Confluence,Lively Apps,Tasks;Email;Messaging;Integrations,840,14,4.11,oui,atlassian,2026-07-01
com.radbee.confluence.plugins.jira-snapshots-for-confluence,Snapshots of Jira Data into Confluence,RadBee Ltd,Reports;Integrations;Macros;Project management,408,28,4.87,oui,atlassian,2026-09-15
com-softcomply-riskmanager-plus,SoftComply Risk Manager Plus for Advanced Risk Management,SoftComply,Custom fields;Reports;Monitoring;Project management,568,10,4.88,oui,atlassian,2026-08-03
com.lucidchart.confluence.plugins.lucid-confluence,Lucidchart Diagrams Connector,Lucid,Charts & diagramming;Macros;Design tools,25960,261,3.52,oui,free,2026-09-10
com.infosysta.plugins.licensing.license,Microsoft Outlook for Jira,Futurate,Email;Integrations;Mobile;Project management,671,48,3.98,oui,atlassian,2026-08-11
amoeboids-upraise,"UpRaise for Employee Success - OKRs, Feedback, Review forms",Amoeboids Technologies Pvt Ltd,Dashboard gadgets;Project management,636,42,4.11,oui,atlassian,2026-09-16
com.ricksoft-inc.plugins.space-sync-for-confluence,Space Sync for Confluence (Copy & Publish Pages over Sites),"Ricksoft, Inc.",Shared workflows;Document management;Documentation;Utilities,767,11,4.34,oui,atlassian,2026-08-21
io.bloompeak.jira-reports-free,Easy Reports Free - Custom Charts for Jira Dashboard,Bloompeak,Dashboard gadgets;Charts & diagramming;Reports;Project management,11699,91,4.85,oui,free,2026-08-12
net.seibertmedia.jira.plugins.agilehive,Agile Hive | SAFe Structure ART PI Planning Roadmaps,Seibert,Reports;Integrations;Dependency management;Project management,328,37,5.0,oui,atlassian,2026-07-30
com.aelbox.scrumpy,Scrumpy Planning Poker for Jira,AELBOX,Workflow;Integrations;Utilities;Project management,744,22,4.03,oui,atlassian,2026-02-03
com.tngtech.jira.plugins.customcontent.jira-gadget-custom-content,Custom Content for Jira,TNG Technology Consulting GmbH,Dashboard gadgets,744,22,4.03,oui,atlassian,2026-09-10
onedrive-confluence,OneDrive & SharePoint for Confluence,Bilith (Office 365 apps),Document management;Documentation;Integrations;Macros,965,24,3.54,oui,atlassian,2026-03-31
com.decadis.confluence.lastlog,Last Log for Confluence,Decadis AG,Admin tools;Reports;Utilities;Monitoring,516,13,4.81,non,atlassian,2026-05-12
com.nearinfinity.confluence.survey-plugin,Survey and Vote Macros,Appfire,Custom fields;Documentation;Macros;Project management,579,40,4.19,non,atlassian,2026-09-15
com.keplerrominfo.jira.plugins.databasecf,Power Database Fields,Appfire,Custom fields;Integrations;CRM,440,59,4.49,non,atlassian,2026-09-22
com.kaanha.timesheets,Timesheets for Jira,Appfire,Time tracking;Dashboard gadgets;Reports;Project management,445,41,4.54,oui,atlassian,2026-09-15
info.renjithv.jira.addons.threadedcomments.threaded-comments,Threaded Comments for Jira,votazz,Email;Messaging;Utilities;Project management,749,57,3.62,oui,atlassian,2026-08-27
com.bit-booster.bb.hooks,ControlFreak - Commit Checks and Jira Hooks for Bitbucket,GitBoost Software Inc.,Workflow;Repository connectors;Integrations;Repository hooks,610,21,4.29,oui,atlassian,2026-09-07
io.getint.apps.jira.jira-jira,Work Sync for Jira (Connector) FORGE,"Getint integrations [Jira, Azure DevOps, ServiceNow, Salesforce, Asana, Monday,ClickUp, GitLab and others]",Admin tools;Workflow;Integrations;Project management,439,24,4.7,oui,atlassian,2026-09-16
com.miniorange.sso.saml.confluence-sso,Single Sign On SAML SSO for Confluence (SSO SAML)+User Sync,miniOrange,Admin tools;Integrations;Utilities;Security,320,60,4.88,non,atlassian,2026-09-18
com.pragbits.stash.stash2slack,Slack notifications for Bitbucket,votazz,Workflow;Messaging;Integrations;Continuous integration,545,40,4.22,non,atlassian,2025-11-19
com.wittified.jira.project-creator,Delegated Project Creator for Jira,Appfire,Admin tools;Tasks;Utilities;Project management,529,33,4.32,oui,atlassian,2026-08-03
org.andya.confluence.plugins.metadata,Comala Metadata,Appfire,Admin tools;Workflow;Document management;Macros,519,22,4.49,non,atlassian,2026-05-07
com.atlassian.confluence.extra.graphviz,Graphviz Diagrams for Confluence,Appfire,Charts & diagramming;Reports;Macros;Design tools,614,10,4.62,oui,atlassian,2026-05-29
io.getint.apps.jira.jira-asana,Asana Integration for Jira (Asana Connector) FORGE,"Getint integrations [Jira, Azure DevOps, ServiceNow, Salesforce, Asana, Monday,ClickUp, GitLab and others]",Admin tools;Shared workflows;Integrations;Project management,359,21,4.94,oui,atlassian,2026-09-16
com.eazybi.confluence.plugins.eazybi-confluence,"eazyBI for Confluence Reports, Charts, and Dashboards",eazyBI,Charts & diagramming;Reports;Macros;Project management,866,3,5.0,oui,atlassian,2026-06-17
com.simplenia.confluence.plugins.imageslider,Image Slider for Confluence,Appfire,Themes & styles;Reports;Macros;Mobile,527,30,4.29,oui,atlassian,2026-05-28
com.holydev.env.plugin.jira-holydev-env-plugin,Golive | Environment Planning & Deployment Tracking for Jira,Apwide,IT & helpdesk;Deployments;Project management;Testing & QA,353,39,4.78,oui,atlassian,2026-08-11
com.candylio.jira.plugins.jira-csat,Customer Satisfaction (CSAT) Survey for Jira,Candylio Software Pte. Ltd.,Dashboard gadgets;Reports;IT & helpdesk;Continuous integration,562,43,4.07,oui,atlassian,2026-08-28
weekly.status.report.jira,"Status & Progress Report, Sum Up Dashboard Gadget for Jira",Agilis LT (Simple Reports),Time tracking;Dashboard gadgets;Reports;Project management,736,10,4.25,oui,atlassian,2026-09-16
io.getint.apps.jira.jira-monday,Monday.com Integration for Jira (Monday.com Connector) FORGE,"Getint integrations [Jira, Azure DevOps, ServiceNow, Salesforce, Asana, Monday,ClickUp, GitLab and others]",Admin tools;Integrations,464,18,4.65,oui,atlassian,2026-09-16
com.stonikbyte.great.gadgets.server,Great Gadgets for Jira DC (Agile Charts Reports KPIs),StonikByte,Dashboard gadgets;Charts & diagramming;Reports,402,15,4.92,non,atlassian,2026-09-23
com.mobilitystream.jira.google4jiracloud,Google Sheets Integration,Mobility Stream,Reports;Integrations,727,17,3.97,oui,atlassian,2026-08-17
com.porzelt.jira.darktheme.DarkTheme,DarkTheme,Maximilian Porzelt,Admin tools;Themes & styles;Utilities;Design tools,496,28,4.38,non,atlassian,2026-04-22
com.elitesoft.confluence.open.api.plugins,Open API (Swagger) Editor for Confluence,EliteSoft,Documentation;Integrations;Macros;Source code,615,9,4.58,oui,atlassian,2025-08-29
com-softcomply-riskmanager-cloud,SoftComply Risk Manager for Basic Product Risk Management,SoftComply,Custom fields;Dashboard gadgets;Reports;Project management,559,14,4.46,oui,atlassian,2026-08-03
com.akelesconsulting.jira.plugins.OutOfOfficeAssistant,Out Of Office Assistant,Akeles Consulting,IT & helpdesk,443,20,4.62,oui,atlassian,2026-07-30
com.inboxforjira.inbox,Inbox for Jira (smart notifications),Rixter AB,Tasks;Messaging;Utilities;Project management,508,21,4.4,oui,atlassian,2026-07-02
de.edrup.confluence.plugins.tree-view,Tree View,Purde Software,Messaging;Macros,513,10,4.75,oui,atlassian,2026-09-19
net.brokenbuild.subversions,Versions Hierarchy: Cross-Project Release Tree for Jira,Broken Build Labs,Tasks;Utilities;Dependency management;Project management,813,5,4.5,oui,atlassian,2026-05-11
com.elitesoftsp.confluence.tiny.question.answer.plugins,Questions & Answers,EliteSoft,Documentation;Messaging;Utilities;IT & helpdesk,657,26,3.89,oui,atlassian,2026-06-11
com.yworks.plugins.confluence.graphity,Graphity - Diagrams for Confluence,yWorks GmbH,Charts & diagramming;Macros;Design tools,762,9,4.17,oui,atlassian,2026-03-27
io.bloompeak.status-time-free,Status Time Reports Free - Time in Status,Bloompeak,Time tracking;Reports;IT & helpdesk;Monitoring,10551,58,4.74,oui,free,2026-07-23
ru.teamlead.jira.plugins.teamlead-crm-plugin-for-jira,CRM for Jira (Customers & Sales),Teamlead,Custom fields;Dashboard gadgets;Documentation;CRM,646,102,3.53,oui,atlassian,2026-09-08
com.nolddor.jql-booster-pack,JQL Booster Pack,Sweet Bananas,Admin tools;Reports;Utilities;Project management,331,17,5.0,non,atlassian,2026-01-14
com.simplenia.confluence.plugins.newsteaser,News Teaser for Confluence,Appfire,Dashboard gadgets;Shared workflows;Messaging;Macros,366,13,5.0,oui,atlassian,2026-08-07
ru.mail.jira.plugins.mailrucal,My Calendar - Plan Across Projects & Teams for Jira,Addonix,Time tracking;Dashboard gadgets,264,255,4.79,oui,atlassian,2026-05-22
de.resolution.apitokenauth.jira,API Token Authentication for Jira expand connection security,resolution Reichert Network Solutions GmbH,Admin tools;Integrations;Utilities;Security,375,12,5.0,non,atlassian,2026-08-27
org.swift.confluence.excel,Excel for Confluence,Appfire,Charts & diagramming;Reports;Integrations;Macros,992,7,3.75,oui,atlassian,2026-07-14
ru.mail.jira.plugins.todolist,My ToDo Checklist - Fast Inline ToDo Lists for Jira,Addonix,Custom fields;Project management,510,47,4.04,oui,atlassian,2026-09-14
com.coresoftlabs.sla_powerbox.sla_powerbox,SLA PowerBox - On Time Service Delivery,Almarise,Custom fields;Dashboard gadgets;IT & helpdesk;Monitoring,456,33,4.32,oui,atlassian,2026-09-23
net.artemissoftware.confluence.flowboard.FlowBoard,Flow Board,Appfire,Workflow;Shared workflows;Tasks;Project management,518,28,4.15,non,atlassian,2026-09-15
mohamicorp-render-markdown,Markdown Extensions for Confluence,Appfire,Documentation;Integrations;Macros;Design tools,762,22,3.52,oui,atlassian,2026-04-16
com.idalko.jira.plugins.igrid,Table Grid Editor [Legacy Version],"Exalate: Integrations for Jira, Azure DevOps, Zendesk, Salesforce, GitHub, ServiceNow, ...",Custom fields;Integrations,339,64,4.51,non,atlassian,2026-09-14
time-between-statuses,"Agile Charts - WIP, Cycle & Lead Time, Time Trends",SaaSJet,Time tracking;Reports;IT & helpdesk;Project management,377,18,4.72,oui,atlassian,2025-07-31
com.elitesoftsp.confluence.json.viewer.plugins,JSON Viewer & Editor,EliteSoft,Documentation;Macros,450,7,5.0,oui,atlassian,2025-08-25
com.vilisoft.jira.plugins.template-cloner,"Clone Expert for Jira Templates, Epics and Issues",Vilisoft,Admin tools;Workflow;Utilities;Project management,462,20,4.38,oui,atlassian,2026-08-27
com.qotilabs.jira.collapsible-dashboard-sidebar-addon,Collapsible Dashboard Sidebar,Appfire,Themes & styles;Dashboard gadgets,313,15,5.0,non,atlassian,2026-08-17
com.almbase.jira.category-level,Multi Level & Tree Fields,Almbase,Custom fields;IT & helpdesk,258,25,5.0,oui,atlassian,2026-09-21
com.arsenalesystems.dataplane,Dataplane Reports for Jira,Appfire,Dashboard gadgets;Charts & diagramming;Reports;Project management,316,56,4.53,non,atlassian,2026-08-13
com.roninpixels.dashboards.confluence,"Dashboard Hub for Confluence (Reports, Dashboards from Jira)",Appfire,Dashboard gadgets;Charts & diagramming;Reports;Integrations,352,10,5.0,oui,atlassian,2026-09-01
simple.reports.jira,"Simple Custom Reports, Charts & Dashboard Gadgets for Jira",Agilis LT (Simple Reports),Time tracking;Charts & diagramming;Reports;Project management,536,10,4.38,oui,atlassian,2026-09-16
com.ugubi.streams.filtersactivitystream,Filters Activity Stream,UGUBI SP. Z O.O.,Time tracking;Dashboard gadgets;Utilities;Project management,326,22,4.72,oui,atlassian,2026-09-08
com.mohamicorp.confluence.macro.github.mohamicorp-github-macros,GitHub Macros for Confluence,Appfire,Repository connectors;Documentation;Integrations;Macros,444,10,4.62,oui,atlassian,2026-04-22
ru.andreymarkelov.atlas.plugins.prom-jira-exporter,Prometheus Exporter PRO for Jira,Appfire,Admin tools;Reports;Integrations;Monitoring,384,11,4.77,non,atlassian,2026-08-11
com.go2group.jira.plugin.crm,CRM Salesforce Integration for Jira,"Goldfinger Holdings, Inc.",Custom fields;Integrations;CRM,202,72,4.98,oui,atlassian,2026-09-04
com.kintosoft.jira.subversion-plus,Subversion ALM,Kintosoft,Repository connectors;Integrations;Project management;Source code,505,32,3.87,non,atlassian,2026-09-01
io.getint.apps.jira.jira-servicenow,ServiceNow Integration for Jira (Two-Way Sync),"Getint integrations [Jira, Azure DevOps, ServiceNow, Salesforce, Asana, Monday,ClickUp, GitLab and others]",Admin tools;Integrations,265,33,4.81,oui,atlassian,2026-09-16
jira.plugin.versionmanager,Version Manager for Jira,Holger Schimanski,Build management;Project management,460,8,4.69,oui,atlassian,2025-10-19
com.infosysta.aifj.ai-plugin-for-jira,Smart AI for Jira,Futurate,Reports;IT & helpdesk;Project management,215,7,4.46,oui,atlassian,2026-09-17
ch.bitvoodoo.confluence.plugins.panelbox,Advanced Panelboxes for Confluence,Elevatic,Documentation;Macros,360,12,4.79,oui,atlassian,2026-01-08
at.celix.jira.plugins.servicedesk-queue-collapse,Q Collapse for Jira Service Management,Communardo Austria GmbH,IT & helpdesk,425,21,4.29,non,atlassian,2025-09-25
com.plugins4people.merge.issue-merge,Service Pack for Agents,Appsvio - Atlassian Partner of the Year for 2023,Admin tools;Workflow;Custom fields;IT & helpdesk,467,28,4.02,oui,atlassian,2026-05-07
com.miniorange.twofactor.confluence-twofactor,mO 2FA for Confluence (Two Factor Authentication),miniOrange,Admin tools;Integrations;Utilities;Security,233,26,5.0,non,atlassian,2026-08-04
app.figma.jira,Figma for Jira Pro,CollabSoft,Documentation;Integrations;Macros;Design tools,383,9,4.86,oui,atlassian,2026-09-18
app.figma.confluence,Figma for Confluence Pro,CollabSoft,Documentation;Integrations;Macros;Design tools,677,17,3.56,oui,atlassian,2026-09-18
jiracustomfieldeditorplugin,Customfield Editor for Jira,codeclou GmbH,Admin tools;Custom fields;Project management,378,29,4.31,oui,atlassian,2026-07-13
com.midori.jira.plugin.jira-commit-policy-plugin,"Better Commit Policy for Jira (Git, Bitbucket and more!)",Midori Global Consulting Kft.,Repository connectors;Repository hooks;Code review;Source code,278,22,4.83,oui,atlassian,2025-12-08
cr.tin.iframed.iframed-macro,Iframes for Confluence,Modus  Create,Document management;Macros,542,7,4.46,non,atlassian,2026-09-08
de.stagil.silcm.stagil-incoming-links-confluence-macro,"Link Tools - Bulk Editor, Graphs, Audit, Structure",STAGIL by catworkx,Admin tools;Document management;Documentation;Macros,537,20,3.88,oui,atlassian,2026-03-24
de.stagil.jira.stagil-navigation,STAGIL Navigation Menus for Jira,STAGIL by catworkx,Themes & styles;Design tools,332,20,4.62,oui,atlassian,2026-06-03
com.bilith.lref.confluence-asana,Asana for Confluence,Bilith (Asana apps),Tasks;Integrations;Macros;Project management,831,15,3.17,oui,atlassian,2026-03-31
com.akelesconsulting.jira.plugins.SiteStatistics,Site Statistics for Jira,Akeles Consulting,Admin tools;Utilities,714,3,4.67,oui,free,2026-08-20
com.javahollic.confluence.confluencesu,Switch User (SU) for Confluence,The Plugin People,Admin tools,461,13,4.33,non,atlassian,2026-09-01
com.elitesoftsp.confluence.page.tracking.plugins,Page Views,EliteSoft,Admin tools;Reports;Document management;Utilities,339,26,4.47,non,atlassian,2026-06-19
org.swift.confluence.run,Run Self-Service Reports for Confluence,Appfire,Dashboard gadgets;Reports;Integrations;Macros,304,13,4.9,non,atlassian,2026-08-04
net.collabsoft.plugins.jira.jira-version-sync,Version & Component Sync for Jira,CollabSoft,Admin tools;Utilities;Project management,380,54,4.07,oui,atlassian,2026-02-15
com.acidoranges.addons.who-deleted-my-issues,Who Deleted My Issues? (Work item restorer & back up),Sevidev,Admin tools;Utilities;Security,242,22,4.94,oui,atlassian,2026-05-12
biz.epicreport.worklogs,Worklogs Report,Colined,Time tracking;Reports,392,18,4.38,oui,atlassian,2026-05-06
proficient.developer.plugins.jira.worklog-pivot,Report Builder: Custom Charts & Dashboards for Jira,Actonic Products GmbH,Dashboard gadgets;Charts & diagramming;Reports;Project management,446,19,4.14,oui,atlassian,2026-08-26
eps.focuspro.SpaceTreeCreator,"Page Tree Creator (Blueprint, Template) (former Space Tree)",EPS Software Engineering AG,Document management;Documentation;Blueprints;Macros,520,19,3.88,oui,atlassian,2026-06-25
de.polscheit.jira.plugins.gantt,Gantt-Chart for Jira,Werkstack GmbH,Dashboard gadgets;Charts & diagramming;Dependency management;Project management,483,129,3.45,oui,atlassian,2025-03-09
com.apwide.document.file-field,File Field | Attachment Custom Fields for Jira,Apwide,Workflow;Custom fields;Document management;Project management,229,35,4.86,oui,atlassian,2026-09-14
com.addonexpertscenter.jira-sprint-planning-resources,Sprint Capacity Planning & Tracking,Add-On Experts Center,Time tracking;Charts & diagramming;Tasks;Project management,676,28,3.21,oui,atlassian,2026-09-11
ru.teamlead.plugin.jira-plugin-epictime,TeamTime | Resource Reports: Estimate vs Worklog SumUp,Teamlead,Time tracking;Custom fields;Reports;Project management,474,18,4.03,oui,atlassian,2025-12-01
com.sourcesense.jira.plugin.cascadingselect,Multi-Level Cascading Select,Sourcesense,Custom fields,542,25,3.65,oui,atlassian,2026-08-04
com.cprime.confluence.power-scripts-confluence,Power Scripts for Confluence,Appfire,Admin tools;Document management;Integrations;Macros,225,20,5.0,non,atlassian,2026-09-23
kr.osci.apps.flex_jira,Flexible User License - Auto User Management for Jira,OSCi (Open Source Consulting),Admin tools;Integrations;Monitoring;Project management,252,22,4.83,oui,atlassian,2026-07-08
com.intenso.jira.plugins.translation.jsd-translation,Translation for Jira Service Management,Deviniti,IT & helpdesk,308,24,4.53,non,atlassian,2025-09-26
de.polscheit.jira.plugins.group-sign-off,Group Sign-Off: parallel Multi-Approvals,Werkstack GmbH,Custom fields;Utilities;IT & helpdesk;Project management,210,41,4.88,oui,atlassian,2026-09-01
com.linhtechnology.mermaid,Mermaid Integration for Confluence,Toshihiro Sato,Charts & diagramming;Documentation;Integrations,591,7,4.11,oui,atlassian,2026-05-07
confluence-github-link-macro,GitHub links for Confluence,Move Work Forward,Documentation;Integrations;Macros;Source code,701,7,3.75,oui,atlassian,2026-09-10
co.uk.jackgraves.classification.server-classification,"Compliance for Confluence (DLP, Classification & Detection)",AppFox,Admin tools;Document management;Utilities;Security,498,11,4.09,oui,atlassian,2026-09-24
de.codecentric.jira.wes,Workflow Essentials for Jira,codecentric AG,Admin tools;Workflow;Utilities,226,17,5.0,non,atlassian,2026-01-30
plugin.easyintegration,Easy Integrations for Jira,Appfire,Admin tools;Documentation;Integrations,214,20,5.0,oui,atlassian,2026-08-13
see-all-unresolved-comments,See All Unresolved Comments,StreamlineSoft,Document management,455,4,5.0,oui,atlassian,2025-08-19
de.polscheit.jira.plugins.traffic-light_status,Traffic-Lights for Jira,Werkstack GmbH,Custom fields;IT & helpdesk;Project management,239,47,4.63,oui,atlassian,2026-09-22
com.mohami.bitbucket.security-for-bitbucket,Security for Bitbucket Enhanced Secret Scanner by Soteri,Soteri,Repository hooks;Monitoring;Code review;Security,202,32,4.92,non,atlassian,2026-09-22
com.topshelfsolution.simpletasklists,Simple Tasklists,Top Shelf Solutions,Workflow;Custom fields;Tasks;Macros,336,17,4.47,oui,atlassian,2026-08-27
net.seibertmedia.plugin.confluence.cup,Linchpin User Profiles,Seibert,Admin tools;Custom fields;Macros,236,41,4.66,oui,atlassian,2026-09-14
com.testrail.jira.testrail-plugin,TestRail Test Management Integration for Jira,Gurock Software GmbH,Custom fields;Dashboard gadgets;Project management;Testing & QA,10441,111,3.78,oui,free,2026-02-26
org.tmatesoft.subgit.stash-svn-importer,SVN Mirror for Bitbucket Server,TMate Software,Utilities,246,64,4.49,non,atlassian,2026-01-22
zendesk_for_jira,Zendesk Support for Jira,Zendesk,IT & helpdesk,12944,143,3.36,oui,free,2026-09-07
azure-devops-confluence-integration,Azure DevOps Connector for Confluence,Move Work Forward,Workflow;Documentation;Integrations;Project management,671,10,3.5,oui,atlassian,2026-09-17
com.shdsd.plugin.confluenceWatermark,Watermark for Confluence,DragonSoft,Document management;Documentation;Utilities;Security,242,13,5.0,non,atlassian,2026-01-08
ru.andreymarkelov.atlas.plugins.signaturefields,Electronic Signatures,Appfire,Workflow;Utilities;Security,292,23,4.51,oui,atlassian,2026-08-19
com.otpl.jira.plugins.lxp,"Links Explorer: Traceability Matrix, Hierarchy & Dependency",Optimizory Technologies Pvt. Ltd.,Charts & diagramming;Reports;Dependency management;Project management,227,18,4.93,oui,atlassian,2026-08-27
com.izymes.workzone,Workzone: PullRequest Workflow,Izymes Pty Ltd,Workflow;Continuous integration;Code quality;Code review,228,23,4.84,oui,atlassian,2026-09-21
com.deniz.jira.versioning,Software Configuration Management Toolkit,The Starware,Admin tools;Dashboard gadgets;Dependency management;Project management,341,22,4.26,oui,atlassian,2026-09-07
com.mohami.confluence.plugins.security,Security for Confluence PII & Secret Scanner By Soteri,Soteri,Admin tools;Document management;Monitoring;Security,255,15,4.83,oui,atlassian,2026-09-17
com.assertthat.jira.bdd,AssertThat - BDD Cucumber & AI Test Management for Jira,AssertThat,Documentation;Continuous integration;Project management;Testing & QA,225,34,4.71,oui,atlassian,2026-09-16
com.infosysta.jira.in-app-and-desktop-notifications-for-jira,Notifications in Jira (Desktop and Icon Alerts),Futurate,Tasks;Email;Messaging;Utilities,410,18,4.03,non,atlassian,2026-07-16
com.comalatech.jira.canvas,Comala Canvas for Jira,Appfire,Custom fields;IT & helpdesk;Project management,336,25,4.2,oui,atlassian,2026-08-12
com.tngtech.gadgets.jira-barchart-gadget-plugin,Bar Charts for Jira,TNG Technology Consulting GmbH,Dashboard gadgets;Charts & diagramming;Reports;Project management,568,36,3.16,oui,atlassian,2026-09-10
ch.mibex.confluence.ipython-notebook,Jupyter Viewer for Confluence,Elevatic,Charts & diagramming;Documentation;Integrations;Macros,489,5,4.5,oui,atlassian,2026-07-10
com.comalatech.adhoccanvas,Comala Boards for Confluence,Appfire,Document management;Documentation;Blueprints;Macros,249,31,4.56,non,atlassian,2026-09-14
jp.dssolution.jira.timela,Timela - Worklog and Timesheet,DS SOLUTION,Time tracking;Reports;Project management,314,11,4.66,oui,atlassian,2025-05-29
com.jibrok.jira.plugins.message-field,Message field,JiBrok,Admin tools;Themes & styles;Custom fields;Messaging,231,12,5.0,oui,atlassian,2026-09-14
de.incloud.confluence.presenter,Slide Presenter for Confluence,addcraft GmbH,Themes & styles;Documentation;Utilities;Design tools,345,18,4.24,oui,atlassian,2026-06-29
se.findout.plugin.dependency-map,Dependency Map for Jira (link viewer),FindOut InfoVis AB,Workflow;Charts & diagramming;Dependency management;Project management,334,13,4.42,oui,atlassian,2026-09-09
de.actonic.jira.dgpr-tools,"Data Protection Toolkit: GDPR, PII & DLP for Jira",Actonic Products GmbH,Admin tools;Utilities;Monitoring;Security,309,12,4.58,oui,atlassian,2026-09-03
com.itlab.jira.plugins.extender,Extender for Jira,it.Lab,Admin tools;Workflow;Integrations;Utilities,188,23,4.95,non,atlassian,2026-09-16
com.activitytimeline.plugins.find-duplicates,"Find Duplicates: Detect Similar Issues, Find Related Issues",Reliex,Tasks;Utilities;Project management;Testing & QA,168,48,4.9,oui,atlassian,2026-09-01
de.edrup.confluence.plugins.simple-cite,Simple Cite,Purde Software,Documentation;Macros,393,4,5.0,oui,atlassian,2026-08-30
com.stepstonetech.confluence.plugins.latex,LaTeX and MathJax,The Plugin People,Charts & diagramming;Reports;Documentation;Macros,416,17,3.9,non,atlassian,2026-08-28
org.hakanai.jira.plugins.jirastatuscolor,Status Color for Jira,Brightsoft Apps,Admin tools;Themes & styles;Custom fields;Reports,266,25,4.45,non,atlassian,2026-02-16
com.jiraworkcalendar.ujg,Universal Gadget for Jira,BrizoIT,Admin tools;Dashboard gadgets;Charts & diagramming;Messaging,262,12,4.79,oui,atlassian,2025-09-08
nl.avisi.jira.plugins.edit-custom-field-values,Manage Custom Fields for Jira,Avisi Apps bv,Admin tools;Custom fields;Utilities,251,13,4.81,oui,atlassian,2026-01-12
com.intenso.jira.plugins.synchronizer,Issue Sync - Synchronization for Jira,Deviniti,Admin tools;Integrations;IT & helpdesk;Project management,414,24,3.75,oui,atlassian,2026-07-06
cz.closeit.atlassian.subtasks-navigation,Subtasks Navigation for Jira,CloseIT,Workflow;Time tracking;Tasks;Project management,266,8,5.0,oui,atlassian,2026-07-24
team-files-office-sharepoint-excel-google-drive-365-for-jira,ikuTeam Files: Document Management Automation,ikuTeam (File Automation & Workflows),Document management;Documentation;Integrations;Utilities,367,9,4.44,oui,atlassian,2026-09-10
release-management,"Release Management: Workflows, Calendar & Roadmaps - DC",Release Management,Dashboard gadgets;Reports;Continuous integration;Project management,266,19,4.54,non,atlassian,2026-09-23
com.madein49.slack-for-confluence,Slack for Confluence (Chat Notifications on Content Updates),codefortynine,Workflow;Documentation;Messaging;Integrations,392,11,4.2,oui,atlassian,2026-02-10
mailtowiki,mailto.wiki - Email for Confluence,CraftCoders eGbR,Workflow;Email;Document management;Messaging,316,11,4.55,oui,atlassian,2026-09-14
org.craftforge.jira.craftforge-jql-functions-plugin,Search Linked Issues,Addonrock Sp. z o.o.,Custom fields;Reports;Utilities;Project management,370,33,3.79,non,atlassian,2025-10-03
com.adaptavist.confluence.forums,Community Forums for Confluence,Kolekti (part of The Adaptavist Group),Documentation;Messaging;Blueprints;Macros,459,21,3.57,oui,atlassian,2026-06-11
com.k15t.scroll.doc.translations,Translations for Scroll Content Manager,K15t,Language packs;Document management;Documentation;Integrations,443,4,4.69,oui,atlassian,2026-04-01
org.swift.confluence.cache,Cache for Confluence,Appfire,Admin tools;Reports;Documentation;Macros,267,9,4.86,non,atlassian,2026-07-16
com.simplenia.stash.plugins.snippets,Snippets for Bitbucket,Appfire,Workflow;Utilities;Source code,222,24,4.64,non,atlassian,2026-06-18
com.miniorange.usermanagement.jira-user-management,User Management for Jira & Auto-deactivation (inactive user),miniOrange,Admin tools;Integrations;Utilities;Monitoring,251,8,5.0,oui,atlassian,2026-09-18
com.c4f.jira-board,Task Hub for Jira,C4F Technology,Workflow;Tasks;IT & helpdesk;Project management,190,15,5.0,oui,atlassian,2026-08-05
dependency-ring,"Dependency Mapper (Tracking, Planning & Risk Mapping)",Quirk,Charts & diagramming;Reports;Dependency management;Project management,284,16,4.44,oui,atlassian,2026-08-15
burndown.gadget.jira,Advanced Burndown Chart Dashboard Gadget for Jira,Agilis LT (Simple Reports),Dashboard gadgets;Charts & diagramming;Reports;Project management,487,12,3.65,oui,atlassian,2026-09-16
time.tracking.reports.jira,Time Tracking & Estimation Report Dashboard Gadget for Jira,Agilis LT (Simple Reports),Time tracking;Dashboard gadgets;Reports;Project management,431,4,4.69,oui,atlassian,2026-09-16
com.cprime.jira.plugins.surveyproject,Surveys for Jira - Jira Customer Surveys,Appfire,Admin tools;Reports;IT & helpdesk;Monitoring,379,22,3.81,oui,atlassian,2026-07-29
io.getint.apps.jira.jira-gitlab,GitLab Integration for Jira Two-Way Sync (FORGE),"Getint integrations [Jira, Azure DevOps, ServiceNow, Salesforce, Asana, Monday,ClickUp, GitLab and others]",Admin tools;Integrations,279,24,4.27,oui,atlassian,2026-09-16
ta-smart-templates,Smart Templates: Issue Templates for Jira,TitanApps,Tasks;Project management,246,8,5.0,oui,atlassian,2026-05-20
com.brikit.themepress,Brikit Theme Press for Confluence,Brikit,Themes & styles;Documentation;Macros;Design tools,179,34,4.77,non,atlassian,2026-09-17
org.techtime.confluence.plugins.easysso,EasySSO for Confluence (Kerberos/NTLM/HTTP headers/SAML SSO),TechTime Initiative Group Limited,Admin tools;Integrations;Utilities;Security,151,34,4.96,non,atlassian,2026-09-01
com.akeles.plugins.confluence.cqlSearchUtilities,Canned Search for Confluence,Akeles Consulting,Admin tools;Reports;Documentation;Macros,228,9,5.0,oui,atlassian,2025-11-12
pl.com.tt.apdc.ilv,Issue Links Viewer,Transition Technologies PSC,Charts & diagramming;Tasks;Utilities;Project management,414,23,3.59,oui,atlassian,2025-12-17
onedrive-jira,OneDrive & SharePoint for Jira,Bilith (Office 365 apps),Document management;Documentation;Integrations,531,19,3.16,oui,atlassian,2026-03-31
google-chat-jira-integration,Advanced Google Chat for Jira,Move Work Forward,Workflow;Documentation;Integrations;Utilities,407,3,5.0,oui,atlassian,2026-09-10
org.techtime.jira.plugins.easysso,EasySSO for Jira (Kerberos/NTLM/HTTP headers/SAML SSO),TechTime Initiative Group Limited,Admin tools;Integrations;Utilities;Security,149,37,4.93,non,atlassian,2026-09-01
tech.realigned.storymappro,Advanced Story Maps for Jira,Realigned Technologies,Design tools;Project management,325,10,4.38,oui,atlassian,2026-06-01
com.infosysta.jira.mobile-for-jira-service-desk-portal,JSM Mobile - Service Management Portal,Futurate,Messaging;Utilities;IT & helpdesk;Mobile,291,16,4.3,oui,atlassian,2025-11-04
com.kostebekteknoloji.plugins.confluence.confluence-label-manager,Label Manager for Confluence,Köstebek Teknoloji,Admin tools;Document management;Documentation;Utilities,499,21,3.21,oui,atlassian,2026-08-26
com.itlab.confluence.plugins.restapi-extender,Extender for Confluence,it.Lab,Admin tools;Utilities,182,14,5.0,non,atlassian,2026-08-18
confluence-team-decision-addon,"Polls, Votes, Surveys & Community Network for Confluence",DevSamurai,Charts & diagramming;Reports;Design tools;Project management,207,20,4.69,oui,atlassian,2026-01-30
com.almworks.structure.pages,Structure.Pages by Tempo - Add Confluence Pages to Structure,Tempo Software,Documentation;Blueprints;Integrations;IDE,401,3,5.0,non,atlassian,2026-09-11
msteams.nextup.jira,Microsoft Teams Integration+ for Jira,Appfire,Workflow;Messaging;Integrations;IT & helpdesk,606,3,4.0,oui,atlassian,2024-10-15
com.stiltsoft.confluence.talk.confluence-talk-plugin,Talk - Advanced Inline Comments,Stiltsoft Europe OÜ,Tasks;Document management;Documentation;Messaging,229,29,4.4,non,atlassian,2026-09-04
com.lucidchart.jira.plugins.lucid-jira,Lucidchart Diagrams Connector for Jira,Lucid,Charts & diagramming;Design tools,7877,47,3.8,oui,free,2026-03-13
com.tse.jira.deactivateusers.plugin.jira-deactivate-users-plugin,Manage Inactive Users for Jira,ILA eSolution,Admin tools;Utilities;IT & helpdesk;Security,178,14,5.0,non,atlassian,2026-01-12
bauer.bpmn.workflow.flowers,Flower Business Process & Workflow Automation BPMN for Jira,Flower - Business Process & Workflow Automation - BPMN for Jira,Workflow;Shared workflows;Tasks;Project management,229,13,4.71,oui,atlassian,2026-05-02
com.lb.software.stash.jira.connector.lb-software-stash-jira-connector,Jira Hooks for Bitbucket,DevOpsSystems GmbH,Workflow;Integrations;Repository hooks;Testing & QA,240,12,4.69,oui,atlassian,2025-12-09
org.techtime.confluence.plugins.usermanagement,User Management for Confluence (bulk & timed inactive users),TechTime Initiative Group Limited,Admin tools;Utilities;Monitoring,443,5,4.25,oui,atlassian,2026-09-11
jira.plugin.projectrole.projectroletab,Project Role Tab for Jira,Holger Schimanski,Project management,202,20,4.69,oui,atlassian,2025-11-09
ru.andreymarkelov.atlas.plugins.prom-confluence-exporter,Prometheus Exporter PRO for Confluence,Appfire,Admin tools;Reports;Integrations;Monitoring,286,9,4.58,non,atlassian,2026-08-11
com.jibrok.jira.plugins.time-in-status,Time in status | SLA | Timer | Stopwatch for Jira,JiBrok,Time tracking;Custom fields;Reports;IT & helpdesk,339,6,4.58,oui,atlassian,2026-09-14
com.yasoon.jira.light,Outlook Email for Jira (Full Integration),yasoon - Microsoft 365 for Jira,Email;Integrations;IT & helpdesk;Project management,469,3,4.58,oui,atlassian,2026-09-14
net.seibertmedia.confluence.enterprise-news-bundle,Linchpin Enterprise News,Seibert,Workflow;Dashboard gadgets;Messaging;Macros,165,16,5.0,oui,atlassian,2026-09-17
com.intenso.jira.plugins.suiTest,TestFLO - Test Management for Jira,Deviniti,Custom fields;Reports;Testing & QA,221,47,4.26,non,atlassian,2026-09-18
de.communardo.jira.plugins.sofia,SharePoint Connector for Jira,Elevatic,Document management;Integrations,477,2,5.0,oui,atlassian,2026-06-11
com.mohamicorp.stash.plugin.editor-for-stash,Power Editor for Bitbucket,Appfire,Documentation;Utilities;Code review;Source code,211,35,4.39,non,atlassian,2026-06-17
de.edrup.confluence.plugins.simple-qa,Smart Questions and Answers,Purde Software,Documentation;Messaging;IT & helpdesk,270,13,4.42,oui,atlassian,2026-09-19
kr.osci.apps.flex,Flexible User License - Auto User Management for Confluence,OSCi (Open Source Consulting),Admin tools;Integrations;Monitoring;Project management,192,17,4.78,oui,atlassian,2026-08-31
org.hotovo.sketch-confluence,Sketch Image Editor for Confluence,TeamOps FACTORY (Solumiss Group),Charts & diagramming;Document management;Utilities;Design tools,285,20,4.12,oui,atlassian,2026-03-03
com.appbox.ai.checklist.enterprise,Checklist for Jira (Enterprise),Appbox.ai,Workflow;Tasks;IT & helpdesk;Project management,224,17,4.56,oui,atlassian,2024-12-29
raju.kadam.confluence.permissionmgmt,Custom Space User Management (CSUM) for DC and Cloud,The Plugin People,Admin tools;Utilities;Security;Project management,260,17,4.34,oui,atlassian,2026-09-18
csdn.jira.languagepatch.zh_CN,Chinese (China) Language Patch for Jira,Chinese Technical Support,Language packs,262,11,4.55,oui,atlassian,2024-09-18
net.seibertmedia.jira.plugins.autopage,AutoPage (Creates pages in Confluence with Jira issues),Seibert,Themes & styles;Documentation;Integrations;IT & helpdesk,164,15,5.0,oui,atlassian,2026-07-17
com.k15t.scroll.doc.variants,Variants for Scroll Content Manager,K15t,Document management;Documentation;Macros;Utilities,436,3,4.67,oui,atlassian,2026-04-01
com.bit-booster.bb,PR-Booster For Bitbucket,GitBoost Software Inc.,Workflow;Source code,186,15,4.83,oui,atlassian,2025-09-24
de.kontextwork.goedit.jira,GoEdit - Direct Attachment Edit for Jira,KontextWork,Document management;Integrations;Utilities;Project management,144,21,5.0,non,atlassian,2026-04-08
retrospectives4confluence,Agile Retrospectives for Confluence,"Catapult Labs, LLC",Tasks;Macros;Utilities;Project management,309,14,4.11,oui,atlassian,2026-09-23
com.k15t.scroll.scroll-translations,Scroll Translations for Confluence,K15t,Language packs;Document management;Documentation;Integrations,292,15,4.17,non,atlassian,2026-09-15
de.griffel.confluence.plugins.plant-uml,PlantUML for Confluence,avono AG,Charts & diagramming;Reports;Macros;Design tools,4118,58,4.6,non,free,2026-03-18
ai.appforge.jira.plugins.doctorproforjira,"Doctor Pro: Audit, Optimize & Manage Configuration for Jira",AppForge.ai,Admin tools;Custom fields;Reports;Security,187,10,5.0,oui,atlassian,2026-07-04
com.troopr.jira,Slack Integration for Jira,Troopr Labs - AI for Support & Project Management,Workflow;Messaging;IT & helpdesk;Project management,162,17,4.93,oui,atlassian,2023-06-14
com.almworks.jira.colors.colors-plugin,Colors for Jira by Tempo - JQL-Based Highlighting in Jira,Tempo Software,Themes & styles;Custom fields;Messaging;Design tools,283,7,4.64,non,atlassian,2026-09-13
com.riadalabs.jira.plugins.userdeactivator,User Management and License Optimizer for Jira & Confluence,resolution Reichert Network Solutions GmbH,Admin tools;Integrations;Utilities;IT & helpdesk,286,9,4.44,oui,atlassian,2026-09-09
com.m20tech.tooltips,Tooltips,Sngular,Documentation,342,12,3.96,non,atlassian,2025-12-01
net.youngaweb.jira.issue-type-ui-filter,Issue Type Filters,Young Plugins,Admin tools;Utilities;Security;Project management,305,22,3.86,oui,atlassian,2025-11-04
com.tensixtwo.conf.numcapt,Numbered Captions,Appfire,Documentation;Macros,309,8,4.38,oui,atlassian,2026-09-24
ru.teamlead.jira.plugins.agile-filters-for-jira,Agile Filters for Jira (Quick Filters by Users on Boards),Teamlead,Dashboard gadgets;Reports;Tasks;Project management,212,18,4.51,non,atlassian,2025-12-01
eps.focuspro.Translate,Easy Translator for Confluence,EPS Software Engineering AG,Language packs;Document management;Documentation,277,7,4.64,oui,atlassian,2026-09-01
ch.mibex.bitbucket.codeowners,DevSensei PR Workflow Automation | Code Owners for Bitbucket,Elevatic,Code quality;Code review;Source code;Testing & QA,222,14,4.55,oui,atlassian,2026-09-11
com.tngtech.confluence.plugins.pdfmacros,PDF Macros for Confluence,TNG Technology Consulting GmbH,Document management;Macros,392,8,3.91,non,atlassian,2026-09-10
com.mumosystems.checkout,Checkout - Procurement for Jira Service Management,Mumo Systems,Workflow;Integrations;Utilities;IT & helpdesk,196,12,4.79,oui,atlassian,2026-07-26
com.akelesconsulting.jira.plugins.AttachmentChecker,Attachment Checker for Jira,Akeles Consulting,Admin tools;Security,174,15,4.83,non,atlassian,2026-09-23
com.wombatscorp.jira-tokens,API Tokens for Jira,Wombats Corp,Admin tools;Integrations;Utilities;Security,184,20,4.62,non,atlassian,2026-04-27
com.bilith.lref.confluence-box,Box for Confluence,Bilith Labs,Document management;Documentation;Integrations;Macros,253,10,4.5,oui,atlassian,2026-03-31
de.scandio.confluence.plugins.lively-blog,Lively Blogs - Dynamic News and Feeds for Confluence,Lively Apps,Themes & styles;Dashboard gadgets;Messaging;Macros,183,15,4.75,oui,atlassian,2026-08-28
io.hgn.confluence.viableissues,Viable Issues – Create better issues for Jira in Confluence,Seibert,Tasks;Integrations;Macros;Project management,182,11,4.89,oui,atlassian,2026-07-14
com.siemens.confluence.tagcloud,Tag Cloud for Confluence,TNG Technology Consulting GmbH,Charts & diagramming;Reports;Macros;Design tools,233,13,4.42,non,atlassian,2026-09-10
com.redmoon.subtaskmanager.jira,STM Issue Templates (auto & manual create/update/transition),Redmoon Software Ltd,Workflow;Utilities;Dependency management;Project management,179,21,4.58,oui,atlassian,2026-06-19
biz.everit.jira.epic-roadmap,Epic Roadmap for Jira (Project Timeline for Data Center),EverIT by catworkx,Charts & diagramming;Reports;Project management,222,10,4.62,non,atlassian,2026-02-18
sk.eea.jira.natural-searchers,Natural Searchers for Jira,"BOOTIQ SK, part of BiQ Group",,258,8,4.53,non,atlassian,2025-11-02
com.deniz.jira.similarissues,Similar and Related Issues Finder,The Starware,Reports;Project management,240,10,4.5,oui,atlassian,2026-09-03
de.actonic.inline-table-editing,Fast Inline Table Editing + Excel Formulas for Confluence,Actonic Products GmbH,Document management;Documentation;Macros;Utilities,311,14,3.84,oui,atlassian,2026-03-31
com.stiltsoft.jira.teamcity,TeamCity Integration for Jira,Stiltsoft Europe OÜ,Build management;Integrations;Continuous integration;Deployments,270,18,3.96,oui,atlassian,2025-11-07
com.moresimp.impex,ImpEx - Import & Export from/to MS Excel,MORESIMP,Reports;Tasks;Integrations;Project management,297,9,4.17,oui,atlassian,2026-09-08
com.balsamiq.jira.plugins.mockups,Balsamiq Wireframes for Jira Data Center,Balsamiq,Design tools,226,30,4.04,non,atlassian,2026-08-05
com.elitesoftsp.confluence.google.drive.plugins,Google Drive Connector for Confluence,EliteSoft,Document management;Documentation;Integrations;Macros,175,14,4.73,oui,atlassian,2026-03-10
com.deniz.jira.customfields,Custom Fields ++ for Jira,The Starware,Custom fields;Utilities;IT & helpdesk;Project management,194,7,5.0,oui,atlassian,2025-12-15
de.communardo.plugin.stash-project-categories,Categories for Bitbucket,Elevatic,Admin tools;Document management,148,19,4.8,non,atlassian,2026-03-26
com.develocenter.jira.links-scheme,Extended Schemes for Jira,Develocenter,Admin tools;Reports;Utilities;IT & helpdesk,263,18,3.96,oui,atlassian,2026-02-02
com.resolution.atlasplugins.samlsso-bitbucket,SAML SSO Single Sign On for Bitbucket SSO OAuth + User Sync,resolution Reichert Network Solutions GmbH,Integrations;Utilities;Security,188,12,4.69,non,atlassian,2026-08-27
app.releasemanagement.releasegadgets.release-gadget,"Release Gadgets: Roadmap, Calendar, Burnup, Status for Jira",Release Management,Dashboard gadgets;Charts & diagramming;Project management,304,5,4.5,oui,atlassian,2026-07-29
com.akelesconsulting.confluence.plugins.AttachmentChecker4CONF,Attachment Checker for Confluence,Akeles Consulting,Admin tools;Security,140,13,5.0,non,atlassian,2026-07-13
net.veniture.confluence.cloud.macrosuite,Optics - Content Formatting and Presentation Macros (Dex),Caelor,Themes & styles;Documentation;Macros;Utilities,2194,108,4.98,oui,free,2026-09-04
net.utoolity.atlassian.bamboo.tasks-for-aws,Tasks for AWS (Bamboo),Utoolity,Tasks;Integrations;Continuous integration;Testing & QA,149,11,5.0,non,atlassian,2026-09-01
com.qotilabs.jira.rich-filters-time-tracking-dashboards,Rich Filters::Time Tracking Dashboards,Appfire,Time tracking;Dashboard gadgets;Reports;Project management,326,6,4.17,non,atlassian,2026-07-08
com.methoda.plugins.rtl-for-confluence,RTL for Confluence,Methoda,Themes & styles;Document management;Documentation;Design tools,257,6,4.58,oui,atlassian,2026-06-30
de.stagil.jira.create-and-link,STAGIL Issue Templates & Scheduler,STAGIL by catworkx,Workflow;Utilities;IT & helpdesk,189,8,4.84,oui,atlassian,2026-09-01
com.qotilabs.jira.rich-filters-service-desk-dashboards,Rich Filters::Service Management Dashboards,Appfire,Dashboard gadgets;Charts & diagramming;Reports;IT & helpdesk,362,2,5.0,non,atlassian,2026-06-30
com.bolo.conf.numhead,Easy Numbered Headings,Appfire,Documentation;Macros,247,12,4.17,oui,atlassian,2026-09-16
com.wittified.atl-announcer-jira,Announcer for Jira,Appfire,Admin tools;Tasks;Messaging;Project management,262,12,4.06,oui,atlassian,2026-08-03
com.herzum.jira.plugin.approval.herzum-approval-plugin,Herzum Approval,STAGIL by catworkx,Workflow;Project management,302,15,3.67,oui,atlassian,2026-08-20
net.seibertmedia.confluence.language-manager,Language Manager,Seibert,Admin tools,209,9,4.58,oui,atlassian,2025-09-09
ch.mibex.stash.templates,Repository Templates for Bitbucket,Elevatic,Admin tools;Workflow;Blueprints;Utilities,155,9,5.0,non,atlassian,2026-02-24
fr.spectrumgroupe.confluence.plugins.ideation,Ideation for Confluence,VECTORS,Documentation;Blueprints;Macros,222,18,4.1,oui,atlassian,2026-07-21
com.atlassian.jira.ext.calendar,Jira Calendar Plugin,Atlassian,Time tracking;Dashboard gadgets,5049,110,3.6,non,free,2025-11-05
com.atsistemas.jira.addons.convalpos.workflow-magic-box,Workflow Magic Box,knowmad mood,Workflow;Tasks;Utilities,265,9,4.17,oui,atlassian,2026-03-05
net.artemissoftware.confluence.easyforms.EasyForms,Easy Forms for Confluence,Appfire,Admin tools;Custom fields;Document management;Macros,273,20,3.69,non,atlassian,2026-09-17
com.alphaserve.bigquery-connector-jira,BigQuery Connector for Jira,Tempo Software,Charts & diagramming;Reports;Integrations,237,4,5.0,oui,atlassian,2026-09-23
at.rumpelcoders.confluence.gitlab-api,GitLab for Confluence,Move Work Forward,Integrations;Macros;Continuous integration;Source code,419,15,2.92,oui,atlassian,2026-09-10
com.almbase.jira.goujql,GO! JQL: Essential JQL Functions,Almbase,Workflow;Custom fields;Reports,201,10,4.5,oui,atlassian,2026-01-05
com.almbase.jira.time-off-management-and-auto-assignment,Time Off Management & Auto Assignment,Almbase,Custom fields;Dashboard gadgets;Reports;Utilities,118,15,5.0,oui,atlassian,2026-03-25
box-jira,Box for Jira,Bilith Labs,Document management;Documentation;Integrations,156,8,5.0,oui,atlassian,2026-03-31
io.zeplin.integration.jira,Zeplin for Jira,Zeplin,Design tools;Project management,4710,36,3.89,oui,free,2026-03-04
proficient.developer.plugins.confluence.inline-comments-in-editor,Show Inline Comments in Editor,Actonic Labs,Documentation,115,16,5.0,non,atlassian,2026-02-17
com.mute.confluence.plugins.images,Smart Images for Confluence,Creativas,Charts & diagramming;Macros;Utilities;Design tools,267,3,5.0,oui,atlassian,2026-09-18
de.ijsolutions.jira.epicclone.epic_clone,Duplicate: Bulk Clone Issues & Epics in Jira,ij-solutions,Admin tools;Tasks;Utilities,214,10,4.38,oui,atlassian,2026-02-10
com.keplertechnologies.attachFileCustomField,Kepler - Attachment Fields | Simple & Multiple,Kepler Technologies,Admin tools;Custom fields;Document management;Documentation,142,17,4.71,oui,atlassian,2026-07-20
confluence.extra.cipe,InPlace Editor for Confluence,Stiltsoft Europe OÜ,Document management;Documentation;Macros;Utilities,146,24,4.53,non,atlassian,2025-10-15
com.lb.software.stash.smart.commit.lb-software-stash-smart-commit,Smart Commits for Bitbucket,DevOpsSystems GmbH,Workflow;Time tracking;Repository hooks;Source code,105,24,4.95,non,atlassian,2026-03-11
com.stiltsoft.confluence.smart-attachment-for-confluence,Smart Attachments for Confluence,Stiltsoft Europe OÜ,Document management;Documentation;Project management,197,5,5.0,non,atlassian,2026-09-24
com.almbase.jira.fields-and-reports-extensions,Fields & Reports Extensions for Jira,Almbase,,165,10,4.75,oui,atlassian,2024-12-20
com.yassin.plugins.MyUserManagerForJira,My User Manager for Jira,ONETEEM,Admin tools;Utilities;Security,155,11,4.77,oui,atlassian,2026-06-07
com.capitalcityconsultants.jira.plugins.customfields.ccc-lastcomment,CCC Last Comment,Capital City Consultants,Custom fields;Project management,167,31,4.19,non,atlassian,2026-03-22
yasoon-jsd-meeting,Outlook Meetings for Jira,yasoon - Microsoft 365 for Jira,Email;Messaging;Integrations;IT & helpdesk,172,6,5.0,oui,atlassian,2026-09-14
com.reinwok.jira.plugins.reinwokcalendar,Calendar,Reinwok,Time tracking;Reports;Tasks;Project management,160,10,4.75,oui,atlassian,2026-06-05
com.redmoon.jira.comment-security-default,Comment Security Default,Redmoon Software Ltd,Workflow;Utilities;Security;Project management,153,15,4.58,oui,atlassian,2026-09-23
com.nolddor.announcement-banner-for-bitbucket,Announcement Banner for Bitbucket,Sweet Bananas,Admin tools;Themes & styles;Messaging,154,7,5.0,non,atlassian,2025-10-05
io.getint.apps.jira.jira-freshdesk,Freshservice/Freshdesk Integration for Jira (FORGE),"Getint integrations [Jira, Azure DevOps, ServiceNow, Salesforce, Asana, Monday,ClickUp, GitLab and others]",Admin tools;Integrations,217,6,4.58,oui,atlassian,2026-09-09
com.shdsd.plugin.DSFineTimesheet,TimeWise-Timesheets with Plan and WorkLog for Jira,DragonSoft,Admin tools;Time tracking;Reports;Project management,123,11,5.0,non,atlassian,2026-04-24
com.redmoon.jira.documentvault,Document Vault - Secure Attachments in Jira,Redmoon Software Ltd,Integrations;Utilities;Security;Project management,118,12,5.0,oui,atlassian,2026-01-21
com.comalatech.checklists,Comala Lists,Appfire,Custom fields;Charts & diagramming;Documentation;Macros,215,8,4.38,non,atlassian,2026-05-08
com.tngtech.confluence.plugins.rotate-images,Dark Mode & Rotation for Confluence Images,TNG Technology Consulting GmbH,Document management;Macros,195,8,4.53,oui,atlassian,2026-09-10
com.atlassian.jira.ext.charting,Charting for Jira,Atlassian,Custom fields;Dashboard gadgets;Project management,4596,49,3.62,non,free,2025-12-09
com.aprey.jira.plugin.openpoker.open-poker,Shared Estimations (formerly Open Poker),Sngular,Workflow,163,9,4.72,oui,atlassian,2026-08-13
de.codescape.jira.plugins.scrum-poker,Scrum Poker for Jira,codescape - Stefan Glase,Tasks;Integrations;Utilities;Project management,138,10,4.88,non,atlassian,2025-12-12
com.atlassian.jira.toolkit,Toolkit for Jira,Atlassian,Admin tools;Custom fields,4079,66,3.71,non,free,2025-06-17
com.apwide.timeline-plugin,Time Squad | Roadmaps and Timelines for Jira,Apwide,Dashboard gadgets;Charts & diagramming;Reports;Project management,219,11,4.09,oui,atlassian,2026-06-03
helpdesk.helpdesk-for-jira,HelpDesk for Jira (Customer Portal & SLA & OLA),Teamlead,Custom fields;Tasks;Email;IT & helpdesk,114,17,4.85,non,atlassian,2026-07-30
net.brokenbuild.subcomponents,Subcomponents for Jira,Broken Build,Tasks;Utilities;Dependency management;Project management,240,24,3.54,non,atlassian,2026-07-14
org.techtime.jira.plugins.easytime,EasyTime Automatic Tracker for Jira Time Tracking,TechTime Initiative Group Limited,Workflow;Time tracking;IT & helpdesk;Project management,173,9,4.58,oui,atlassian,2026-06-08
net.seibertmedia.extranet.core,Space Privacy - Extranet for Confluence,Seibert,Admin tools;Workflow;Blueprints;Project management,134,15,4.67,non,atlassian,2026-09-21
nl.avisi.jira.plugins.undo-transition-plugin,Undo Transition,Avisi Apps bv,Workflow,152,16,4.45,oui,atlassian,2026-01-12
pl.com.tt.apdc.excel-365-connector-for-jira,Excel 365 Connector for Jira,Transition Technologies PSC,Reports;Integrations;Utilities;Project management,284,13,3.46,oui,atlassian,2025-12-10
com.reliex.plugins.email-notifications-digest,Email Digest: Management of Jira Emails Notifications,Reliex,Reports;Email;Messaging;Utilities,86,54,4.84,non,atlassian,2026-09-07
de.codecentric.jira.workflow-analyzer,Workflow Analyzer for Jira,codecentric AG,Admin tools;Workflow;Utilities,144,7,5.0,oui,atlassian,2026-09-09
eu.mirrorlake.plugins.mlpc,Mirrorlake Pivot Charts,Mirrorlake Software,Dashboard gadgets;Charts & diagramming;IT & helpdesk;Project management,134,13,4.71,oui,atlassian,2026-08-31
net.seibertmedia.plugin.confluence.event-manager,Linchpin Events,Seibert,Blueprints;Macros;Project management,115,17,4.78,non,atlassian,2026-09-14
com.intenso.jira.plugins.password-policy,Advanced Password Policy for Jira,Deviniti,Admin tools,119,12,4.9,non,atlassian,2026-03-11
com.wittified.atl-announcer-confluence,Announcer for Confluence,Appfire,Admin tools;Tasks;Messaging;Project management,235,11,3.86,oui,atlassian,2026-08-03
es.excentia.confluence.plugins.confluence-sonarqube-connector,SonarQube Connector for Confluence,excentia,Macros;Code quality;Code review;Source code,151,6,5.0,oui,atlassian,2026-01-14
com.mobilitystream.jira.excelonline4jiracloud,Excel Online Integration for Microsoft Office 365,Mobility Stream,Reports;Document management;Integrations,245,6,4.17,oui,atlassian,2026-09-02
com.izymes.organizr,Global Pull Request Organizr,Izymes Pty Ltd,Workflow;Reports;Utilities;Project management,166,10,4.5,non,atlassian,2026-06-18
com.moveworkforward.bamboo.microsoft-teams-notifier,Microsoft Teams Connector for Bamboo,Move Work Forward,Build management;Messaging;Integrations;Utilities,193,10,4.25,non,atlassian,2026-01-14
nextup-helpdesk-plus,HelpDesk+ AI-Powered Slack Support,Appfire,Workflow;Integrations;Utilities;IT & helpdesk,195,7,4.46,oui,atlassian,2026-05-04
jira.plugin.projectspecificselectfield.jpssf,Project Specific Select Field,Holger Schimanski,Custom fields;Project management,138,7,5.0,non,atlassian,2025-10-18
com.tse.confluence.deactivateusers.plugin.confluence-deactivate-users-plugin,Manage Inactive Users for Confluence,ILA eSolution,Admin tools;Utilities;IT & helpdesk;Security,156,7,4.82,non,atlassian,2026-07-13
com.elitesoftsp.confluence.page.utility.plugins,Page Assistant,EliteSoft,Document management;Utilities,106,12,5.0,non,atlassian,2026-03-08
com.akelesconsulting.jira.plugins.ThreeDDateGadgets,Three Dimensional Date Gadgets,Akeles Consulting,Dashboard gadgets;Project management,211,8,4.22,oui,atlassian,2026-04-09
com.bhut.space-comments-new-plugin.space-comments,Comments Manager,BeastieHut,Reports;Documentation;Macros;Monitoring,176,12,4.27,oui,atlassian,2026-09-19
app.airtables.confluence,Airtable for Confluence,CollabSoft,Documentation;Integrations;Macros;Project management,278,5,4.0,oui,atlassian,2026-02-01
com.shdsd.plugin.DueDateReminder,Date Reminder for Confluence,DragonSoft,Tasks;Email;Messaging;Mobile,142,12,4.58,oui,atlassian,2026-07-27
com.moresimp.jexcel.pro,"JExcel Spreadsheet & Table - Edit, Organize, Analyze Issues",MORESIMP,Charts & diagramming;Reports;CRM;Project management,152,12,4.48,oui,atlassian,2026-06-23
asana-jira,Asana Issue Links for Jira,Bilith (Asana apps),Tasks;Integrations;Project management,250,4,4.38,oui,atlassian,2026-03-31
com.eis.jira.plugins.gadget.gadgetUtilitiesForJIRA.gadgetUtilitiesForJIRA,Gadget Utilities for Jira,Eisonesoft,Admin tools;Dashboard gadgets;Reports;Utilities,126,11,4.77,non,atlassian,2026-05-29
com.tse.jira.projectproperties.plugin.jira-project-properties-plugin,Project Properties for Jira,ILA eSolution,Admin tools;Workflow;Custom fields;Utilities,179,12,4.17,non,atlassian,2026-01-12
de.scandio.confluence.plugins.diary,Diary - Team Journal for Confluence,Lively Apps,Document management;Documentation;Macros;Utilities,119,8,5.0,oui,atlassian,2026-08-03
com.redmoon.jira.commenthistory.commenthistory,Comment History for Jira,Redmoon Software Ltd,Workflow;Document management;Utilities;Project management,155,6,4.83,oui,atlassian,2026-08-23
com.kostebekteknoloji.plugins.jira.jira-comment-toolbox,Comment Toolbox for Jira,Köstebek Teknoloji,Admin tools;Custom fields;Utilities;Project management,174,4,5.0,oui,atlassian,2026-04-04
com.smateso.plugins.confluence.last-login,Last Login Monitoring for Confluence,EB Cloud Engineering,Admin tools;Utilities;IT & helpdesk;Monitoring,201,6,4.38,non,atlassian,2026-01-16
com.codecanvas.glass,Glass Project Documentation for Jira,META-INF KFT,Admin tools;Workflow;Reports;Documentation,172,17,3.97,oui,atlassian,2026-07-21
de.edrup.confluence.plugins.edit-inherit,Edit Permission Inheritance,Purde Software,Admin tools;Utilities;Security,376,3,3.33,oui,atlassian,2026-08-30
nl.avisi.confluence.plugins.xsdviewer,XSD Viewer,Avisi Apps bv,Reports;Macros,159,9,4.44,oui,atlassian,2026-01-12
com.miniorange.usersync.miniorange-usersync-jira,"SCIM Provisioning, User Sync & Group Sync for Jira",miniOrange,Admin tools;Integrations;Utilities;Security,124,10,4.75,oui,atlassian,2026-09-18
com.fulstech.confluence-latex,"LaTeX Math for Confluence (MathJax, TeX Live, Math Editor)",Fulstech,Documentation;Macros,245,2,5.0,oui,atlassian,2026-07-29
com.akelesconsulting.jira.plugins.LookupManager,Lookup Manager,Akeles Consulting,Workflow,106,13,4.81,oui,atlassian,2026-03-17
com.accxia.sd.plugins.tailor.tailorman-sd-confirm,Doublecheck for Jira Service Management,Accxia-US,Integrations;Utilities;IT & helpdesk;CRM,112,10,4.88,non,atlassian,2026-01-29
com.borisdiakur.marked,Marked,Sngular,Documentation;Macros,195,3,5.0,oui,atlassian,2024-11-21
com.intenso.jira.plugins.condval.intenso-conditions-validator,Help (a.k.a. Conditions Validator),Deviniti,Custom fields;IT & helpdesk,95,11,5.0,non,atlassian,2026-08-18
com.miniorange.rest.auth.jira-rest-api-oauth,Enhanced API Authentication for Jira with API Key/OAuth/JWT,miniOrange,Admin tools;Integrations;Utilities;Security,109,15,4.67,oui,atlassian,2026-09-07
sk.eea.jira.search-fields-gadget,Search fields gadget,"BOOTIQ SK, part of BiQ Group",Dashboard gadgets;Reports;IT & helpdesk;Project management,186,11,3.98,oui,atlassian,2026-01-05
com.adweb.estimations.estimationUpdate,Tracking & Estimation for Jira,Adweb Software,Workflow;Time tracking;Monitoring;Project management,137,23,4.13,oui,atlassian,2026-01-19
com.simplenia.stash.plugins.pages,Pages for Bitbucket Server,Appfire,Document management;Documentation;Utilities;Source code,136,8,4.69,non,atlassian,2026-04-02
doitbetter.timeline,Timeline for Jira,Doitb,Time tracking;Reports;Tasks;Project management,417,6,2.29,oui,atlassian,2025-09-16
popal.plugins.epicstory,AI Test Case and User Story Issue Auto Generator for Jira,Agilemove Inc,Utilities,166,11,4.09,oui,atlassian,2026-08-17
com.shdsd.plugin.weChat-jira,WeCom (WeChat Work) for Jira,DragonSoft,Messaging;Utilities;Mobile;Project management,105,8,5.0,non,atlassian,2025-12-26
ch.mibex.stash.cra,Code Review Assistant for Bitbucket,Elevatic,Code quality;Code review;Security;Source code,153,14,4.11,non,atlassian,2026-09-18
com.fulstech.jira-gherkin-custom-field,"Markdown Rich Text Editor for Jira with LaTeX, Mermaid UML",Fulstech,Custom fields;Charts & diagramming;Documentation;Utilities,312,14,2.68,oui,atlassian,2026-01-15
com.allenta.jira.plugins.gitlab.gitlab-listener,GitLab Connector for Jira,votazz,Admin tools;Integrations;Utilities;Project management,164,11,4.09,non,atlassian,2026-06-29
tr.com.obss.plugin.confluence-baseline-plugin,Baselines for Confluence,OBSS,Document management,97,9,5.0,oui,atlassian,2026-08-24
fr.spectrumgroupe.confluence.plugins.faq,FAQ for Confluence (Frequently Asked Questions & Answers),VECTORS,Document management;Documentation;Macros;IT & helpdesk,310,12,2.71,oui,atlassian,2026-09-15
ch.mibex.confluence.include.github,"Include from GitHub to Confluence (Markdown, AsciiDoc)",Elevatic,Repository connectors;Documentation;Integrations;Source code,237,4,4.06,oui,atlassian,2026-09-16
com.midori.jira.plugin.pdfautomation,Better PDF Automation for Jira (free!),Midori Global Consulting Kft.,Workflow;Reports;Email;Integrations,1209,36,5.0,oui,free,2026-03-17
com.miniorange.sso.saml.bitbucket-sso,Single Sign-On SAML SSO for Bitbucket SSO SAML+User Sync,miniOrange,Integrations,74,16,5.0,non,atlassian,2026-09-16
com.keplertechnologies.SQLCustomfield,Kepler - SQL Query Fields | Grids & Dashboards,Kepler Technologies,Admin tools;Custom fields;Dashboard gadgets;Integrations,81,15,4.92,oui,atlassian,2026-09-08
com.langhornweb.confluence.app.confluenceuserexport,User Export for Confluence,Aety admin apps,Admin tools;Utilities,318,2,3.75,non,atlassian,2026-01-22
confluenceadvancedcodeblockplugin,Advanced Codeblocks for Confluence,codeclou GmbH,Documentation;Macros;Utilities;Source code,206,3,4.58,oui,atlassian,2026-09-22
org.swift.confluence.script,Scripting for Confluence,Appfire,Admin tools;Integrations;Macros;Utilities,143,4,5.0,non,atlassian,2026-07-06
ch.mibex.stash.rss4stash,Activity Streams for Bitbucket,Elevatic,Reports;Utilities;Monitoring;Source code,145,9,4.31,non,atlassian,2025-10-21
com.midori.jira.plugin.excelautomation,Better Excel Automation for Jira (free!),Midori Global Consulting Kft.,Workflow;Reports;Email;Integrations,1450,32,4.73,oui,free,2026-03-17
de.actonic.confluence.dgpr-tools,"Data Protection Toolkit: GDPR, PII & DLP for Confluence",Actonic Products GmbH,Admin tools;Utilities;Monitoring;Security,171,8,4.06,oui,atlassian,2026-09-03
com.dortiz.jira.plugin.shared.SharedManager,Filter & Dashboard Manager for Jira,votazz,Admin tools;Dashboard gadgets;Shared workflows;Utilities,89,13,4.81,non,atlassian,2026-05-21
com.ijsolutions.jira.epicclonepro.Epic_Clone_Pro,Epic Clone: Bulk Clone Issues Across Projects for Jira,ij-solutions,Admin tools;Tasks;Utilities;Project management,170,8,4.06,oui,atlassian,2026-03-20
org.swift.jira.cw,Update on Transition for Jira,Appfire,Admin tools;Workflow;Utilities;Project management,129,7,4.64,non,atlassian,2026-08-21
com.redmoon.projectwatcher.jira,Watch It – Custom notifications for Jira,Redmoon Software Ltd,Workflow;Dashboard gadgets;Utilities;Project management,142,7,4.46,oui,atlassian,2026-09-10
com.jsoft.jira.plugins.jira-slack,Slack Connector for Jira by Jsoft,J Soft,Custom fields;Messaging;Integrations;IT & helpdesk,138,30,3.75,non,atlassian,2026-04-15
dropbox-confluence,Integration for Dropbox & Confluence,Bilith Labs,Document management;Documentation;Integrations;Macros,159,6,4.38,oui,atlassian,2026-03-31
ru.andreymarkelov.atlas.plugins.prom-bitbucket-exporter,Prometheus Exporter PRO for Bitbucket,Appfire,Admin tools;Reports;Integrations;Monitoring,135,4,5.0,non,atlassian,2026-08-11
com.rauliki.kanbancombinedWIP.KanbanCombinedWIP,Kanban Combined WIP for Jira,Sngular,Project management,120,16,4.22,non,atlassian,2025-10-09
net.veniture.confluence.email-this-page,Email this Page,DC Factory,Email;Document management;Messaging;Utilities,127,11,4.32,non,atlassian,2026-05-28
ch.bitvoodoo.confluence.plugins.blogpost-templates,Templates for Blog Posts for Confluence,Elevatic,Document management;Blueprints;Macros,106,6,5.0,non,atlassian,2025-09-02
net.getunik.confluence.skin.core,Enterprise Theme for Confluence,Elevatic,Themes & styles;Documentation;Blueprints;Macros,143,16,3.91,non,atlassian,2026-06-19
com.ros.confluence.ToDolist,ToDo & Checklists for Confluence,Ros Entertainment,Tasks;Macros;Utilities;Project management,262,3,3.75,oui,atlassian,2025-12-02
com.shdsd.jira.plugin.WorkflowWise,WorkflowWise - Parallel Approval and Workflow Extension,DragonSoft,Admin tools;Workflow;Utilities,105,6,5.0,oui,atlassian,2026-08-20
com.alphaserve.sql-connector-jira,SQL Connector for Jira,Tempo Software,Admin tools;Integrations;Utilities;Deployments,264,1,5.0,oui,atlassian,2026-09-23
com.aevolu.j.in.c,OnItem - Issue Forms for Confluence,evolu software GmbH,Blueprints;Integrations;Macros;IT & helpdesk,115,5,5.0,oui,atlassian,2026-08-24
com.prontop.service-desk-landingpage,Ultimate Customizer for Jira Service Management,aety aps,Themes & styles;Reports;Design tools;IT & helpdesk,160,11,3.86,non,atlassian,2026-06-30
com.plugenta.jiraauditor,Auditor for Jira,"Enhancera, LLC",Admin tools,160,8,4.06,non,atlassian,2026-03-26
de.catworkx.jira.plugins.issue-publisher,STAGIL Issue Publisher for Jira,STAGIL by catworkx,Document management;Integrations;Macros;Utilities,130,4,5.0,oui,atlassian,2026-04-21
com.empyra.auc.AutoUserCreator,CSV User Importer for Jira,appserve.ai – a division of Empyra,Admin tools;Utilities,180,14,3.48,oui,atlassian,2026-06-25
com.mumosystems.abacus,Abacus - Advanced Calculations and Rollups for Jira,Mumo Systems,Admin tools;Workflow;Utilities;Project management,192,10,3.5,oui,atlassian,2026-04-07
com.keplerrominfo.jira.plugins.commons,SIL Engine for Power Suite,Appfire,Admin tools;Workflow;Custom fields;Integrations,2036,14,4.38,non,free,2026-09-22
com.akelesconsulting.confluence.plugins.countdown,Countdown Timer,Akeles Consulting,Macros;Project management,1933,40,4.03,oui,free,2026-07-20
no.kantega.kerberosauth.kerberosauth-plugin.stash,K-SSO SAML SSO OAuth Kerberos User Management for Bitbucket,Kantega SSO,Integrations;Utilities;Security,91,7,5.0,non,atlassian,2026-09-18
net.veniture.confluence.doublicate_pagetitles,Duplicate Page Titles (Same Page Titles),DC Factory,Document management;Documentation;Utilities,147,3,5.0,non,atlassian,2026-02-02
com.easesolutions.jira.plugins.requirements-ultimate,easeRequirements Ultimate - Requirements Management for Jira,Ease Solutions Consulting GmbH,Reports;Documentation;Project management;Testing & QA,123,4,5.0,oui,atlassian,2026-04-14
com.shineatlas.confluence.headingpro.easy-heading-pro,Easy Heading Navigation (Floating Table of Contents),Shinetech Software,Admin tools;Themes & styles;Document management;Documentation,179,2,5.0,non,atlassian,2026-05-16
com.porzelt.confluence.darktheme.DarkThemeForConfluence,DarkTheme for Confluence,Maximilian Porzelt,Admin tools;Themes & styles;Utilities;Design tools,160,5,4.25,non,atlassian,2026-04-11
com.browserstack.www.integrations.jira-app-v1,BrowserStack Test Management (Webapp) Integration for Jira,BrowserStack,Testing & QA,1140,24,4.84,oui,free,2026-07-20
com.caritteprod.group-ambassadors,Group Ambassadors - Delegate Group Management & Membership,Jaanga,Admin tools;Utilities,136,7,4.29,oui,atlassian,2026-06-30
io.ativo.plugins.agile-programs-for-jira,Ativo Programs (support SAFe PI Planning Dependencies),Ativo.io,Charts & diagramming;Reports;Dependency management;Project management,94,6,5.0,oui,atlassian,2026-07-09
io.extensi-confluence-plugin-twitter-connector,X Connector for Confluence (Twitter),eXtensi,Documentation;Integrations;Macros,158,5,4.25,oui,atlassian,2023-10-30
com.ixenit.jira.team-calendar,Team Trax: Vacation and holiday tracking for Jira,Ixenit Kft.,Admin tools;Workflow;Time tracking;Shared workflows,122,7,4.46,oui,atlassian,2026-08-07
com.pitronote.jira.select2,select2,Pitronote,Themes & styles;Custom fields,92,13,4.52,non,atlassian,2026-03-20
com.alphaserve.confluence.authplugin,2FA for Confluence (U2F & TOTP),Tempo Software,Admin tools;Integrations;Utilities;Security,84,12,4.69,non,atlassian,2026-02-27
io.bloompeak.jira-sumup-pro,Sum Up Reports for Jira & Confluence,Bloompeak,,984,33,4.89,oui,free,2026-04-30
org.swift.confluence.visio,Visio for Confluence,Appfire,Charts & diagramming;Reports;Documentation;Macros,219,9,3.06,non,atlassian,2026-05-12
de.resolution.apitokenauth.confluence,API Token Authentication for Confluence expand user security,resolution Reichert Network Solutions GmbH,Admin tools;Integrations;Utilities;Security,136,3,5.0,non,atlassian,2026-08-27
com.bit.agile.bit-storymap,Agile User Story Map PRO for Jira,"TimezoneAPI, Corp.",Workflow;Charts & diagramming;Reports;Project management,167,65,2.85,oui,atlassian,2026-01-29
nl.stefankohler.stash.stash-notification-plugin,Notifyr - Notifications for Bitbucket,ASK Software,Email;Utilities;Repository hooks,140,13,3.75,non,atlassian,2026-06-25
qase.jira.cloud,Qase for Jira Test Management,Qase,Reports;Integrations;Testing & QA,2778,7,3.93,oui,free,2026-04-23
net.veniture.jira.vIssueLayout,IssueLayout - Change the issue design,DC Factory,Themes & styles;Design tools;Project management,94,8,4.69,non,atlassian,2026-08-12
com.simplenia.confluence.plugins.spacetree,Spacetree for Confluence,Appfire,Reports;Macros,96,5,5.0,non,atlassian,2026-07-17
aptis.plugins.epicSumUpFree,Epic Sum Up Free: Roll-up reports for time values,APTIS GmbH & Co. KG,Time tracking;Reports;Project management,2836,43,2.99,oui,free,2025-04-28
com.keplerrominfo.jira.plugins.blitz-actions,Power Actions - Custom Forms and Wizards,Appfire,Admin tools;Workflow;Custom fields;Design tools,94,9,4.58,non,atlassian,2026-09-10
io.soteri.jira.plugins.security,Security for Jira PII & Secret Scanner by Soteri,Soteri,Admin tools;Document management;Monitoring;Security,125,6,4.38,oui,atlassian,2026-09-17
com.atlassian.stash.plugin.stash-auto-unapprove-plugin,Auto Unapprove for Bitbucket Data Center,Atlassian,Utilities,1945,32,3.75,non,free,2025-11-21
org.techtime.confluence.plugins.googlemapsembed,Embed Google Maps Pro for Confluence,TechTime Initiative Group Limited,Admin tools;Charts & diagramming;Integrations;Macros,218,1,5.0,oui,atlassian,2025-11-09
com.alphaserve.authplugin,2FA for Jira (U2F & TOTP),Tempo Software,Admin tools;Integrations;Utilities;Security,83,12,4.58,non,atlassian,2026-07-07
bitbucket-microsoft-teams-connector,Advanced Microsoft Teams Connector for Bitbucket,votazz,Workflow;Messaging;Integrations;Project management,80,25,4.3,oui,atlassian,2026-06-29
com.coresoftlabs.jira.workflow-powerbox,Workflow PowerBox - automation suite,Almarise,Admin tools;Workflow;Utilities;Design tools,94,5,5.0,non,atlassian,2026-09-17
com.fulstech.confluence-excalidraw-app,"Excalidraw, Mermaid, PlantUML - Whiteboard for Confluence",Fulstech,Charts & diagramming;Documentation;Macros;Design tools,237,4,3.12,oui,atlassian,2026-02-13
wrike-confluence,Wrike for Confluence,Bilith Labs,Tasks;Integrations;Macros;Project management,126,4,4.69,oui,atlassian,2026-03-31
com.comalatech.remotepublishing,Comala Remote Publishing,Appfire,Document management;Integrations;Macros,106,4,5.0,non,atlassian,2026-05-12
com.osoboo.jira-metadata-plugin,Metadata for Jira,evolu software GmbH,Custom fields;Reports;IT & helpdesk;Project management,90,19,4.21,non,atlassian,2026-04-09
cr.tin.ActiveUserFilter.active-user-filter,Active User Filter,Modus Create Labs,Admin tools,88,17,4.26,non,atlassian,2025-08-18
google-calendar-confluence,Google Calendar Agenda Macro,Bilith (Google Workspace apps),Integrations;Macros,122,3,5.0,oui,atlassian,2026-03-31
info.renjithv.jira.plugins.bulkmove.bulkmove-subtasks-jira-plugin,Sub-tasks Manager for Jira,votazz,Admin tools;Tasks;Utilities;Project management,126,11,3.86,non,atlassian,2026-08-25
net.gisnas.jira.mailqueue,Mail Queue Monitor for Jira,Rocktronic,Admin tools;Email;Messaging;Utilities,93,6,4.79,non,atlassian,2026-01-20
dufjc,Mass Delete for Jira,GLiNTECH - a Valiantys company,Admin tools,139,4,4.38,oui,atlassian,2026-07-30
com.atlassian.plugins.cloud.connect.cloud-connect-companion,Cloud companion,Atlassian,Admin tools;Integrations,5689,1,1.25,non,free,2026-08-06
ru.teamlead.jira.plugins.subscriptions-for-jira,Subscriptions for Jira (Filters Manager),Teamlead,Admin tools;Reports;Email;Utilities,74,18,4.44,non,atlassian,2026-05-07
com.threadq.fh.field_hide,Field Hide for Jira,ThreadQ,Admin tools;Custom fields;Utilities;Security,69,14,4.64,non,atlassian,2026-09-10
ca.nuum.gaia,Gaia for Jira - Project Template Manager,Appfire,Admin tools;Integrations;Utilities;Project management,77,13,4.52,non,atlassian,2026-07-30
fr.spectrumgroupe.confluence.plugins.discussion,Discussion for Confluence (Community Forum),VECTORS,Documentation;Blueprints;Macros,135,7,3.93,oui,atlassian,2026-04-28
com.miniorange.secureshare.confluence-sharepage,Secure Share - Share pages for Confluence (External Users),miniOrange,Admin tools;Tasks;Messaging;Utilities,124,6,4.21,oui,atlassian,2026-08-11
de.resolution.user-deactivator.confluence,User Management - License & User Deactivator for Confluence,resolution Reichert Network Solutions GmbH,Admin tools;Integrations;Utilities;IT & helpdesk,144,2,5.0,non,atlassian,2026-09-09
systems.npe.jira.cfu,Custom Field Toolbox for Jira,Rocktronic,Admin tools;Custom fields;Reports;Utilities,129,5,4.25,non,atlassian,2026-05-29
com.ja.jira.plugin.report.riskmanagement,Risk Management for Jira,jPlugs,Custom fields;Dashboard gadgets;Project management,146,5,4.0,non,atlassian,2025-09-15
net.seibertmedia.plugin.confluence.microblog,Microblogging for Confluence,Seibert,Messaging;Macros,57,23,4.67,non,atlassian,2026-09-17
org.swift.confluence.macrosecurity,Macro Security for Confluence,Appfire,Admin tools;Integrations;Macros;Utilities,196,1,5.0,non,atlassian,2026-05-07
com.adaptavist.confluence.themes.sitebuilder,ThemeBuilder for Confluence,Kolekti (part of The Adaptavist Group),Admin tools;Themes & styles;Documentation;Design tools,76,20,4.31,non,atlassian,2026-08-26
io.getint.apps.jira.jira-salesforce,Salesforce Connector for Jira (Salesforce Integration) FORGE,"Getint integrations [Jira, Azure DevOps, ServiceNow, Salesforce, Asana, Monday,ClickUp, GitLab and others]",Admin tools;Integrations;IT & helpdesk;Continuous integration,84,5,5.0,oui,atlassian,2026-09-16
com.jibrok.jira.plugins.calculated-custom-fields,Calculated and other custom fields(JBCF) for Jira DC/Cloud,JiBrok,Custom fields;Utilities;IT & helpdesk;Project management,96,4,5.0,oui,atlassian,2026-02-09
de.actonic.tm,Timesheet Builder: Time Tracking & Worklog Reports for Jira,Actonic Products GmbH,Time tracking;Integrations;Security;Project management,193,1,5.0,oui,atlassian,2026-08-31
net.oharagroup.confluence.plugins.confluence-sequence-diagrams,Sequence Diagrams for Confluence,O'Hara Group,Charts & diagramming;Macros,259,10,2.0,oui,atlassian,2025-08-05
de.scandio.confluence.plugins.lively-theme,Lively Theme - Lightweight Intranet for Confluence,Lively Apps,Themes & styles;Dashboard gadgets;Documentation;Design tools,75,6,5.0,non,atlassian,2026-08-28
com.qas.qtest.plugins.jira-plugin,Tricentis qTest Integration for Jira,Tricentis,Dashboard gadgets;Integrations;Continuous integration;Testing & QA,1722,39,3.59,oui,free,2026-03-06
com.xdevpod.apps.excalidraw,Excalidraw for Confluence,XDevPod,Charts & diagramming;Macros,184,3,3.75,oui,atlassian,2025-12-01
com.intenso.jira.plugins.jira-approvals,Approvals – Advanced Issue Acceptance,Deviniti,Workflow;Document management;IT & helpdesk;Testing & QA,156,15,3.08,non,atlassian,2025-10-16
proficient.developer.plugins.jira.who-is-online,Who is Online for Jira,Actonic Labs,Utilities;Monitoring,64,16,4.61,oui,atlassian,2026-02-17
net.kentcom.live-input-macros,Live Input Macros,KC Integrations,Document management;Documentation;Macros;Utilities,112,14,3.77,non,atlassian,2026-06-12
com.tngtech.confluence.plugin.fonts,Webfonts for Confluence,TNG Technology Consulting GmbH,Themes & styles;Documentation;Macros,189,1,5.0,non,atlassian,2026-09-10
com.smateso.plugins.confluence.permission-management,Permission Management for Confluence,EB Cloud Engineering,Admin tools;Utilities;IT & helpdesk;Monitoring,137,2,5.0,oui,atlassian,2025-08-15
de.catworkx.jira.plugins.cwx-issue-picker,Teamworkx Issue Picker for Jira,catworkx GmbH,Custom fields;Documentation;Utilities;IT & helpdesk,158,11,3.18,oui,atlassian,2026-08-19
hiptest.jira-plugin,CucumberStudio - BDD & Test Management,"Cucumber, a SmartBear company",Testing & QA,1077,45,4.25,oui,free,2025-04-02
de.stagil.confluence.stagil-navigation-confluence,STAGIL Navigation Menus and Themes for Confluence,STAGIL by catworkx,Themes & styles;Document management;Utilities;Design tools,130,6,3.96,oui,atlassian,2026-07-13
net.customware.confluence.plugin.googledrive,Connector for Google Drive & Confluence,Appfire,Document management;Documentation;Integrations;Macros,86,20,4.0,non,atlassian,2026-06-22
net.savignano.s-notify.jira.gui,S/Notify Email Encryption for Jira,savignano software solutions,Email;Utilities;Security,71,6,5.0,non,atlassian,2025-09-23
com.getnave.jira,Kanban Analytics: Improve Your Delivery Process,Nave,Dashboard gadgets;Charts & diagramming;Reports;Project management,1004,33,4.39,oui,vendor,2026-04-24
com.hivestone.confluence.plugins.findreplace,Find and Replace Utility,Hivestone,Document management;Utilities,92,7,4.46,non,atlassian,2026-01-01
pl.com.tt.apdc.vacation-manager,Vacation Manager for Jira,Transition Technologies PSC,Workflow;Custom fields;Tasks;Project management,96,11,4.09,non,atlassian,2026-03-26
net.veniture.jira.vLinks,Linksy (formerly vLinks) - Easy Issue Linking,DC Factory,Custom fields;Utilities;IT & helpdesk;CRM,112,12,3.75,oui,atlassian,2026-06-17
com.atlassian.jira.plugins.jira-slack-server-integration-plugin,Slack for Jira Data Center (official),Atlassian,Messaging;Integrations,1852,32,3.36,non,free,2026-02-19
de.syracom.jira.plugins.securelogin,Secure Login (2FA) for Jira,syracom AG,Integrations;Utilities;Security,83,12,4.27,non,atlassian,2026-09-10
com.comalatech.workflow.approvals,Comala Document Approval,Appfire,Workflow;Document management;Documentation,231,6,2.29,oui,atlassian,2026-07-16
com.devpod.confluence.plugins.xdraw,x-draw diagrams for Confluence,XDevPod,Charts & diagramming,128,2,5.0,oui,atlassian,2026-01-22
biz.everit.jira.license-optimizer,License Optimizer for Jira,EverIT by catworkx,Admin tools;Monitoring,76,5,5.0,non,atlassian,2026-02-18
mraddon.newstatuscolorspro.newstatuscolorspro,New Status Colors PRO for Jira,Sngular,Themes & styles,155,4,3.75,non,atlassian,2025-10-09
com.digixperience.atlassian.confluence.digi-formatting,Digi formatting,DigiXperience,Document management;Documentation;Macros;Utilities,146,3,4.17,oui,atlassian,2026-06-14
net.seibertmedia.confluence.linchpin-essentials,"Linchpin Essentials | Theme, User Profiles, Menu, Intranet",Seibert,Admin tools;Themes & styles,101,3,5.0,non,atlassian,2026-09-14
ZFIN.instantsearch,Instant Search for Confluence,votazz,Document management;Documentation;IT & helpdesk;Testing & QA,102,9,4.03,oui,atlassian,2026-02-10
com.smartbear.ze.jiraplugin,Zephyr Enterprise Integration for Jira,SmartBear,Testing & QA,1097,12,4.58,oui,free,2026-04-02
com.celestecs.confluence.celestecs-math,CelesteCS Math for Confluence,Celeste Creative Solutions,Reports;Messaging;Macros;Project management,158,15,2.83,oui,atlassian,2026-09-21
com.shdsd.plugin.attachmentListener,Page and Attachment Security Enhancer for Confluence,DragonSoft,Admin tools;Document management;Monitoring;Security,57,8,5.0,non,atlassian,2026-03-24
csfj-1,Calendar Sync for Jira,GLiNTECH - a Valiantys company,Integrations,221,6,2.29,oui,atlassian,2026-07-01
ru.teamlead.jira.plugins.teamlead-catalog-plugin-for-jira,Universal Directories for Jira (Built-In Database),Teamlead,Custom fields;Reports;IT & helpdesk;Dependency management,105,12,3.75,oui,atlassian,2026-06-04
oboard-confluence,OKR Board for Confluence,Oboard Inc.,Dashboard gadgets;Reports;Macros;Project management,932,8,5.0,oui,free,2026-05-11
org.swift.jira.acli,Run CLI Actions in Jira,Appfire,Admin tools;Workflow;Integrations;Utilities,123,7,3.75,non,atlassian,2026-08-10
com.empyra.bud.BulkUserDeleteforJira,Bulk User Delete for Jira,appserve.ai – a division of Empyra,Admin tools;Utilities,173,19,2.43,oui,atlassian,2026-07-17
net.seibertmedia.confluence.plugin.mailpage,Mail Page Scheduler & E-Mail Newsletter for Confluence,kencha Software,Themes & styles;Workflow;Email;Messaging,104,11,3.75,oui,atlassian,2026-02-11
net.kentcom.confluence-blog-tools,"Blog, Page and Template Tools",KC Integrations,Document management;Blueprints;Utilities;Design tools,66,7,4.82,non,atlassian,2026-01-12
de.smartics.atlassian.confluence.smartics-projectdoc-confluence,projectdoc Toolbox for Confluence,smartics,Document management;Documentation;Blueprints;Macros,54,8,5.0,non,atlassian,2026-09-04
com.intrafind.plugin.confluence.universal-search,iFinder Search for Confluence,IntraFind Software AG,Language packs;Document management;Integrations;Utilities,43,13,5.0,oui,atlassian,2026-09-17
tableau-plugin,Tableau for Confluence - Pro,Modus  Create,Reports;Integrations;Macros,63,10,4.62,non,atlassian,2026-09-08
com.devoog.jira.plugin.encrypted,Encryption for Jira,The Adaptavist Group,Admin tools;Custom fields;Utilities;Security,53,8,5.0,non,atlassian,2026-04-20
com.topshelfsolution.simplewiki,Simple Team Pages for Jira,Top Shelf Solutions,Document management;Documentation;Project management,79,21,3.87,oui,atlassian,2022-08-04
com.abdhiware.releasedog,Release Manager - Intuitive Release Management for Jira,votazz,Admin tools;Dashboard gadgets;Tasks;Utilities,92,12,3.85,non,atlassian,2026-02-11
com.optimizory.rmsis.plugin.jira-rmsis,RMsis - Requirements Management for Jira,Optimizory Technologies Pvt. Ltd.,Documentation;Project management;Testing & QA,57,34,4.19,oui,atlassian,2026-07-27
pl.craftware.jira.download-attachments-plugin,Download Attachments,Addonrock Sp. z o.o.,Admin tools;Custom fields;Utilities;Project management,136,4,3.75,non,atlassian,2025-10-02
csdn.confluence.languagepatch.zh_CN,Chinese Language Patch for Confluence,Chinese Technical Support,Language packs,153,1,5.0,oui,atlassian,2025-11-13
com.prcpo.confluence.plugins.secure-content-block,Secure Content for Confluence,Appfire,Document management;Documentation;Macros;Security,97,9,3.89,non,atlassian,2026-04-28
es.excentia.jira.plugins.jira-issue-picker-custom-field-type-plugin,Issue Picker Custom Field Type for Jira,excentia,Admin tools;Custom fields,122,7,3.57,non,atlassian,2026-09-21
calc-macro,Qron Calc Macro - Excel formula in table,Kenputer,Documentation;Macros,166,4,3.12,oui,atlassian,2026-05-30
com.akelesconsulting.jira.plugins.GaugeGadget,Gauge Gadget,Akeles Consulting,Dashboard gadgets;Charts & diagramming,1113,30,3.88,oui,free,2026-01-13
ch.bitvoodoo.confluence.plugins.homepageredirect,Redirect for Confluence,Elevatic,Admin tools,87,3,5.0,non,atlassian,2025-09-02
com.ros.confluence.rate-me,Ratings for Confluence,Ros Entertainment,Document management;Macros;Utilities;Monitoring,101,7,3.93,oui,atlassian,2026-03-27
se.rixter.jira.restful.integrator.restful_integrator,Integrations Hub for Jira,Rixter AB,Admin tools;Integrations;Utilities,64,5,5.0,oui,atlassian,2026-09-01
de.edrup.confluence.plugins.simple-checkout,Simple Checkout,Purde Software,Document management;Documentation;Utilities,86,3,5.0,non,atlassian,2026-03-13
cloud.bdq.jsdattachmentemailer,Easy Email Attachments for Service Desk,BDQ,Email;IT & helpdesk,72,4,5.0,non,atlassian,2026-01-20
app.embedder.miro,Miro Boards for Confluence,CollabSoft,Documentation;Integrations;Macros;Design tools,104,2,5.0,oui,atlassian,2026-02-01
de.t2consult.atlassian.jira.recyclebin,Recycle Bin for Jira,t2consult,Admin tools;Utilities,64,6,4.79,oui,atlassian,2026-06-05
com.rozdoum.agile-remaining-estimate-counter,Agile Remaining Estimate Counter,Rozdoum,Time tracking;Utilities;Monitoring;Project management,70,11,4.2,oui,atlassian,2026-05-14
com.deview-studios.atlassian.jira.issue-ai-analytics,Issue AI Analytics for Jira (Cloud & Private AI),Deview Studios,Custom fields;Tasks;Integrations;Utilities,98,3,4.58,oui,atlassian,2026-08-26
de.xalt.confluence.plugins.advanced-gallery-macro,Advanced Image Gallery & Slider for Confluence,XALT Business Consulting GmbH,Themes & styles;Macros;Design tools;Mobile,56,7,4.82,non,atlassian,2026-07-27
com.miniorange.secureshare.jira-shareissue,Secure Share - Share issues for Jira (External Users),miniOrange,Email;Messaging;Utilities;IT & helpdesk,137,1,5.0,oui,atlassian,2026-07-27
com.intenso.confluence.plugins.confluence-password-policy,Enterprise Password Policy for Confluence,Deviniti,Admin tools,64,11,4.32,non,atlassian,2025-12-29
dropbox-jira,Integration for Dropbox & Jira,Bilith Labs,Document management;Documentation;Integrations,79,4,4.69,oui,atlassian,2026-03-31
com.wittified.delegated-group-management-in-jira,Delegated Group Management in Jira,Appfire,Admin tools;Utilities;Monitoring;Project management,76,7,4.29,non,atlassian,2026-07-29
com.shdsd.confluence.plugin.weChat-CF,WeCom (WeChat Work) for Confluence,DragonSoft,Documentation;Messaging;Integrations;Mobile,48,7,5.0,non,atlassian,2025-04-24
io.teamsecrets.jira.prod,"Encryption, Security & 2FA for Jira",Kickdrum Technology Group LLC,Custom fields;Document management;IT & helpdesk;Security,42,9,5.0,oui,atlassian,2026-06-04
de.kupper.it.atlassian.confluence.macro.usage,Macro usage,Kupper Software,Admin tools,97,2,5.0,non,atlassian,2026-02-02
com.stonikbyte.jira.plugins.project-team-plugin,Project Team for Jira Data Center,StonikByte,Custom fields;Dashboard gadgets;Charts & diagramming;Project management,49,11,4.66,non,atlassian,2025-09-23
de.syracom.confluence.plugins.securelogin,Secure Login (2FA) for Confluence,syracom AG,Integrations;Utilities;Security,72,8,4.22,non,atlassian,2026-09-10
com.almarise.apptime2,"Apptime PSA - Time Tracking, Plans, Gantt, Financials (Free)",Almarise,Time tracking;Reports;Utilities;Project management,749,17,4.41,oui,free,2026-09-04
com.totem-dev.jira.plugins.skillsforjira,Skills for Jira,Totem Dev,Custom fields;Dashboard gadgets;Reports;Project management,50,6,5.0,oui,atlassian,2026-07-14
net.gcore.plugins.fieldtemplates,Field Templates for Jira,Globo Solutions,Tasks;Blueprints;Macros,93,2,5.0,non,atlassian,2026-02-10
org.swift.stash.cli,Bitbucket Command Line Interface (CLI),Appfire,Admin tools;Integrations;Utilities;Repository hooks,90,3,4.58,non,atlassian,2026-08-05
com.xdevpod.apps.AIForConfluence,AI for Confluence,XDevPod,Documentation,125,1,5.0,oui,atlassian,2026-09-24
com.riadalabs.confluence.plugins.insight-confluence,Assets - Confluence Macro,Atlassian,Reports;Macros,1246,17,3.46,non,free,2026-06-24
jira-ukrainian-language-pack.biz.softlist.jira.lp,Ukrainian Language Pack for Jira,Softlist Sp. z o.o.,Language packs,72,3,5.0,non,atlassian,2026-02-04
com.wknowledge.atlassian.confluence.wglossary,Glossary - Terminology Manager,W Knowledge,Document management;Documentation,83,11,3.64,oui,atlassian,2026-09-17
pl.softlist.fpaint.format-painter,Format Painter for Confluence,Softlist Sp. z o.o.,Themes & styles;Documentation;Macros;Utilities,121,1,5.0,oui,atlassian,2026-07-29
de.edrup.confluence.plugins.svg-out,SVG out,Purde Software,Charts & diagramming;Macros,837,15,4.17,oui,free,2026-09-19
com.enhancera.pii.pii4jira,PII Protector for Jira,"Enhancera, LLC",Admin tools,61,5,4.75,oui,atlassian,2026-08-14
com.acidoranges.jira.dndpf.dndpostfunction,DnD Workflow Tools,Sevidev,Admin tools;Workflow;Utilities,52,5,5.0,non,atlassian,2026-05-12
com.miniorange.sso.saml.bamboo-sso,"Single Sign On SAML SSO for Bamboo (SSO SAML), SSO login",miniOrange,Integrations;Utilities,40,8,5.0,non,atlassian,2026-08-11
avono-read-confirmation-plugin,avono Read Confirmations for Confluence,avono AG,Document management;Macros,81,7,3.93,non,atlassian,2025-08-29
com.cognitiff.jira.plugins.wsjf.plugin,WSJF Calculation and Sorting for Jira,Cognitiff,Custom fields;Macros;Utilities;Project management,76,6,4.17,oui,atlassian,2025-11-29
de.kupper.it.atlassian.confluence.deleteAllAttachments,Delete Attachments (Statistics),Kupper Software,Admin tools;Monitoring,131,3,3.33,oui,atlassian,2026-02-03
com.playsql.requirementyogijira,Requirement Yogi - Requirements Management for Jira,Requirement Yogi,Document management;Project management;Testing & QA,973,12,3.96,oui,free,2026-09-10
de.actonic.confluence.fus,Fast User Switcher (FUS) for Confluence,Actonic Labs,Admin tools;IT & helpdesk,45,6,5.0,non,atlassian,2026-02-17
com.ja.jira.plugin.ttb,Time Tracking And Billing Reporting,jPlugs,Time tracking;Dashboard gadgets,78,13,3.56,non,atlassian,2025-11-16
com.akelesconsulting.jira.plugins.dFolder,Dashboard Folders for Jira,Akeles Consulting,Charts & diagramming,43,8,4.84,non,atlassian,2026-03-12
biz.everit.jira.issue-score,Issue Score for Jira,EverIT by catworkx,Custom fields;Dashboard gadgets;Project management,87,8,3.59,non,atlassian,2026-02-18
com.wombatscorp.confluence-tokens,API Tokens for Confluence,Wombats Corp,Admin tools;Integrations;Utilities;Security,49,5,5.0,non,atlassian,2026-06-20
io.moewe.confluence.addons.imagegalleries,Image Galleries and Sliders,MOEWE,Themes & styles;Macros;Design tools;Mobile,100,9,3.19,oui,atlassian,2026-01-22
com.clariostechnology.intelligentreports,Intelligent Reports - Customizable Reporting for Jira,Clarios Technology,Time tracking;Charts & diagramming;Reports;Project management,48,9,4.58,oui,atlassian,2026-07-15
com.mgmtp.jira.app.smart-panels-app,Smart Panels for Jira,mgm technology partners,Admin tools;Document management;IT & helpdesk;Project management,65,3,5.0,oui,atlassian,2026-05-20
com.resolution.atlasplugins.samlsso-bamboo,SAML SSO Single Sign On for Bamboo SSO OAuth + User Sync,resolution Reichert Network Solutions GmbH,Integrations;Utilities;Security,65,3,5.0,non,atlassian,2026-08-27
net.gsolution.plugins.jira-telegram-connector,Telegram Connector for Jira,Globo Solutions,Messaging;Integrations;Monitoring,322,0,0,non,atlassian,2026-07-13
com.wombatscorp.jira-group-rename,Rename Group in Jira,Wombats Corp,Admin tools;Utilities,48,5,5.0,non,atlassian,2026-07-11
com.tse.jira.issueproperties.plugin.jira-issue-properties-plugin,Issue Properties for Jira,ILA eSolution,Workflow;Custom fields;Integrations;Utilities,37,8,5.0,non,atlassian,2026-01-12
com.tse.confluence.purgepageversions.plugin.confluence-purge-pageversions-plugin,Purge Versions for Confluence,ILA eSolution,Admin tools;Macros;Utilities;Monitoring,56,9,4.31,non,atlassian,2026-01-15
com.obss.plugin.fieldSync,Field Sync,OBSS,Workflow;Utilities,56,9,4.31,non,atlassian,2026-09-23
com.arijea.plugins.betterblogs,Better Blogs for Confluence,GLiNTECH - a Valiantys company,Admin tools,54,4,5.0,non,atlassian,2026-06-20
com.caritteprod.bulk-linker,Ultimate Links Manager - Issue Link Schemes & Bulk Link,Jaanga,Tasks;Utilities,139,2,3.12,oui,atlassian,2026-03-23
com.cprime.jira.plugins.safe-translator,SAFe EPIC to Feature Translator for Jira,Appfire,Admin tools;Custom fields;Language packs;Project management,51,11,4.32,non,atlassian,2026-07-30
systems.npe.jira.prjorg,Project Groups for Jira,Rocktronic,Admin tools;Utilities;Project management,47,5,5.0,non,atlassian,2026-01-19
com.shdsd.plugin.organizationPro,OrgWise-Organization and Report for Jira,DragonSoft,Admin tools;Reports;Utilities;Project management,32,10,5.0,non,atlassian,2026-08-13
com.practitest.jira.plugins.practitest-jira-lite,PractiTest Test Management for Jira,H.S. PractiTest Ltd.,Testing & QA,538,14,4.64,oui,free,2026-07-09
doitbetter.meetings,Meetings for Jira,Doitb,Documentation;IT & helpdesk;CRM;Project management,97,2,4.38,oui,atlassian,2025-10-13
com.methoda.plugins.jcreate,JCreate - Requirements Management in Confluence and Jira,Methoda,Document management;Documentation;Integrations;Project management,41,6,5.0,oui,atlassian,2025-05-26
com.atlassian.stash.plugin.stash-look-and-feel-plugin,Look and Feel for Bitbucket Data Center,Atlassian,Admin tools,934,33,3.33,non,free,2025-04-29
com.ja.jira.plugin.searchrequest,Show Saved Filter with Columns for Jira,jPlugs,Dashboard gadgets;Project management,69,8,3.91,non,atlassian,2025-11-17
com.ijs.jira.userabsenceplanner.UserAbsencePlanner,User Absence Planner: Out of Office Planning for Jira,ij-solutions,Tasks;Utilities;Monitoring;Project management,61,3,5.0,oui,atlassian,2026-02-14
com.glintech.jira.plugins.compactcards,Compact Cards for Jira,GLiNTECH - a Valiantys company,Project management,60,6,4.38,non,atlassian,2026-03-26
de.edrup.confluence.plugins.attachment-boxes,Attachment Boxes,Purde Software,Document management,76,2,5.0,non,atlassian,2026-08-26
de.codescape.jira.plugins.multiple-subtasks,Multiple Subtasks for Jira,codescape - Stefan Glase,Tasks;Blueprints;Utilities,102,1,5.0,non,atlassian,2026-04-04
com.xdevpod.apps.AIForJira,AI for Jira,XDevPod,Admin tools;Documentation;Integrations;Utilities,85,3,4.17,oui,atlassian,2026-08-13
com.intenso.jira.plugins.cfr.electronic-signature,Electronic Signature for Jira,Deviniti,Custom fields;IT & helpdesk,51,7,4.46,non,atlassian,2025-10-28
com.softwaretao.confluence.plugins.plantuml,PlantUML Macro for Confluence,Chinese Technical Support,Charts & diagramming;Macros;Design tools,99,1,5.0,oui,atlassian,2025-12-01
org.swift.confluence.acli,Run CLI Actions in Confluence,Appfire,Admin tools;Integrations;Macros;Utilities,88,4,3.75,non,atlassian,2026-08-10
com.miniorange.oauth.bitbucket-oauth,mO OAuth/OpenID Connect (OIDC) for Bitbucket SSO,miniOrange,Integrations;Utilities,31,9,5.0,non,atlassian,2026-07-21
com.addonexpertscenter.quickview.cloud,Quick View - Single Page Project Management,Add-On Experts Center,Themes & styles;Time tracking;Tasks;Project management,59,8,4.06,oui,atlassian,2025-09-22
com.tse.confluence.purgerecyclebin.plugin.confluence-purge-recyclebin-plugin,Auto Purge Trash,ILA eSolution,Admin tools;Utilities,48,4,5.0,non,atlassian,2026-01-14
io.innovura.plugins.colortransitions.color-workflow-actions,Color Workflow,Futurate,Themes & styles;Utilities,56,5,4.5,non,atlassian,2026-03-05
com.infosysta.jira.mobile-for-jira-service-desk-portal-branded,JSM Mobile - Service Management Portal (Branded),Futurate,Messaging;IT & helpdesk;Mobile;Project management,56,3,5.0,oui,atlassian,2026-08-13
com.jsoft.jira.plugins.jira-mattermost,Mattermost Connector for Jira,J Soft,Admin tools;Messaging;Integrations;IT & helpdesk,111,6,2.71,oui,atlassian,2026-04-17
de.stagil.confluence.stagil-issues-macro,STAGIL Tasks (Jira Issues Tables Macro for Confluence),STAGIL by catworkx,Integrations;Macros,95,1,5.0,oui,atlassian,2026-05-27
info.renjithv.jira.plugins.emaileditor.emaileditor-jira-plugin,Mail Template Editor for Jira,Rocktronic,Admin tools;Email,93,17,2.65,non,atlassian,2025-03-06
de.t2consult.atlassian.jira.simpletrafficlights,Simple Traffic Lights for Jira,t2consult,Custom fields,67,3,4.58,oui,atlassian,2026-01-16
com.edagps.atlassian.confluence.tooltip-pro,Tooltip Professional for Confluence,EDAG Production Solutions GmbH & Co. KG,Document management;Documentation;Macros;Design tools,145,2,1.88,oui,atlassian,2026-02-11
com.shdsd.plugin.dingding-jira,DingTalk for Jira,DragonSoft,Messaging;Integrations;IT & helpdesk;Mobile,53,6,4.38,non,atlassian,2025-12-26
no.kantega.kerberosauth.kerberosauth-plugin.bamboo,K-SSO SAML SSO OAuth Kerberos User Management for Bamboo,Kantega SSO,Admin tools;Integrations;Utilities;Security,33,7,5.0,non,atlassian,2026-09-18
com.atlassian.stash.plugin.stash-web-post-receive-hooks-plugin,Web Post Hooks for Bitbucket,Atlassian,Repository hooks,1037,14,3.12,non,free,2025-11-30
com.riadalabs.jira.plugins.insight-discovery,Assets Discovery,Atlassian,IT & helpdesk,648,14,4.02,oui,free,2026-03-17
com.wittified.jira.delegated-admin,Delegated Project Admin Pro for Jira,Appfire,Admin tools;Workflow;Tasks;Project management,45,4,5.0,non,atlassian,2026-08-06
ie.mile.task-manager,Task Manager for Confluence,Rozdoum,Tasks;Integrations;Monitoring;Project management,53,3,5.0,oui,atlassian,2026-05-15
com.view26.macro.json.viewer.confluence,view26 JSON Viewer Macro for Confluence,view26 GmbH,Documentation;Macros,146,3,1.25,oui,atlassian,2026-01-24
net.leanix.confluence.leanix-for-confluence-server,SAP LeanIX for Confluence,SAP LeanIX,Charts & diagramming;Integrations;Macros,874,3,4.58,oui,free,2026-09-24
de.resolution.usersync.confluence,"User Sync: SCIM Provisioning, Group Sync for Confluence",resolution Reichert Network Solutions GmbH,Admin tools;Integrations;Utilities;Security,35,6,5.0,non,atlassian,2026-08-27
com.redmoon.jira.secure-admin,Secure Admin - Share admin access safely and securely,Redmoon Software Ltd,Admin tools;Utilities;Security;Project management,35,6,5.0,non,atlassian,2026-02-25
com.jirasudo.jira-sudo,Sudo for Jira,David Erickson,Admin tools;Integrations;Repository hooks;Continuous integration,52,4,4.69,non,atlassian,2026-03-16
com.qmetry.Professional,QMetry Integration for Jira,SmartBear Software,Integrations,402,15,4.67,oui,free,2026-09-09
com.miniorange.usermanagement.confluence-user-management,User Management for Confluence & Auto-deactivation,miniOrange,,43,4,5.0,non,atlassian,2026-05-27
com.akelesconsulting.jira.plugins.CannedSearchGadget,Canned Search Gadget,Akeles Consulting,Dashboard gadgets;IT & helpdesk,43,4,5.0,non,atlassian,2026-03-03
com.akelesconsulting.jira.plugins.Countdown,Countdown Gadget,Akeles Consulting,Time tracking;Dashboard gadgets,535,11,4.32,oui,free,2026-01-27
cea4b4d2-9e2c-4c93-bfa5-0b944b0876d0,Kantega User Management & License Optimizer for Jira,Kantega SSO,Admin tools;IT & helpdesk;Monitoring;Security,85,1,5.0,oui,atlassian,2026-07-03
eu.mirrorlake.plugins.pc2d,Mirrorlake Plan Chart 2D,Mirrorlake Software,Dashboard gadgets;Charts & diagramming;Reports;Project management,61,2,5.0,oui,atlassian,2025-12-21
com.kostebekteknoloji.plugins.jira.jira-bulk-operation-exhancer,Bulk Operation Enhancer for Jira,Köstebek Teknoloji,Utilities;Project management,59,2,5.0,non,atlassian,2026-04-04
com.nh.jira.UserAvatar,User Avatar,Pitronote,Themes & styles;Custom fields;Integrations,30,11,4.66,non,atlassian,2023-10-10
ch.bitvoodoo.confluence.plugins.contentscheduler,Content Scheduler for Confluence,Elevatic,Document management,33,8,4.69,non,atlassian,2025-10-22
com.atlassian.jira.jira-autolink-plugin,AutoLink Plugin for Jira,Atlassian,,452,20,4.12,non,free,2025-09-04
com.ila.esolution.jira.jenkinsutils.plugin.jira-jenkins-utils-plugin,Jenkins DevOps Suite for Jira,ILA eSolution,Build management;Integrations;Continuous integration;Deployments,44,7,4.29,non,atlassian,2026-01-12
com.hivestone.confluence.plugins.autonumberedheadings,Auto Numbered Headings,Hivestone,Document management;Macros;Utilities,38,4,5.0,non,atlassian,2026-01-26
com.k15t.confluence.k15t-expando,Expando for Confluence FREE,K15t Labs,Document management;Macros,414,12,4.48,non,free,2024-01-24
com.akelesconsulting.jira.plugins.relatedFilter,Menu Gadget,Akeles Consulting,Dashboard gadgets;IT & helpdesk,647,11,3.75,oui,free,2026-01-06
com.stellarity.bamboo.powershell-task,PowerShell Task,Stellarity Software,Build management;Tasks,38,4,5.0,non,atlassian,2026-03-26
com.almworks.structure.confluence.helper,Confluence Helper for Structure,Tempo Software,Integrations,1269,2,3.12,oui,free,2026-09-02
onlyoffice.onlyoffice-confluence-plugin,ONLYOFFICE Connector for Confluence,Ascensio System SIA,Charts & diagramming;Document management;Integrations;Continuous integration,580,3,5.0,oui,free,2026-09-10
net.seibertmedia.confluence.qr2wiki,qr2page (Create printable QR Codes for Pages),Seibert,Documentation;Utilities;Mobile,70,2,4.38,oui,atlassian,2026-08-04
de.scandio.bitbucket.plugins.favourites,Favorites for Bitbucket,ASK Software,Tasks;Utilities,63,5,3.75,non,atlassian,2026-01-05
com.miniorange.usersync.miniorange-usersync-confluence,"mO SCIM Provisioning, User Sync & Group Sync for Confluence",miniOrange,Admin tools;Integrations;Utilities;Security,27,7,5.0,oui,atlassian,2026-09-23
com.troopr.confluence_version-slack-integration-for-confluence,Enjo Slack Integration for Confluence,Troopr Labs - AI for Support & Project Management,Document management;Documentation;IT & helpdesk,44,3,5.0,oui,free,2024-03-12
io.windtunnel.smb.secret-managers-plugin,Secret Managers for Bamboo,votazz,Integrations;Continuous integration;Deployments;Security,44,4,4.69,non,atlassian,2026-02-10
com.kanoah.jira-checklist,Kanoah Checklist for Jira,The Adaptavist Group,Workflow;Custom fields;Tasks;Project management,45,8,4.06,non,atlassian,2025-11-03
com.eesel.plugins.oracle,AI for Confluence Cloud,eesel,Document management;Documentation;IT & helpdesk;Project management,314,44,4.29,oui,free,2023-05-15
net.collabsoft.plugins.stash.gfc,Git Flow Chart,CollabSoft,Charts & diagramming;Reports;Code review;Source code,57,12,3.33,oui,atlassian,2026-09-18
com.stiltsoft.bitbucket.submodule,Submodule Changes for Bitbucket,Stiltsoft Europe OÜ,Workflow;Design tools;Code review;Source code,50,4,4.38,non,atlassian,2025-09-23
com.medc.jira.desktopcentral,Endpoint Central,ManageEngine,Admin tools;IT & helpdesk;Deployments;Mobile,770,12,3.19,oui,free,2026-05-22
io.qameta.allure.allure-ee-jira,Allure TestOps for Jira,Qameta Software Inc.,Reports;Testing & QA,613,5,4.25,oui,free,2026-07-08
com.sodius.oslc.app.jira,SodiusWillert OSLC Connect for Jira,SodiusWillert,Repository connectors;Integrations;Continuous integration;Testing & QA,53,2,5.0,oui,atlassian,2026-04-21
de.scandio.confluence.plugins.live-snippets,Git Snippets - Smart Git Viewer for Confluence,Lively Apps,Blueprints;Integrations;Macros;Source code,53,2,5.0,non,atlassian,2026-08-25
com.candylio.jira.plugins.jira-kudos,Kudos - Employee Recognition and Rewards for Jira,Candylio Software Pte. Ltd.,Workflow;Utilities;IT & helpdesk,41,6,4.38,oui,atlassian,2026-08-13
com.methoda.plugins.pagePreview4Jira,C4J for Confluence Page Preview In Jira,Methoda,Charts & diagramming;Document management;Documentation;Integrations,35,4,5.0,non,atlassian,2026-09-09
org.techtime.bitbucket.plugins.usermanagement,User Management for Bitbucket (bulk & timed inactive users),TechTime Initiative Group Limited,Admin tools;Utilities;Monitoring,52,2,5.0,non,atlassian,2026-09-11
net.youngaweb.jira.yp-better-comments-with-reply,Better comments with reply,Young Plugins,,50,3,4.58,non,atlassian,2025-09-02
io.testiny.jira-app,Testiny - Test Management for Jira,Mategra GmbH,Testing & QA,443,4,5.0,oui,free,2026-01-19
com.rauliki.JiraSupportAdminTools.JiraSupportAdminTools,Support Admin Tools for Jira,Sngular,Admin tools,55,4,4.06,non,atlassian,2024-11-18
es.sistel.plugins.jira.logwork-as-another-user,Log work as another user for Jira,BranchCreation S.L.U.,Time tracking,62,4,3.75,oui,atlassian,2026-04-23
com.lucidchart.confluence.plugins.lucidspark-confluence,Lucidspark Boards Connector,Lucid,Charts & diagramming;Documentation;Macros;Design tools,1106,2,3.12,oui,free,2026-08-25
com.infosysta.jira.JAM,Attachments Manager for Jira,Futurate,Admin tools;Themes & styles;Utilities;Project management,32,15,4.17,non,atlassian,2025-09-29
sk.tempest.jira.base64AttachmentUploadRestApi,Base64 Attachment REST API,Alanata,Integrations,69,1,5.0,oui,atlassian,2025-10-13
com.sykorait.jira.plugins.USU-Service-Management-Connector,USU Service Management Connector for Jira,Sykora IT s.r.o.,Integrations;IT & helpdesk,24,7,5.0,oui,atlassian,2026-07-23
com.candylio.jira.plugins.jira-nps,NPS Survey for Jira,Candylio Software Pte. Ltd.,Dashboard gadgets;Email;IT & helpdesk;Project management,84,3,2.92,oui,atlassian,2026-07-28
de.kupper.it.atlassian.confluence.tabs,Responsive tabs,Kupper Software,Documentation;Macros,53,4,4.06,non,atlassian,2026-06-12
com.almworks.testy,Structure.Testy by Tempo - Add Test Checklists to Structure,Tempo Software,Build management;Code quality;Code review;Testing & QA,394,11,4.32,non,free,2026-09-08
com.atlassian.plugins.panopticon,Centralized license visibility,Atlassian,Admin tools;Monitoring;Security,903,6,2.92,non,free,2026-02-19
com.keplertechnologies.ColorfulProcessingTimes,Kepler - Color fields | SLA & Custom actions,Kepler Technologies,Admin tools;Custom fields,33,4,5.0,oui,atlassian,2025-12-31
com.easesolutions.jira.plugins.testmanagement,easeTest - Test Management for Jira (formerly T4J),Ease Solutions Consulting GmbH,Dashboard gadgets;Testing & QA,33,4,5.0,non,atlassian,2026-07-16
com.acidoranges.dbterminal.dbterminal,DataBase Explorer,Sevidev,Admin tools;Utilities;Security,39,3,5.0,non,atlassian,2026-06-02
com.stagil.jira.plugins.projects,STAGIL Project Creator for Jira,STAGIL by catworkx,Admin tools;Integrations;IT & helpdesk;Project management,39,3,5.0,non,atlassian,2025-11-04
es.excentia.jira.plugins.jiracloud-dtrack-connector,Dependency Track Connector for Jira,excentia,Integrations;Code quality;Security;Dependency management,47,6,3.96,oui,atlassian,2026-03-17
de.scandio.confluence.plugins.page-branching,Page Branching - Agile Editing & Merging for Confluence,Lively Apps,Workflow;Document management;Documentation;Utilities,48,2,5.0,oui,atlassian,2026-09-15
com.viplean.jira.viplean-jira-advanced-links,VIP.LEAN Advanced Links,VIP.LEAN Solutions GmbH,Admin tools;Utilities;Dependency management;Project management,60,2,4.38,oui,atlassian,2026-08-04
es.excentia.jira.plugins.jira-traceabilityx-plugin,TraceabilityX for Jira,excentia,Dashboard gadgets;Charts & diagramming,26,18,4.31,non,atlassian,2026-01-13
net.savignano.s-notify.confluence.gui,S/Notify Email Encryption for Confluence,savignano software solutions,Admin tools;Email;Utilities,38,3,5.0,non,atlassian,2026-06-01
au.net.bunney.spellproof.plugins.spellproof-confluence,Spellproof for Confluence (Spell Checker),Bunney Apps,Workflow;Language packs;Documentation;Utilities,43,5,4.25,non,atlassian,2026-07-09
com.accxia.jira.plugins.workscouncil.WorksCouncil,UnView for Jira,Accxia,Admin tools;Time tracking;Utilities;Project management,46,6,3.96,non,atlassian,2026-05-27
com.adaptavist.tm4c,Zephyr Reporting for Confluence,SmartBear,Dashboard gadgets;Reports;Macros;Testing & QA,428,15,3.92,non,free,2026-04-20
io.suspect.jira-copy-project-plugin,Jira Copy Project Plugin,Lane Technology,Admin tools;Utilities,69,7,2.86,non,atlassian,2025-08-05
com.akelesconsulting.jira.plugins.calendar-heatmap,Calendar Heatmap Gadget,Akeles Consulting,Dashboard gadgets;Charts & diagramming,399,5,4.75,oui,free,2026-01-20
com.easesolutions.risk.risk-management-for-jira,easeRisk - Risk Management for Jira,Ease Solutions Consulting GmbH,Reports;Documentation;Monitoring;Project management,46,2,5.0,oui,atlassian,2026-07-01
hhn.hm.alt.editor,Alt Text - Markdown and Source Editor for Confluence,Hugemassive,Documentation;Utilities;IDE,61,3,3.75,oui,atlassian,2025-11-04
axure.cloud.jira,Axure for Jira,Axure,Workflow;Charts & diagramming;Documentation;Design tools,448,4,4.69,oui,free,2026-01-16
es.excentia.jira.plugins.excentia-admin-tools,excentia Admin Tools for Jira,excentia,Admin tools;Workflow;Utilities;Project management,36,3,5.0,non,atlassian,2026-06-04
doitbetter.matrix,e Matrix,Doitb,Time tracking;Reports;Tasks;Project management,92,4,1.88,oui,atlassian,2025-09-16
com.akelesconsulting.jira.plugins.tissue,Tissue - Table of linked Issues,Akeles Consulting,Dashboard gadgets,233,13,4.81,oui,free,2026-04-02
com.atlassian.confluence.plugins.confluence-slack-server-integration-plugin,Slack for Confluence Data Center (official),Atlassian,Messaging;Integrations,616,3,4.17,non,free,2026-05-25
com.tse.confluence.spaceproperties.plugin.confluence-space-properties-plugin,Space Fields for Confluence,ILA eSolution,Custom fields;Integrations;Macros;Utilities,27,6,4.79,non,atlassian,2026-01-14
es.excentia.bitbucket.plugins.sonarqube-connector-app,SonarQube Connector for Bitbucket,excentia,Code quality;Security;Source code;Testing & QA,35,3,5.0,oui,atlassian,2026-05-14
net.seibertmedia.confluence.collapsable-admin-menu,Collapsible Admin Menu,Seibert,Admin tools,248,13,4.71,non,free,2025-09-08
net.gcore.plugins.bitbucket2msteams,Microsoft Teams Connector for Bitbucket,Globo Solutions,Repository connectors;Messaging;Integrations;Repository hooks,53,4,3.75,non,atlassian,2026-06-29
com.wittified.delegated-group-management-in-confluence,Delegated Group Management in Confluence,Appfire,Admin tools,50,3,4.17,non,atlassian,2026-07-29
net.kentcom.page-reminders,Page Reminders for Confluence,KC Integrations,Tasks;Documentation;Utilities;Monitoring,43,2,5.0,non,atlassian,2026-05-08
com.shdsd.plugin.weChatWork,WeCom (WeChat Work) for Jira Service Management,DragonSoft,Admin tools;Integrations;IT & helpdesk;Mobile,27,8,4.53,non,atlassian,2025-10-29
de.resolution.usersync.jira,"User Sync: SCIM Provisioning, Group Sync for Jira",resolution Reichert Network Solutions GmbH,Admin tools;Integrations;Utilities;Security,59,1,5.0,non,atlassian,2026-08-27
clockify-v2,Clockify: Time Tracking & Timesheet 2-Way Sync,CAKE.com Inc,Time tracking;Reports;Integrations;Project management,1079,2,1.5,oui,free,2026-09-21
fi.apio.openapi-viewer,OpenAPI Viewer for Bitbucket,ncode,Documentation;Utilities;Source code,41,3,4.58,oui,atlassian,2026-09-12
com.riadalabs.jira.plugins.insight.insight-atlassian-environments,Assets - Jira & Bitbucket Integration,Atlassian,Admin tools,392,6,4.38,non,free,2025-10-23
com.itlab.jira.plugins.classic-transitions-view,Classic Transitions View for Jira,it.Lab,Admin tools;Workflow;Utilities;Design tools,57,1,5.0,non,atlassian,2026-08-09
de.kupper.it.atlassian.confluence.permission-helper,Permission Helper,Kupper Software,Admin tools;Macros;Utilities,57,1,5.0,non,atlassian,2026-05-01
addonix.jira.plugins.ui-toolkit,"My UI Toolkit - JS, CSS and UX Extensions for Jira",Addonix,Admin tools;Themes & styles,32,3,5.0,non,atlassian,2026-03-12
com.rocketdev.confluence.barcode,Barcodes and QR Codes for Confluence,codalyx,Charts & diagramming;Macros;Utilities;Design tools,38,4,4.38,oui,atlassian,2026-08-13
com.cognitiff.jira.sortbyanyfield.plugin,Sort by any Field,Cognitiff,Custom fields;Tasks;Utilities;Project management,54,3,3.75,oui,atlassian,2025-08-19
msteams.nextup.helpdesk,HelpDesk+ for Microsoft Teams,Appfire,Workflow;Messaging;Integrations;IT & helpdesk,70,2,3.12,oui,atlassian,2024-10-15
com.jibrok.jira.plugins.su,Switch to User and Delegating SU for Jira,JiBrok,Admin tools;Utilities;IT & helpdesk;Security,40,2,5.0,non,atlassian,2026-02-09
de.scandio.confluence.plugins.spaceadmin,Team Admin - Space Group Management for Confluence,Lively Apps,Admin tools;Utilities;Security;Project management,40,2,5.0,non,atlassian,2026-08-25
org.techtime.confluence.plugins.easytime,EasyTime Automatic Tracker for Confluence Time Tracking,TechTime Initiative Group Limited,Time tracking;Reports;Utilities,55,1,5.0,oui,atlassian,2025-09-26
org.hotovo.confluence.amazon-s3-storage-connector,Amazon S3 Connector for Confluence,TeamOps FACTORY (Solumiss Group),Document management;Integrations;Macros;Utilities,40,2,5.0,non,atlassian,2026-07-28
net.utoolity.atlassian.bamboo.identity-federation-for-aws-bamboo,Identity Federation for AWS (Bamboo),Utoolity,Admin tools;Build management;Tasks;Integrations,160,0,0,non,atlassian,2026-09-01
vfjc,Visualizer for Jira,GLiNTECH - a Valiantys company,Project management,55,5,3.25,oui,atlassian,2025-12-09
com.empegraphics.jira.user-mentioned,User Mentioned JQL,Simtask,Utilities,39,2,5.0,non,atlassian,2026-02-28
com.atsistemas.jira.addons.template-me,TemplateMe! - Customized notifications,knowmad mood,Themes & styles;Email,34,9,3.89,non,atlassian,2025-12-10
com.miniorange.rest.auth.confluence-rest-api-oauth,Enhanced API Authentication for Confluence with OAuth/JWT,miniOrange,Admin tools;Integrations;Utilities;Security,39,2,5.0,non,atlassian,2026-09-07
ch.mibex.bitbucket.checklist-buddy,Pull Request Checklist Buddy for Bitbucket,Elevatic,Tasks;Code quality;Code review;Testing & QA,31,3,5.0,oui,atlassian,2025-12-15
com.hivestone.confluence.plugins.copypagehier,Copy Page Hierarchy (Copy Space),Hivestone,Document management;Utilities,42,4,4.06,non,atlassian,2026-03-07
de.communardo.confluence.communardo.qms.plugin,Process Management Suite for Confluence,Elevatic,Reports;Documentation;Project management,31,3,5.0,non,atlassian,2026-02-05
com.stiltsoft.bitbucket.fileviewer,File Viewer for Bitbucket,Stiltsoft Europe OÜ,Utilities,52,3,3.75,non,atlassian,2025-10-23
com.hivestone.confluence.plugins.delunusedattach,Delete Unused Attachments,Hivestone,Document management;Utilities,53,4,3.44,non,atlassian,2025-11-23
com.midori.bitbucket.plugin.commitpolicy,Better Commit Policy Connector for Bitbucket,Midori Global Consulting Kft.,Repository hooks;Continuous integration;Code quality;Code review,338,8,4.22,oui,free,2026-06-18
vivid.trace,Vivid Trace for Jira,Vivid Inc.,Reports;Messaging;Dependency management;Project management,24,8,4.53,non,atlassian,2025-12-23
com.viplean.jira.dw.viplean-jira-data-warehouse,VIP.LEAN ETL for Reporting,VIP.LEAN Solutions GmbH,Admin tools;Reports;Integrations;Utilities,52,1,5.0,oui,atlassian,2026-08-06
com.addonexpertscenter.epic-timeline,Epic Timeline,Add-On Experts Center,Admin tools;Time tracking;Charts & diagramming;Project management,26,5,4.75,oui,atlassian,2025-10-20
com.infosysta.jira.translation.arabic,Arabic for Jira (Language Localization & RTL Support),Futurate,Themes & styles;Language packs,46,4,3.75,non,atlassian,2026-05-18
net.seibertmedia.confluence.appcenter,Linchpin Launchpad - Access Your Tools,Seibert,Integrations;Macros,22,5,5.0,non,atlassian,2026-06-18
com.tse.jira.scmactivitylite.plugin.jira-scm-activity-lite-plugin,SCM Changesets Activity for Jira,ILA eSolution,Admin tools;Utilities;Continuous integration,25,4,5.0,non,atlassian,2026-01-12
com.microsoft.atlassian.MicrosoftConfluencePlugin,Microsoft Graph Connectors for Confluence On-prem,Graph Connector Microsoft,,411,3,4.58,non,free,2026-09-11
com.enhancera.auditor.confauditor,Auditor for Confluence,"Enhancera, LLC",Admin tools;Workflow;Reports;IT & helpdesk,37,2,5.0,non,atlassian,2026-01-07
com.brikit.targetedsearch,Brikit Targeted Search for Confluence,Brikit,Document management;Documentation;Macros;Utilities,51,1,5.0,non,atlassian,2026-03-23
com.addonrock.jira.custom-field-pack,Custom Field Pack,Addonrock Sp. z o.o.,Custom fields;Utilities;IT & helpdesk;Project management,29,3,5.0,non,atlassian,2025-10-03
pl.softlist.navi,"Navi - Bulk Actions, Next/Previous buttons for Confluence",Softlist Sp. z o.o.,Themes & styles;Document management;Documentation;Utilities,50,1,5.0,oui,atlassian,2026-07-20
com.empyra.bpi.BulkProfileImporter,Enhanced User Profile for Jira,appserve.ai – a division of Empyra,,20,7,4.82,oui,atlassian,2026-06-30
de.smartics.atlassian.confluence.smartics-atlassian-confluence-macros,Project Documentation Macros,smartics,Documentation;Macros,145,0,0,non,atlassian,2026-01-08
sqldbm-addon,SqlDBM,SqlDBM,Charts & diagramming;Continuous integration;IDE,276,4,5.0,oui,free,2025-05-14
com.infosysta.aifc.ai.for.confluence,Smart AI for Confluence,Futurate,,28,3,5.0,oui,atlassian,2026-02-19
com.boc.confluence.plugin.adonis,ADONIS Process Manager for Confluence,BOC Group,Charts & diagramming;Documentation;Integrations;Design tools,142,0,0,oui,atlassian,2026-04-16
com.microsoft.MicrosoftSsoJiraPlugin,Microsoft Entra ID single sign-on for Jira,Microsoft Azure Active Directory,Integrations;Mobile;Security,353,10,3.77,non,free,2026-05-14
net.brutscher.confluence.groupmentions.GroupMentions,Group Mentions,votazz,Workflow;Email;Document management;Messaging,35,2,5.0,non,atlassian,2025-12-03
axure.cloud.confluence,Axure for Confluence,Axure,Workflow;Charts & diagramming;Documentation;Design tools,424,4,4.06,oui,free,2026-01-16
net.seibertmedia.plugin.confluence.duplicate-content-defender,Duplicate Content Defender,Seibert,Document management,35,2,5.0,non,atlassian,2026-08-11
io.windtunnel.ksb.kubernetes-plugin,Kubernetes for Bamboo,votazz,Integrations;Continuous integration,34,2,5.0,non,atlassian,2026-02-15
com.jibrok.jira.plugins.banner,Customizable Announcements for Jira,JiBrok,Admin tools;Messaging;Utilities;IT & helpdesk,34,2,5.0,non,atlassian,2026-02-09
de.accxia.jira.apps.booster.WebBooster,WebBooster for Jira,Accxia,Admin tools;Integrations;Utilities,33,3,4.58,non,atlassian,2025-04-29
com.softcrts.confluence.plugins.labels.restrict,Labels Restrict,SoftCrts,Admin tools;Document management,27,3,5.0,non,atlassian,2025-08-05
com.playsql.rytestcompliance,RY Testing and Compliance,Requirement Yogi,Testing & QA,69,1,2.5,non,atlassian,2026-02-13
com.qotilabs.jira.rich-filters-pdf-reports,Rich Filters::PDF Reports for Jira,Appfire,Dashboard gadgets;Charts & diagramming;Reports;Project management,364,2,5.0,non,free,2025-07-09
net.koncis.atlassian.jira-issue-edit-lock,Issue Lock for Jira (who's editing),aety aps,Workflow;IT & helpdesk,49,6,2.92,non,atlassian,2026-02-24
com.luxplugins.jira.plugin.favorite-issues,Favorite Issues: Grouping & Fast Access,LuxPlugins,Custom fields;Tasks;Utilities;Project management,26,3,5.0,oui,atlassian,2026-01-12
io.unito.app,Unito 2-Way Sync: Real-time integration for Jira & 60+ tools,Unito,Workflow;Integrations;Utilities;Project management,506,11,2.73,oui,free,2025-02-05
com.hivestone.confluence.plugins.spacehierarchy,Space Hierarchy & Breadcrumbs,Hivestone,Document management;Macros,19,5,5.0,non,atlassian,2026-02-24
com.atsistemas.jira.addons.notify-me,NotifyMe! - Send emails from Jira issues,knowmad mood,Email;Utilities,19,5,5.0,non,atlassian,2025-01-14
com.mohamicorp.bitbucket.plugin.crucible-review-hook,Crucible Review Hook for Bitbucket,Appfire,Repository connectors;Integrations;Repository hooks;Source code,17,6,5.0,non,atlassian,2026-06-05
de.viadee.confluence.managed-data-fields,Managed Data Fields,viadee Unternehmensberatung AG,Custom fields;Reports;Document management;Documentation,32,2,5.0,non,atlassian,2026-08-26
com.lifeincodes.issue-preview-for-jira,Issue Preview for Jira,Life in Codes,Utilities;IT & helpdesk;Monitoring;Project management,25,6,4.38,non,atlassian,2026-04-23
com.atsistemas.jira.addons.receive-me,ReceiveMe! - Email handler for Jira,knowmad mood,Email,25,6,4.38,non,atlassian,2024-12-18
com.csdn.tools.krokiConfluenceMacro,Kroki Diagrams for Confluence,Chinese Technical Support,Charts & diagramming;Reports;Macros;Design tools,44,1,5.0,oui,atlassian,2026-03-10
net.gcore.plugins.wgfeedback-marketplace,Issue Feedback and Surveys for Jira,Globo Solutions,Themes & styles;Reports;Tasks;Email,40,2,4.38,non,atlassian,2026-08-28
de.catworkx.confluence.plugins.catworkx-revision,Teamworkx Revision for Confluence,catworkx GmbH,Admin tools;Tasks;Document management;Macros,43,1,5.0,non,atlassian,2026-09-02
com.digixperience.atlassian.confluence.spaces-list,Advanced spaces list (Statistics),DigiXperience,Admin tools;Reports;Monitoring,64,4,1.88,non,atlassian,2026-03-15
com.eis.jira.plugins.deletedIssuesLog,Deleted Issues Log,Eisonesoft,Admin tools;Utilities,18,5,5.0,oui,atlassian,2025-05-21
cea4b4d2-9e2c-4c93-bfa5-0b944b0876d0.confluence,Kantega User Management & License Optimizer for Confluence,Kantega SSO,Admin tools,42,1,5.0,oui,atlassian,2026-07-03
com.atlassian.jpos.confluencemacro.portfolio-sever-confluence-macro,Advanced Roadmaps for Jira in Confluence,Atlassian,Reports;Integrations;Macros;Project management,476,8,2.81,non,free,2024-01-23
com.cprime.jira.plugins.reporting,"Power Dashboards, Reports & Gadgets",Appfire,Dashboard gadgets;Charts & diagramming;Reports;Project management,29,2,5.0,non,atlassian,2026-09-10
org.techtime.bitbucket.plugins.easysso,EasySSO for Bitbucket (Kerberos/NTLM/HTTP headers/SAML SSO),TechTime Initiative Group Limited,Integrations,23,3,5.0,non,atlassian,2026-09-01
fam.atlas.push.jira-push,WebPush Notifications for Jira,Itransition Group,Messaging;Utilities;Mobile,33,3,4.17,non,atlassian,2026-09-16
de.stagil.jira.issue-maps,STAGIL Link Maps - Work links dependency & hierarchy graphs,STAGIL by catworkx,Charts & diagramming;Reports;CRM;Project management,113,0,0,oui,atlassian,2026-08-11
net.veniture.aqua.jira.aquaJiraConnector,aqua - Test Management & Automation,aqua cloud GmbH,Integrations;Monitoring;Project management;Testing & QA,159,14,4.46,oui,free,2026-08-10
ta-smart-hierarchy,Smart Issue (Work) Hierarchy for Jira,TitanApps,,290,2,5.0,oui,free,2026-01-21
Jira.dragonboat.io,Strategic Portfolio Management with AI for PPM & OKR Roadmap,Dragonboat,Reports;Integrations;Dependency management;Project management,131,14,4.73,oui,vendor,2025-03-21
com.atlassian.bitbucket.plugins.bitbucket-slack-server-integration-plugin,Slack for Bitbucket Data Center (official),Atlassian,Messaging;Integrations,500,2,3.12,non,free,2026-02-19
com.itransition.csam.helpcenter-corrector,HelpCenter Corrector,Itransition Group,Utilities;IT & helpdesk,228,10,4.0,non,free,2026-02-09
com.acidoranges.pincomments.pincomments,Pin Comments And Attachments,Sevidev,Documentation;Utilities;IT & helpdesk,27,2,5.0,non,atlassian,2026-05-12
com.tse.confluence.pageproperties.plugin.confluence-page-properties-plugin,Page Fields,ILA eSolution,Custom fields;Integrations;Macros;Utilities,18,4,5.0,non,atlassian,2026-01-13
com.forty8fiftylabs.plugins.atlassian.smarthandler_for_mail,SmartHandler - Email logic for Jira,Forty8Fifty Labs,Workflow;Tasks;Email;Utilities,29,4,4.06,non,atlassian,2026-03-02
com.qmetry.confluenceapp,QTM4J Integration for Confluence,SmartBear Software,Reports;Macros;Testing & QA,218,3,5.0,oui,free,2026-07-06
aldeva.app.jira.issue.listview,Global List View for Jira,ALDEVA DIGITAL,Workflow;Utilities;Project management,40,2,3.75,oui,atlassian,2025-10-29
com.troopr.slack_reporting_for_jira,Slack Reports and Charts for Jira,Troopr Labs - AI for Support & Project Management,Charts & diagramming;Reports;IT & helpdesk;Project management,30,3,4.17,oui,atlassian,2023-06-14
com.prolaborate.macros.prolaborate-macro,Prolaborate,Sparx Systems Prolaborate,Utilities,179,4,5.0,oui,free,2026-03-04
app.adobexd.confluence,Adobe XD for Confluence,CollabSoft,Documentation;Integrations;Macros;Project management,103,0,0,oui,atlassian,2026-02-01
com.reinwok.jira.plugins.jira-reminder,Reminder for Jira,Reinwok,Tasks;Email;Messaging;Monitoring,20,3,5.0,oui,atlassian,2026-09-10
at.celix.jira.plugins.celix-mail-history,Mail History,Communardo Austria GmbH,Email;IT & helpdesk,45,1,3.75,non,atlassian,2026-09-09
com.suggestimate,SuggestiMate for Jira,"Enhancera, LLC",Custom fields;Project management,27,9,3.47,non,atlassian,2026-01-07
com.addonexpertscenter.confluence_chatgpt,ChatGPT Connector for Confluence,Add-On Experts Center,Macros,101,0,0,oui,atlassian,2026-04-29
com.RTC.plugin.SAPTIJira,SAP Transport Integration for Jira,REALTECH AG,Repository connectors;Integrations;Continuous integration;Deployments,25,2,5.0,oui,atlassian,2026-08-20
com.itlab.jira.plugins.status-colors,Status Colors for Jira,it.Lab,Admin tools;Themes & styles;Utilities;Design tools,34,1,5.0,non,atlassian,2026-08-09
com.lucidchart.jira.plugins.lucid-jira-lucidspark,Lucidspark Boards Connector for Jira,Lucid,Charts & diagramming;Documentation;Design tools,985,0,0,oui,free,2026-03-13
com.vilisoft.jira.plugins.advanced-template-cloner,Advanced Template Cloner for Jira,Vilisoft,Admin tools;Workflow;Utilities;Project management,33,3,3.75,oui,atlassian,2026-08-19
com.wittified.atl-announcer-stash,Announcer for Bitbucket Server,Appfire,Admin tools;Tasks;Messaging;Project management,43,2,3.12,non,atlassian,2026-08-03
com.seapine.tt.plugins.helix-alm-jira-plugin,Perforce ALM for Jira,Perforce Software,Testing & QA,198,4,4.69,oui,free,2026-06-30
com.ovyka.jira.satisfaction,Satisfaction survey for Jira by Ovyka,Ovyka,Email;Utilities;IT & helpdesk;CRM,28,3,4.17,non,atlassian,2025-07-09
com.akeles.jira.plugins.servicedesk-approval,Bulk Approvals for Jira Service Management,Akeles Consulting,Utilities;IT & helpdesk,19,3,5.0,non,atlassian,2026-05-05
nl.avisi.atlassian.user-directory-api,User Directory API for Jira,Avisi Apps bv,Admin tools,16,4,5.0,non,atlassian,2026-01-12
com.tngtech.jira.plugins.issueprinter,Issue Printer for Jira,TNG Technology Consulting GmbH,Utilities;Design tools;IT & helpdesk;Project management,16,4,5.0,non,atlassian,2026-09-10
com.itlab.jira.plugins.user-picker-avatar,User Picker Avatar for Jira,it.Lab,Themes & styles;Integrations,24,2,5.0,non,atlassian,2026-09-02
com.akelesconsulting.jira.plugins.SQLReporter,SQL Reporter for Jira,Akeles Consulting,Admin tools,24,2,5.0,non,atlassian,2025-08-21
fi.apio.asciidoc-viewer,AsciiDoc Viewer for Bitbucket,ncode,Documentation;Utilities;Source code,33,1,5.0,non,atlassian,2026-09-12
de.kupper.it.atlassian.confluence.responsive.image.slider,Responsive Image Slider,Kupper Software,Documentation;Macros,32,3,3.75,oui,atlassian,2026-05-01
org.squashtest.plugin.jira.Xsquash,Xsquash - Agile testing with OSS SquashTM,Henix,Testing & QA,161,4,5.0,oui,free,2026-08-31
net.veniture.jsd.gdpr.JSDPR,GDPR for Service Management,DC Factory,Documentation;Utilities;IT & helpdesk;Security,21,5,4.25,non,atlassian,2026-06-17
com.easesolutions.jira.plugins.customfields.project-field-manager,easeContext - Context Manager for Jira,Ease Solutions Consulting GmbH,Admin tools,23,2,5.0,non,atlassian,2026-06-09
es.excentia.jira.plugins.jiracloud-pmo-plugin,PMO Assessment and Reports for Jira,excentia,Reports;Document management;Documentation;Project management,18,3,5.0,oui,atlassian,2026-04-08
com.glintech.confluence.termsandconditions.termsandconditions,Terms and Conditions for Confluence,GLiNTECH - a Valiantys company,Admin tools;Messaging,18,4,4.69,non,atlassian,2026-09-10
pl.softlist.confluence.lp.confluence-ukrainian-language-pack,Ukrainian Language Pack for Confluence,Softlist Sp. z o.o.,Language packs,31,1,5.0,non,atlassian,2026-06-12
com.devoog.jira.plugin.translateFields,Translate Field Options for Jira,The Adaptavist Group,Admin tools;Custom fields;Language packs;Utilities,34,2,3.75,non,atlassian,2025-11-05
com.playsql.play-sql-export-addon,PSEA (Export feature),Requirement Yogi,,301,1,5.0,non,free,2025-12-03
com.tngtech.confluence.plugins.gardening,Page Gardener Companion for Confluence,TNG Technology Consulting GmbH,Admin tools;Document management;Documentation;Utilities,22,2,5.0,non,atlassian,2026-09-10
com.boc.confluence.plugin.adoit,ADOIT Enterprise Architect for Confluence,BOC Group,Charts & diagramming;Blueprints;Integrations;Design tools,88,0,0,oui,atlassian,2026-04-16
com.wittified.jira.agile-board-template-builder,Agile Board Template Builder for Jira,Appfire,Admin tools;Build management;Blueprints;Project management,30,1,5.0,non,atlassian,2026-08-06
com.mabl.jira.server.mabl-jira-server-plugin,mabl: Automated Testing with Jira & Rovo,mablhq,Testing & QA,211,2,5.0,oui,free,2026-05-06
com.xmatters.xmatters,xMatters Actionable IT Alerts for Jira,"xMatters, an Everbridge Company",IT & helpdesk;Monitoring,143,4,5.0,oui,free,2025-10-17
com.qasymphony.qtestscenario.version2,Tricentis qTest Scenario Integration for BDD,Tricentis,Workflow;Documentation;Source code;Testing & QA,208,11,3.52,oui,free,2025-11-14
com.pagerduty.jira-server-plugin,PagerDuty for Jira Server & Data Center,PagerDuty,Integrations;IT & helpdesk;Monitoring,251,8,3.28,non,free,2026-08-04
com.optimizory.jira.plugins.cmo,Pact - Contract Management,Optimizory Technologies Pvt. Ltd.,Time tracking;Monitoring;CRM;Project management,47,1,1.25,oui,atlassian,2026-02-27
com.miniorange.oauth.bamboo-oauth,mO OAuth/OpenID Connect (OIDC) for Bamboo SSO,miniOrange,Integrations;Utilities,12,5,5.0,non,atlassian,2026-09-11
com.almworks.jira.bundle,Structure.Bundle by Tempo - Portfolio Management & Jira PPM,Tempo Software,Shared workflows;Document management;Dependency management;Project management,84,0,0,non,atlassian,2026-08-07
com.atlassian.stash.plugin.stash-protect-unmerged-branch-hook,Protect Unmerged Branch Hook for Bitbucket Data Center,Atlassian,Repository hooks,397,3,2.08,non,free,2025-11-25
biz.softlist.catcher.AlertCatcher,Alert Catcher - Zabbix SIEM integration with Jira,Softlist Sp. z o.o.,Integrations;IT & helpdesk;Monitoring;Security,16,3,5.0,non,atlassian,2025-03-17
com.akeles.jira.plugins.TableCustomFields,Table Custom Fields for Jira,Akeles Consulting,Workflow,31,3,3.33,non,atlassian,2026-07-06
de.communardo.confluence.plugins.apc,Accessibility for Confluence,Elevatic,Document management;Macros,20,2,5.0,non,atlassian,2026-09-16
com.atlassian.bitbucket.code-coverage-plugin,Code Coverage for Bitbucket,Atlassian Labs,Integrations;Source code;Testing & QA,134,6,4.58,non,free,2025-12-01
org.valens.dynamicPlans,"Dynamic Plans, DSL & Pipeline for Bamboo",Hutuleac Iulius,Build management;Tasks,14,10,4.12,non,atlassian,2024-03-20
com.contiba.jiraapp.jirasolmanapp,CrossConnector 4 - SAP Solution Manager Integration for Jira,Cross ALM GmbH,Workflow;Tasks;Integrations;Project management,26,1,5.0,oui,atlassian,2026-09-11
com.riadalabs.jira.plugins.insight-azure-integration,Assets - Azure Integration,Atlassian,,242,1,5.0,non,free,2026-08-07
com.almarise.gpp,Groups Plus - Attributes and delegated management,Almarise,Admin tools;Custom fields;Utilities;IT & helpdesk,25,3,3.75,non,atlassian,2026-09-09
com.favro.jira,Favro Integration,Favro,Project management,121,5,4.75,oui,free,2026-03-02
com.tx3.vera.vera3Plugin,Vera Electronic Signatures for Jira,Tricentis,Workflow;Document management;Integrations;Utilities,116,4,5.0,oui,free,2026-03-20
addonix.jira.plugins.jqlfields,My Issue Linking - Issue Picker Field and JQL Work Panel,Addonix,Admin tools;Workflow;Custom fields;Project management,25,1,5.0,oui,atlassian,2026-08-26
com.porzelt.jira.simpletemplates.CannedIssues,Canned Issues,Maximilian Porzelt,Custom fields;Blueprints;Utilities,17,3,4.67,non,atlassian,2026-07-04
de.accxia.jira.addon.IUM.IntelligentUserManager,Intelligent User Manager (IUM) for Jira,Accxia,Admin tools;Utilities,74,0,0,oui,free,2026-08-27
com.infosysta.jira.mobile.for.jira.branded,Branded Mobile for Jira,Futurate,Themes & styles;Integrations;Utilities;Mobile,25,1,5.0,oui,atlassian,2026-08-11
com.miniorange.jira.crowd.jira-crowd-sso,mO SSO connector for Crowd and Jira,miniOrange,Integrations;Utilities,25,1,5.0,non,atlassian,2026-09-11
eps.focuspro.variables,Easy Variables for Confluence,EPS Software Engineering AG,Documentation,25,1,5.0,non,atlassian,2026-06-26
com.prontop.extra-fields-for-jira-service-desk,Ultimate Requests (for Jira Service Management),aety aps,Custom fields;Utilities;IT & helpdesk;Project management,19,4,4.06,non,atlassian,2026-06-30
io.salto.adapters.jira,Salto Configuration Manager for Jira,Salto Labs,Admin tools;Documentation;Utilities;Deployments,175,4,4.06,oui,free,2026-07-26
com.secsign.secsignid,Two-Factor Authentication (2FA) for Jira,SecSign Technologies,Admin tools;Utilities;IT & helpdesk;Security,94,8,4.69,non,free,2026-08-27
com.secsign.secsignid-confluence,Two-Factor Authentication (2FA) for Confluence,SecSign Technologies,Admin tools,93,8,4.69,non,free,2026-08-27
com.almbase.jira.go-sync,Group & Organization Sync,Almbase,,127,3,5.0,oui,free,2026-02-23
de.t2consult.atlassian.jira.logviewer,Log Viewer for Jira,t2consult,,69,0,0,non,free,2026-05-19
com.wobo.jira.server.jira-plugin,WorkBoard OKRs for Jira,WorkBoard Inc.,Reports;Tasks;Monitoring;Project management,183,8,3.28,oui,free,2025-11-05
com.luxplugins.jira.plugin.scim-user-provisioning,SCIM User Provisioning for Jira,LuxPlugins,Admin tools;Integrations,23,1,5.0,non,atlassian,2026-09-16
de.catworkx.jira.plugins.push_pull_favorites,Teamworkx Push and Pull Favorites,catworkx GmbH,Admin tools,33,2,2.5,non,atlassian,2025-10-09
io.qameta.allure.allure-bamboo,Allure Report for Bamboo,Qameta Software Inc.,Tasks;Testing & QA,149,2,5.0,non,free,2026-07-10
com.riadalabs.jira.plugins.insight-aws-integration,Assets - AWS Integration,Atlassian,Integrations,119,3,5.0,non,free,2026-08-25
com.empyra.connector.servicenow,ServiceNow Connector for Jira,appserve.ai – a division of Empyra,Integrations,31,5,2.25,oui,atlassian,2026-07-22
de.viadee.confluence.dmn-plugin-enterprise,DMN Modeler Enterprise,viadee Unternehmensberatung AG,Workflow;Charts & diagramming;Macros;Design tools,67,0,0,oui,atlassian,2026-09-24
com.riadalabs.jira.plugins.insight-sccm-integration,Assets - SCCM Integration,Atlassian,Integrations,218,2,3.75,non,free,2025-07-29
com.miniorange.saml.sso.crowd-sso,SAML Single Sign-On (SSO) for Crowd & Connected apps,miniOrange,Integrations;Utilities,58,15,4.83,non,vendor,2026-09-20
com.xpandit.plugins.xray-bamboo,Xray Connector for Bamboo,Xblend,Tasks;Continuous integration;Testing & QA,92,11,4.32,non,free,2026-06-04
io.innovura.plugins.multiProject,Multi Project Customfield,Futurate,Custom fields;Project management,17,4,4.06,oui,atlassian,2022-10-23
com.microsoft.MicrosoftSsoConfluencePlugin,Microsoft Entra ID single sign-on for Confluence,Microsoft Azure Active Directory,Integrations;Mobile;Security,166,8,3.28,non,free,2026-05-14
com.enhancera.confaccesslog,Access Log for Confluence,"Enhancera, LLC",Admin tools;IT & helpdesk;Monitoring;Security,21,1,5.0,non,atlassian,2026-08-31
net.seibertmedia.jira.plugin.instaprinta,InstaPrinta - Issue Print Templates for Jira,Seibert,Project management,7,7,5.0,non,atlassian,2026-01-16
net.veniture.jira.vAgent,Agent Extensions for Service Management,DC Factory,Admin tools;Custom fields;Integrations;IT & helpdesk,15,2,5.0,non,atlassian,2026-06-03
com.shdsd.confluence.plugin.weChat-CF-Base,WeCom (WeChat Work) QR Code Login for Confluence,DragonSoft,Documentation;Messaging;Integrations;Mobile,71,6,5.0,non,free,2025-04-24
de.accxia.apps.jira.loginfree.LoginFree4JSD,LoginFree for Jira Service Management,Accxia,Integrations;Utilities;IT & helpdesk;CRM,10,8,4.38,non,atlassian,2025-04-14
kr.dmove.jira.usermng.Content-User-Management,Moves User & Contents Management for Jira,Dmove,,20,1,5.0,oui,atlassian,2025-08-20
com.miniorange.confluence.crowd.confluence-crowd-sso,mO SSO Connector for Crowd and Confluence,miniOrange,Integrations;Utilities,20,1,5.0,non,atlassian,2026-03-16
eu.toimproveit.saml.jira.SAML4JIRA,SAML (SSO) Single Sign-On for Jira,2improveIT,Admin tools;Integrations;Utilities;Security,18,2,4.38,non,atlassian,2026-03-04
io.innovura.plugins.tinker-for-jsd,Tinker for JSM - Toolbox,Futurate,Admin tools;Themes & styles;Utilities;IT & helpdesk,8,5,5.0,non,atlassian,2025-10-20
com.tenable.jira.tenable-jira_plugin,Tenable Plug-in for Jira,"Tenable, Inc.",Custom fields;Integrations;IT & helpdesk,203,7,2.5,non,free,2026-01-28
de.stagil.jira.stagil-database-sync,STAGIL Database Synchronizer,STAGIL by catworkx,Workflow;Custom fields;Integrations,8,5,5.0,non,atlassian,2026-09-16
tr.com.obss.atlassian.delegation,Keychain - Delegation for Jira,OBSS,Workflow;Custom fields;IT & helpdesk;Security,14,2,5.0,non,atlassian,2026-03-04
com.hivestone.confluence.plugins.conditionalmultiexcerpt,Conditional Multiexcerpt,Hivestone,Document management,14,2,5.0,non,atlassian,2026-03-07
com.jaangaapps.customfieldambassadors,Custom Field Ambassadors - Delegate Custom Field Management,Jaanga,Admin tools;Custom fields;Utilities;Project management,57,0,0,oui,atlassian,2025-05-23
com.qotilabs.confluence.rich-filters-macro-plugin,Rich Filters::Reports and Charts for Confluence,Appfire,Dashboard gadgets;Reports;Project management,56,0,0,non,atlassian,2025-08-05
com.tse.confluence.ldapgroupsync.plugin.confluence-ldap-group-sync-plugin,User Groups Sync for Confluence,ILA eSolution,Admin tools;Integrations;Utilities;Security,9,4,5.0,non,atlassian,2026-01-21
Sinergify.Sinergify,Sinergify: Connector for Salesforce & Jira,Grazitti Interactive,Integrations;CRM,161,1,5.0,oui,free,2026-03-06
com.troopr.slack_integration_for_jira_service_management,Enjo Slack Integration for Jira Service Management,Troopr Labs - AI for Support & Project Management,Workflow;Integrations;IT & helpdesk,56,0,0,oui,free,2024-03-06
com.atlassian.labs.bitbucket.bitbucket-permissions-lockdown-plugin,Permission Lockdown for Bitbucket Data Center,Atlassian,Admin tools;Workflow;Utilities,135,3,4.17,non,free,2025-12-01
aldeva.app.standups,Daily Standups for Jira,ALDEVA DIGITAL,Shared workflows;Utilities;Project management,29,2,1.88,oui,atlassian,2026-01-23
ch.bitvoodoo.confluence.plugins.advanced-search,Advanced Search for Confluence,Elevatic,Document management;Documentation,54,0,0,non,atlassian,2025-11-05
com.akelesconsulting.confluence.plugins.HinchPanels,Hinch Panels,Akeles Consulting,Documentation;Macros,87,6,4.38,non,free,2025-12-22
io.aety.favfjsd,Feedback and Voting for JSM,aety aps,Themes & styles;Workflow;Custom fields;IT & helpdesk,10,3,5.0,non,atlassian,2025-09-19
com.ila.esolution.jira.adgroupsync.plugin.jira-ad-group-sync-plugin,User Groups Sync for Jira,ILA eSolution,Admin tools;Integrations;Utilities;Security,10,3,5.0,non,atlassian,2026-01-12
com.wknowledge.atlassian.confluence.classification.levels,Classification levels,W Knowledge,Document management;Documentation;Security,23,1,3.75,oui,atlassian,2026-04-14
nl.avisi.atlassian.confluence.user-directory-api,User Directory API for Confluence,Avisi Apps bv,Admin tools,8,4,5.0,non,atlassian,2026-01-12
de.stagil.confluence.stagil-workflows-fields-confluence,"STAGIL Workflows and Fields (Approvals, Compliance, Reports)",STAGIL by catworkx,Workflow;Custom fields;Document management;Documentation,51,0,0,oui,atlassian,2026-08-06
com.akeles.jira.plugins.JiraUserAuditor,User Auditor for Jira,Akeles Consulting,Admin tools;Reports;Utilities;Security,17,1,5.0,non,atlassian,2026-06-23
wrike-jira,Wrike Issue Links for Jira,Bilith Labs,Tasks;Integrations;Project management,17,1,5.0,oui,atlassian,2026-03-31
com.veracode.jira.plugin.synchronize.veracode-jira-flaws-synchronizer,Veracode Integration for Jira,Veracode,Integrations;Security,79,7,4.29,non,free,2026-09-16
org.hotovo.jira.amazon-s3-storage-connector-for-jira,Amazon S3 Connector for Jira,TeamOps FACTORY (Solumiss Group),Repository connectors;Document management;Integrations;Utilities,12,2,5.0,non,atlassian,2026-03-03
com.cprime.atlas.sil.extension.groovy-runner.sil-groovy-runner,SIL Groovy Connector,Appfire,Utilities,98,5,4.0,non,free,2026-09-22
com.porzelt.jira.optimize.Optimize,Optimize,Maximilian Porzelt,Admin tools;Themes & styles;Workflow;Utilities,9,3,5.0,non,atlassian,2024-06-24
com.itlab.jira.plugins.maintenance-mode,Maintenance for Jira,it.Lab,Admin tools;Messaging;Utilities;Security,16,1,5.0,non,atlassian,2026-08-09
com.enhancera.jiraaccesslog,Access Log for Jira,"Enhancera, LLC",Admin tools;IT & helpdesk;Monitoring;Security,48,0,0,non,atlassian,2026-08-31
smartesting-yest-jira-cloud-app,Yest - Agile Test Design and Automation,Smartesting Solutions & Services,Testing & QA,128,1,5.0,oui,free,2026-01-07
biz.everit.confluence.license-optimizer,License Optimizer for Confluence,EverIT by catworkx,Admin tools;Monitoring,47,0,0,non,atlassian,2026-04-08
de.kupper.it.atlassian.confluence.categorise.spaces,Categorise spaces,Kupper Software,Document management,14,2,4.38,non,atlassian,2026-02-23
com.miniorange.twofactor.bitbucket-twofactor,mO 2FA for Bitbucket (Two Factor Authentication),miniOrange,Admin tools;Integrations;Utilities;Security,46,0,0,non,atlassian,2026-08-04
com.softcrts.eventsmeetings.plugins.events.meetings.confluence,Events and Meetings For Confluence,SoftCrts,Dashboard gadgets;Blueprints;Project management,46,0,0,non,atlassian,2026-07-22
de.t2consult.atlassian.confluence.logviewer,Log Viewer for Confluence,t2consult,,45,0,0,non,free,2026-08-05
de.resolution.albauth.jira,AWS SSO ALB & Amazon Authentication for Jira User Sync,resolution Reichert Network Solutions GmbH,Admin tools;Integrations;Utilities;Security,15,1,5.0,non,atlassian,2026-09-07
de.resolution.vanityurl,Link Shortener & URL Redirects for Confluence,resolution Reichert Network Solutions GmbH,Themes & styles;Utilities;Design tools,45,0,0,non,atlassian,2026-09-08
com.infosysta.confluence.arabic-for-confluence,Arabic for Confluence,Futurate,Themes & styles;Language packs,15,1,5.0,non,atlassian,2026-06-08
at.celix.jira.plugins.zones,Zones,Communardo Austria GmbH,Custom fields;IT & helpdesk,15,1,5.0,non,atlassian,2026-04-02
net.gsolution.plugins.jira-msteams-connector,Microsoft Teams Connector for Jira,Globo Solutions,Messaging;Integrations;Monitoring,19,2,3.12,non,atlassian,2026-05-06
org.evoja.bitbucket.advanced-logging,Advanced Logging for Bitbucket,Evoja,Admin tools;Utilities,44,0,0,non,atlassian,2025-07-10
com.lucidchart.confluence.plugins.lucidscale-confluence,Lucidscale Models Connector,Lucid,Charts & diagramming;Documentation;Macros;Design tools,328,0,0,oui,free,2026-08-25
jiraissuecardprinter.jiraissuecardprinter,QR Issue Card Printer for Jira,Sngular,IT & helpdesk,11,4,4.06,non,atlassian,2026-04-02
com.shdsd.jira.plugin.manageInActiveUser,User Management Extension - Manage Inactive Users,DragonSoft,Admin tools;Utilities;Security;Project management,14,1,5.0,oui,atlassian,2026-08-14
net.veniture.jira.vMatrix,IssueGrid,DC Factory,Custom fields;Dashboard gadgets;Utilities;Project management,14,1,5.0,oui,atlassian,2025-11-19
app.embedder.zeplin,Zeplin for Confluence,CollabSoft,Documentation;Integrations;Macros;Design tools,42,0,0,oui,atlassian,2026-02-01
com.akeles.jira.plugins.issue-archiver,Issue Archiver & Attachment Housekeeper for Jira,Akeles Consulting,Admin tools;Utilities,14,1,5.0,non,atlassian,2026-05-19
com.device42.atlas.jira.d42jira,Device42 - CMDB with REST APIs for Jira,Device42,Custom fields;IT & helpdesk,54,4,5.0,non,free,2026-07-02
com.stellarity.bamboo.ftp-task,FTP Task,Stellarity Software,Tasks;Integrations,42,0,0,non,atlassian,2026-02-09
de.t2consult.atlassian.jira.customresources,Custom CSS and JS for Jira,t2consult,,108,1,5.0,non,free,2026-05-14
com.jplugs.slatimer,SLA Timer for Jira,jPlugs,Custom fields;Dashboard gadgets;IT & helpdesk,15,2,3.75,non,atlassian,2026-01-23
onepoint.projects.plugin.jira.onepoint-PROJECTS-Connector,Project Management for Jira by Planforge,Planforge GmbH,Dashboard gadgets;Reports;Integrations;Project management,103,1,5.0,non,free,2026-09-11
com.celestecs.confluence.celestecs-conditions,CelesteCS Conditions for Confluence,Celeste Creative Solutions,Themes & styles;Reports;Documentation;Macros,17,2,3.12,oui,atlassian,2026-09-15
jp.ricksoft.plugins.alfresco-for-confluence,Alfresco Connector for Confluence,"Ricksoft, Inc.",Document management;Documentation;Integrations;Macros,6,4,5.0,non,atlassian,2026-08-27
com.herzum.jira.plugins.herzum-quick-linker,Herzum Quick Linker,Herzum,Project management,6,4,5.0,non,atlassian,2025-05-20
de.accxia.apps.jira.sw.tools.StoryPoints,StoryPoints & Agile Tools for Jira,Accxia,Admin tools;Custom fields;Integrations;Utilities,13,1,5.0,non,atlassian,2023-03-01
com.blackduck.integration.alert,Alert Issue Property Indexer,Black Duck Software,Integrations,99,1,5.0,oui,free,2026-05-07
com.cx.checkmarx-bamboo-plugin,Checkmarx Bamboo Plugin,CHECKMARX,Integrations;Continuous integration;Security;Testing & QA,43,5,5.0,non,free,2026-09-16
es.excentia.jira.gtd.jira-workday-control,WorkDay Control for Jira,excentia,Time tracking,50,5,4.75,oui,free,2026-04-08
com.shdsd.plugin.feiShu-jira,FeiShu for Jira,DragonSoft,Messaging;Integrations;Mobile;Project management,38,0,0,non,atlassian,2026-08-14
outlook-calendar-confluence,Outlook Calendar Agenda Macro,Bilith (Office 365 apps),Integrations;Macros,37,0,0,oui,atlassian,2026-03-31
com.whitesoftware.jira.cmdb-extensions,jCMDB Asset Management,White Software,Workflow;Custom fields;Document management;IT & helpdesk,8,4,4.38,non,atlassian,2026-02-09
com.almbase.jira.questionnaire,Question Fields,Almbase,,25,12,5.0,non,free,2026-08-26
com.itlab.jira.plugins.project-documentation,Project Documentation for Jira,it.Lab,Admin tools;Reports;Documentation;Utilities,12,1,5.0,non,atlassian,2026-08-09
com.swiftix.plugins.confluence.quip.quip-for-confluence,Quip to Confluence Integration and Migration,Swiftix Software,Integrations,12,1,5.0,oui,atlassian,2026-08-11
com.moveworkforward.bamboo.slack-notifier,Slack Connector for Bamboo,Move Work Forward,Workflow;Build management;Messaging;Integrations,12,1,5.0,non,atlassian,2026-01-14
de.devopssystems.confluence.hooks.bitbucket.confluence-hooks-for-bitbucket,Smart Hooks for Confluence in Bitbucket,DevOpsSystems GmbH,Workflow;Document management;Documentation;Repository hooks,12,1,5.0,non,atlassian,2025-12-10
eu.mirrorlake.plugins.jira2excel,Mirrorlake Excel Importer,Mirrorlake Software,Charts & diagramming;Reports;IT & helpdesk;Project management,12,1,5.0,non,atlassian,2026-01-14
com.fulstech.jira-latex,LaTeX Math for Jira Data Center,Fulstech,Charts & diagramming;Documentation,35,0,0,non,atlassian,2026-01-28
com.izymes.stash-reminders,Reminders for Bitbucket,Izymes Pty Ltd,Workflow;Email;Messaging,35,0,0,non,atlassian,2026-09-09
com.mgmtp.confluence.app.confluence-browse-people-permission,Browse People Permission for Confluence,mgm technology partners,Admin tools;Document management;Security,8,2,5.0,non,atlassian,2026-03-30
de.resolution.httpheaderauth.jira,HTTP Header Authentication for Jira,resolution Reichert Network Solutions GmbH,Integrations,8,2,5.0,non,atlassian,2026-09-07
com.itlab.confluence.plugins.source-editor,Page Source Editor for Confluence,it.Lab,Utilities;Code quality;Code review;Source code,11,1,5.0,non,atlassian,2025-10-01
nl.avisi.atlassian.stash.user-directory-api,User Directory API for Bitbucket,Avisi Apps bv,Admin tools,5,4,5.0,non,atlassian,2026-01-12
io.riada.jira.plugins.insight-cve-integration,Assets - NVD Integration,Atlassian,Integrations;IT & helpdesk,82,1,5.0,non,free,2025-07-29
com.microsoft.atlassian.MicrosoftGCJiraDCPlugin,Microsoft Graph Connectors for Jira Data Center,Graph Connector Microsoft,,234,0,0,non,free,2026-03-19
net.youngaweb.jira.yp-user-magic,User Magic: List and Export,Young Plugins,,33,0,0,oui,atlassian,2026-08-05
k15t-comala-workflows-for-scroll-exporters,Comala Document Mgmt for Scroll Exporter,K15t,Workflow;Document management;Integrations,229,0,0,non,free,2026-03-16
de.accxia.apps.confluence.IUM.IUM4Confluence,Intelligent User Manager (IUM) for Confluence,Accxia,Admin tools;Utilities,32,0,0,oui,free,2026-08-25
com.crossalm.x5.crossconnector,Cross Connector 5 - SAP Change Request Management in Jira,Cross ALM GmbH,Integrations;Continuous integration;Deployments,32,0,0,oui,atlassian,2026-09-16
de.resolution.albauth.confluence,AWS SSO ALB & Amazon Authentication for Confluence User Sync,resolution Reichert Network Solutions GmbH,Admin tools;Integrations;Utilities;Security,10,1,5.0,non,atlassian,2026-09-07
de.mid.oslc-connector-for-confluence,OSLC Connector for Confluence,MID GmbH,Charts & diagramming;Integrations;Design tools,10,1,5.0,non,atlassian,2026-09-21
net.veniture.confluence.vSearchHighlighter,Colour & Search Extension for Confluence,DC Factory,Document management;Documentation;Utilities,10,1,5.0,non,atlassian,2025-06-04
com.hivestone.confluence.plugins.linkreport,Link Error Report for Confluence,Hivestone,Document management,10,5,3.25,non,atlassian,2026-03-07
com.itlab.jira.plugins.issue-linked-event,Issue Link Filter for Jira,it.Lab,Integrations,10,1,5.0,non,atlassian,2026-08-09
com.pitronote.jira.Delegated_Administration,Delegated Administration for Jira,Pitronote,Admin tools;Utilities;Project management,7,2,5.0,non,atlassian,2026-03-30
com.deview-studios.atlassian.confluence.private-ai,Private AI for Confluence,Deview Studios,Reports;Documentation;Integrations;Utilities,29,0,0,non,atlassian,2026-07-09
com.miniorange.usermanagement.crowd-user-management,User Management for Crowd & Auto-deactivation(inactive user),miniOrange,Admin tools;Utilities;Monitoring;Security,26,6,5.0,non,vendor,2026-07-06
com.metricus.jira.plugins.processminer,Process Advisor for Jira,Metricus,Workflow;Charts & diagramming;Tasks;IT & helpdesk,28,0,0,oui,atlassian,2026-01-02
net.veniture.jira.read-indicator,Issue Read Status,DC Factory,Themes & styles;Utilities,10,5,3.0,non,atlassian,2025-11-19
com.secureflag.jira.threatcanvas,SecureFlag ThreatCanvas,SecureFlag,Charts & diagramming;Security,96,1,2.5,oui,free,2026-01-15
com.methoda.plugins.administerFields,Custom Fields Administrator For Jira Project,Methoda,Custom fields;Project management,9,1,5.0,non,atlassian,2026-06-24
sk.decoy.java.atlassian.jira.workflow-discovery,Workflow Discovery,DECOY IT s.r.o.,Admin tools;Workflow,9,1,5.0,oui,atlassian,2020-03-28
com.stellarity.bamboo.boosttest-task,Boost::Test Task,Stellarity Software,Tasks;Testing & QA,9,1,5.0,non,atlassian,2025-12-15
jp.ricksoft.plugins.alfresco-for-jira,Alfresco Connector for Jira,"Ricksoft, Inc.",Document management;Documentation;Integrations;Macros,4,5,4.75,non,atlassian,2026-08-27
ge.twinit.llc.twinitmigration,Insight Assets Cloud Migration Assistant,Twinit,Admin tools;Integrations;Utilities;Repository hooks,27,0,0,non,atlassian,2026-08-12
app.embedder.gslides,Google Slides for Confluence,CollabSoft,Documentation;Integrations;Macros;Project management,27,0,0,oui,atlassian,2026-02-01
com.troopr.slack-standup-bot,"AI Scrum Master: Slack Standup, Retro, Poker for Jira",Troopr Labs - AI for Support & Project Management,Integrations,27,0,0,oui,atlassian,2023-06-14
de.resolution.user-deactivator.bitbucket,User Management - License & User Deactivator for Bitbucket,resolution Reichert Network Solutions GmbH,Admin tools;Integrations;Utilities;IT & helpdesk,27,0,0,non,atlassian,2026-09-09
com.bit-booster.bb.jira,GitGraph for Jira and Bitbucket,GitBoost Software Inc.,Charts & diagramming;Integrations;Source code,61,1,5.0,non,free,2026-01-31
org.techtime.bamboo.plugins.easysso,EasySSO for Bamboo (Kerberos/NTLM/HTTP headers/SAML SSO),TechTime Initiative Group Limited,Admin tools;Integrations;Utilities;Security,6,2,5.0,non,atlassian,2026-09-01
net.solutions.plugins.createprojectpermission,Create Project Permission,Globo Solutions,Admin tools;Utilities;Project management,60,1,5.0,non,free,2025-10-28
com.metainf.jira.plugin.glass.project-information,Glass Project Information for Jira,META-INF KFT,Admin tools;Workflow;Reports;Documentation,26,0,0,oui,atlassian,2026-07-21
com.sonatype.jira.iq,Sonatype for Jira Data Center,Sonatype,Code quality;Security,53,2,4.38,non,free,2026-08-26
com.mraddon.newstatuscolorsconfluence.NewStatusColorsConfluence,New Status Colors for Confluence,Sngular,Reports,58,1,5.0,non,free,2019-05-23
com.testio.jira.test-io-integration,QA Service for Jira,test IO,Testing & QA,168,0,0,oui,free,2026-03-25
com.shdsd.confluence.plugin.AdminToolkit,Admin Toolkit - Manage Inactive Users,DragonSoft,Admin tools;Document management;Utilities;Security,3,5,5.0,oui,atlassian,2026-05-07
com.thestarware.atlascli.atlascli-jira,CLI for Jira,The Starware,Admin tools;Integrations;Utilities;IT & helpdesk,25,0,0,oui,atlassian,2024-09-23
ltd.encrypto.jira.plugins.smart-fields,SmartFields,IntelliSoftAlpin eG,Custom fields;Integrations,8,1,5.0,oui,atlassian,2026-05-04
de.mid.oslc-connector-for-jira,OSLC Connector for Jira,MID GmbH,Charts & diagramming;Repository connectors;Integrations;Dependency management,8,1,5.0,non,atlassian,2026-09-22
com.brikit.pinboards,Brikit Pinboards for Confluence,Brikit,Themes & styles;Document management;Macros;Utilities,8,1,5.0,non,atlassian,2026-03-23
de.kupper.it.atlassian.confluence.rsvp,Events and Community (RSVP),Kupper Software,Document management;Blueprints;Macros,8,1,5.0,non,atlassian,2026-07-09
com.apwide.env-xray-integration,Xray Connector for Golive | Test Environment Management,Apwide,Custom fields;Dashboard gadgets;Project management;Testing & QA,55,1,5.0,non,free,2026-01-15
com.otpl.jira.plugins.baselinex,Baseline X - Track issue versions & baselines in Jira,Optimizory Technologies Pvt. Ltd.,,24,0,0,oui,atlassian,2026-08-12
com.whitesoftware.jira.groupee-group-assignee,Groupee - Smart Group Assignment for Jira,White Software,Admin tools;Custom fields;IT & helpdesk;Project management,24,0,0,oui,atlassian,2026-02-09
com.infosysta.twitter4jira.twitterPlugin,X Connector for Jira (Twitter),Futurate,Admin tools;Integrations;IT & helpdesk,10,1,3.75,oui,atlassian,2026-08-11
com.accelq.plugins.jira.aq-jira-plugin,ACCELQ Connect,ACCELQ inc.,Workflow;Reports;IT & helpdesk;Project management,12,16,5.0,non,free,2026-03-03
de.accxia.apps.jira.enhancedportal.PortalStyler,Portal Styler for JSM,Accxia,Admin tools;Utilities;IT & helpdesk;CRM,23,0,0,non,atlassian,2026-07-20
net.seibertmedia.jira.plugins.epic-panel-plugin,Custom Epic Panel,Seibert,Utilities;Dependency management,23,0,0,non,atlassian,2026-01-16
com.keplerrominfo.jira.plugins.sil-tempo,SIL Tempo Connector,Appfire,Admin tools;Time tracking;Integrations;Project management,50,1,5.0,non,free,2026-07-16
com.riadalabs.jira.plugins.insight-tempo-integration,Assets - Tempo Integration,Atlassian,Integrations;Project management,81,1,1.25,non,free,2025-08-27
com.tngtech.confluence.plugins.confluence-translator-plugin,Next Generation Translator for Confluence,TNG Technology Consulting GmbH,Language packs;Document management;Documentation;Macros,5,2,5.0,non,atlassian,2026-09-10
net.solutions.plugins.jiracomponentwatcher,Component Watcher for Jira,Globo Solutions,Admin tools;Email;Messaging,140,0,0,oui,free,2026-08-04
net.brutscher.confluence.editortemplates.EditorTemplates,Editor Templates,IT-Beratung Dirk Brutscher,Reports;Document management;Documentation;Blueprints,7,1,5.0,non,atlassian,2025-12-03
de.resolution.apitokenauth.bitbucket,API Token Authentication for Bitbucket,resolution Reichert Network Solutions GmbH,Admin tools;Integrations;Utilities;Security,7,1,5.0,non,atlassian,2026-08-27
com.luxplugins.jira.plugin.scim-user-provisioning-for-confluence,SCIM User Provisioning for Confluence,LuxPlugins,Admin tools;Integrations,7,1,5.0,non,atlassian,2026-09-16
com.enhancera.pii.pii4conf,PII Protector for Confluence,"Enhancera, LLC",Admin tools,22,0,0,non,atlassian,2026-08-14
net.seibertmedia.confluence.plugin.termsofuse-plugin,Terms of Use,Seibert,Security,22,0,0,non,atlassian,2025-09-09
com.methoda.plugins.pagePreview4Conf,C4J for Confluence,Methoda,Document management;Documentation;Integrations;Project management,33,2,5.0,non,free,2026-09-09
com.riadalabs.jira.plugins.insight-snow-integration,Assets - Snow Integration,Atlassian,Integrations;IT & helpdesk,45,1,5.0,non,free,2025-08-27
com.stiltsoft.bitbucket.teamcity,TeamCity Integration for Bitbucket,Stiltsoft Europe OÜ,Build management;Integrations;Continuous integration;Deployments,21,0,0,non,atlassian,2025-09-23
com.stellarity.bamboo.googletest-task,GoogleTest Task,Stellarity Software,Tasks;Testing & QA,21,0,0,non,atlassian,2025-12-15
upraise-confluence-production,UpRaise Connector for Confluence,Amoeboids Technologies Pvt Ltd,Macros,71,1,1.25,oui,free,2026-05-14
com.oomnitza.jira.plugin.oomnitza.latest,Oomnitza for Jira Server,Oomnitza,Reports;Integrations;IT & helpdesk;Mobile,23,10,4.12,non,free,2026-03-03
net.atlassian.jirabdd.gherkin-editor,Gherkin Editor for Jira,SpecBright,Integrations;IDE;Source code;Testing & QA,20,0,0,oui,atlassian,2026-09-01
com.kostebekteknoloji.plugins.jira.jira-service-desk-toolbox,Toolbox for Jira Service Management,Köstebek Teknoloji,Custom fields;Dashboard gadgets;Charts & diagramming;IT & helpdesk,20,0,0,non,atlassian,2025-09-29
kz.als.hiding_sections_and_fields,"Hiding sections and fields, read-only fields",ALS Development,Design tools;IDE,6,1,5.0,non,atlassian,2026-07-23
com.wombatscorp.confluence-group-rename,Rename Group in Confluence,Wombats Corp,Admin tools;Utilities;Security,6,1,5.0,non,atlassian,2026-07-13
com.microfocus.octane.plugins.jira-octane-quality-insight-plugin,Core Software Delivery Platform - Test Management for Jira,OpenText,Integrations;Code quality;Testing & QA,26,5,4.25,non,free,2026-07-29
com.keplertechnologies.pdfxporter,Kepler - Merging Documents | Ms Office & Pdf,Kepler Technologies,Admin tools;Document management,6,1,5.0,oui,atlassian,2026-02-16
eu.kyona.miniwiki,MiniWiki - file & wiki explorer for Jira,kyona group,Reports;Document management;Documentation;Project management,6,1,5.0,non,atlassian,2025-07-21
eu.toimproveit.saml.confluence.SAML4Confluence,SAML (SSO) Single Sign-On for Confluence,2improveIT,Admin tools;Integrations;IT & helpdesk;Security,19,0,0,non,atlassian,2026-06-11
com.brikit.blueprintmaker,Brikit Blueprint Maker,Brikit,Admin tools;Documentation;Blueprints;Macros,19,0,0,non,atlassian,2026-03-23
pl.uniteam.showmemore,"Show Me More - your board, your way",Uniteam,Reports;Dependency management;Project management;Testing & QA,3,3,5.0,non,atlassian,2026-07-06
com.coresoftlabs.announcement-feeds,Announcement Feeds - Smart Banners,Almarise,Dashboard gadgets;Documentation;IT & helpdesk;Project management,4,2,5.0,non,atlassian,2025-07-17
com.botronsoft.jira.cloudmigrationtool,Configuration Manager Cloud Migration Tool,Appfire,Admin tools;Utilities,110,0,0,non,free,2026-09-09
com.miniorange.twofactor.crowd-twofactor,mO Two Factor Authentication (2FA) for Crowd,miniOrange,Admin tools;Integrations;Utilities;Security,21,5,4.5,non,free,2026-08-13
enblit-confluence-addon,enbl.it for Confluence,Conciso GmbH,Document management;Blueprints;Macros;Project management,18,0,0,oui,atlassian,2025-12-08
tech.realigned.portfoliomap,Denkplan Portfolio Map for Jira,Realigned Technologies,Dependency management;Project management,18,0,0,oui,atlassian,2026-06-09
com.almarise.apps.idea-hub,Idea Hub - Initiatives and Product Discovery in Jira,Almarise,Design tools;CRM;Project management;Testing & QA,18,0,0,non,atlassian,2026-09-17
de.edrup.confluence.plugins.simple-anonymizer,Simple User Anonymizer (GDPR),Purde Software,Admin tools,18,0,0,non,atlassian,2026-05-21
com.addteq.jira.plugin.accessibility.addteq-jira-unstoppable,UnStoppable for Jira,Addteq Inc,Integrations;Utilities;Project management,18,0,0,non,atlassian,2026-05-26
com.secureflag.jira.knowledgebase,SecureFlag Knowledge Base,SecureFlag,Custom fields;Security,106,0,0,oui,free,2026-05-27
com.asana.jira.jira-plat-ui,Asana for Jira Data Center,Asana,Workflow;Project management,57,3,1.25,non,free,2024-09-02
com.otpl.jira.plugins.reportx,Report X - Multilevel Traceability Report,Optimizory Technologies Pvt. Ltd.,,17,0,0,oui,atlassian,2025-12-05
com.mute.confluence.plugins.terms.jira,Smart Terms for Jira (Glossary),Creativas,Document management;Documentation;Utilities,55,1,1.25,oui,free,2026-04-07
de.proProdukt.prod,Product Management Dashboard for Jira,proProduktmanagement GmbH,Workflow;Tasks;Document management;Project management,34,1,5.0,oui,vendor,2024-11-21
com.whitesoftware.jira.navigator-for-jira,Navigator for Jira,White Software,Admin tools;Themes & styles;Utilities;Project management,17,0,0,oui,atlassian,2026-02-09
de.kupper.it.atlassian.confluence.panels,Panels,Kupper Software,Documentation;Macros,17,0,0,non,atlassian,2026-06-13
com.atlassian.plugins.cloud.connect.portfolio-insights-companion,Portfolio Insights for Jira Data Center,Atlassian,,91,0,0,non,free,2026-09-20
com.k15t.scroll.scroll-versions-comala-workflows-integration,Comala Document Mgmt for Scroll Versions,K15t,Workflow;Document management;Documentation;Integrations,97,0,0,non,free,2026-09-15
com.medeuit.jira.sd-anonymous-request,"Anonymous Request for Compliance, HR and Internal concerns",Medeu IT,Admin tools;Utilities;IT & helpdesk;Security,5,1,5.0,oui,atlassian,2025-06-25
com.swiftix.plugins.confluence.snapshots.mail-and-archive,Mail and Archive for Confluence,Swiftix Software,Document management,5,1,5.0,oui,atlassian,2026-08-14
kr.osci.apps.flex_bitbucket,Flexible User License - Auto User Management for Bitbucket,OSCi (Open Source Consulting),Admin tools;Monitoring;Project management,5,1,5.0,non,atlassian,2026-04-03
com.shdsd.confluence.plugin.reportWise,Weekly Report,DragonSoft,Charts & diagramming;Reports;Blueprints;Macros,5,1,5.0,non,atlassian,2025-08-01
de.accxia.apps.confluence.webbooster.WebBooster4Confluence,WebBooster for Confluence,Accxia,Admin tools;Integrations;Utilities,5,1,5.0,non,atlassian,2023-04-12
de.accxia.com.jira.collector.IssueCollector,ReVitalized Issue Collector for Jira,Accxia,Custom fields;Integrations;IT & helpdesk;CRM,5,1,5.0,non,free,2025-04-29
de.syracom.bitbucket.plugins.securelogin,Secure Login (2FA) for Bitbucket,syracom AG,Integrations;Utilities;Security,5,1,5.0,non,atlassian,2026-09-10
com.cprime.jira.plugins.globalsso-for-jira,Global SSO Single SignOn for Jira (SAML),Appfire,Admin tools;Integrations;Utilities;Security,5,1,5.0,non,atlassian,2026-05-12
com.accxia.jira.plugins.maintenance.Maintenance,Maintenance Mode for Jira (the Original),Accxia,Admin tools;Integrations;Utilities;Testing & QA,16,0,0,non,atlassian,2025-04-16
de.kupper.it.atlassian.confluence.widgets,Widgets,Kupper Software,Documentation;Macros,16,0,0,non,atlassian,2026-06-14
com.device42.atlas.confluence.d42confluence,Device42 CMDB Connector for Confluence,Device42,Workflow;Documentation;Integrations;Macros,19,5,4.25,non,free,2026-06-18
de.methodpark.stages-jira-plugin,Stages Process Execution,UL Solutions - Software Intensive Systems,Integrations;Project management,28,3,3.75,oui,free,2026-01-22
net.veniture.confluence.Translator,Translator for Confluence,DC Factory,Language packs;Document management;Documentation;Integrations,3,2,5.0,non,atlassian,2024-06-27
pl.softlist.calls.finesse.callcenter-integration,Cisco Finesse integration for Jira,Softlist Sp. z o.o.,Tasks;Integrations;Utilities;IT & helpdesk,3,2,5.0,non,atlassian,2026-05-15
net.seibertmedia.confluence.macro-manager,Macro Security Manager for Confluence (Compliance),kencha Software,Admin tools;Documentation;Macros;Security,6,1,3.75,non,atlassian,2026-02-10
com.askscio.atlassian_plugins.confluence.glean_search,Glean Activity Extension for Confluence Data Center/Server,Glean Technologies Inc,Admin tools;Workflow,81,0,0,non,free,2026-09-04
com.anova.jira.plugins.insight,SIL Insight Connector,Appfire,Workflow;Custom fields;Integrations;IT & helpdesk,35,1,3.75,non,free,2026-02-27
com.caritteprod.group-ambassadors-conf,Group Ambassadors for Confluence,Jaanga,Admin tools;Utilities,7,1,2.5,non,atlassian,2026-07-10
com.zagile.salesforce.ZSalesforceJIRA,Salesforce connector for Jira Data Center,zAgile,Integrations;CRM,27,1,5.0,non,vendor,2026-06-03
com.askscio.atlassian_plugins.jira.glean_search,Glean Activity Extension for Jira Data Center/Server,Glean Technologies Inc,Utilities,79,0,0,non,free,2026-03-25
com.deview-studios.atlassian.jira.ai-issue-generator,AI Issue Breakdown Assistant for Jira (Cloud & Private AI),Deview Studios,Tasks;Integrations;Utilities;Testing & QA,14,0,0,non,atlassian,2026-07-06
net.globosolutions.plugins.bitbucket2telegram,Telegram Connector for Bitbucket,Globo Solutions,Repository connectors;Messaging;Integrations,14,0,0,non,atlassian,2026-06-29
com.medeuit.jira.filter-catalog-plugin,Filter Catalog for advanced filter management and cleanup,Medeu IT,Admin tools;Tasks;Utilities;IT & helpdesk,2,3,5.0,oui,atlassian,2025-07-01
com.mgmtp.jira.app.user-data-cleanup.jira-user-cleanup,User Data Cleanup for Jira,mgm technology partners,,3,4,4.06,non,atlassian,2026-05-28
com.atlassian.plugins.connect.portfolio-insights.confluence,Portfolio Insights for Confluence Data Center,Atlassian,,70,0,0,non,free,2026-09-20
com.itlab.jira.plugins.attachment-downloader,Attachment Downloader for Jira,it.Lab,Document management;Integrations;Utilities,4,1,5.0,non,atlassian,2026-08-09
com.itlab.jira.plugins.select2,Select2 Transformer for Jira,it.Lab,Themes & styles;Utilities;Design tools,4,1,5.0,non,atlassian,2026-08-09
com.shdsd.plugin.sync-to-jira,Sync to Jira,DragonSoft,Integrations;Utilities;Project management,4,1,5.0,non,atlassian,2025-09-08
de.kupper.it.atlassian.confluence.carousel,Responsive Carousel,Kupper Software,Documentation;Macros,13,0,0,non,atlassian,2022-10-27
net.solutions.plugins.timestatistics,Time Spent,Globo Solutions,Time tracking;Reports;Monitoring;Project management,67,0,0,non,free,2025-12-04
com.workpath.jira.plugins.servlet.workpath-jira-servlet-for-goals,Workpath for Jira Data Center,Workpath GmbH,Workflow;Integrations;Utilities;Project management,16,2,5.0,non,free,2026-07-09
se.bjurr.prnfs.pull-request-notifier-for-stash,Pull Request Notifier for Bitbucket,GitBoost Software Inc.,Integrations;Utilities,65,0,0,non,free,2026-07-12
com.cprime.confluence.plugins.globalsso-for-confluence,Global SSO for Confluence,Appfire,Admin tools;Integrations;Utilities;Security,4,2,3.75,non,atlassian,2026-05-12
com.shdsd.plugin.watermarkForJira,Watermark for Jira and JSM,DragonSoft,Themes & styles;Document management;Documentation;Security,12,0,0,non,atlassian,2026-04-15
com.miniorange.twofactor.bamboo-twofactor,mO 2FA for Bamboo (Two Factor Authentication),miniOrange,Admin tools;Integrations;Utilities;Security,12,0,0,non,atlassian,2026-07-20
net.koncis.listedit,Easy List Edit (for Jira),Condoctor ApS,Custom fields;Dashboard gadgets;IT & helpdesk;Project management,12,0,0,non,atlassian,2026-03-04
de.t2consult.atlassian.jira.databaseconsole,Database Console for Jira,t2consult,,21,1,5.0,non,free,2026-05-19
com.codebarrel.addons.automation,Automation for Jira,Atlassian,Admin tools;Integrations;IT & helpdesk;Project management,0,312,4.57,oui,free,2025-03-25
com.jira.admanagerplus,ADManager Plus - Identity and Access Management Solution,ManageEngine,Admin tools;Workflow;Reports;IT & helpdesk,24,1,4.0,non,free,2026-07-10
net.gsolution.plugins.issue-approval,Issue Approval,Globo Solutions,Admin tools;Integrations;IT & helpdesk;Project management,57,0,0,non,free,2026-01-27
io.riada.jira.plugins.insight-jamf-integration,Assets - Jamf Integration,Atlassian,Custom fields;Integrations;IT & helpdesk,57,0,0,non,free,2025-07-29
at.celix.jira.plugins.bamboo-post-function,Build Trigger for Jira,Communardo Austria GmbH,Workflow;Build management;Integrations;Continuous integration,19,1,5.0,non,free,2025-10-17
com.miniorange.userprofile.confluence.userprofile-confluence,Custom profile attributes and LDAP sync for Confluence,miniOrange,Admin tools,2,2,5.0,non,atlassian,2026-05-28
com.medeuit.jira.jira-user-management,Advanced User Management for licenses and access control,Medeu IT,Admin tools;Reports;IT & helpdesk;Security,3,1,5.0,oui,atlassian,2025-07-14
bamboo-unified-connector,"Microsoft Teams, Slack, Google Chat integration for Bamboo",Move Work Forward,,3,1,5.0,non,atlassian,2026-01-14
com.celestecs.confluence.celestecs-reporting,CelesteCS Reporting for Confluence,Celeste Creative Solutions,Reports;Documentation;Integrations;Project management,3,1,5.0,oui,atlassian,2026-09-15
com.shdsd.jira.plugin.ProjectProps,Project Properties Extension for Jira,DragonSoft,Admin tools;Utilities;Project management,3,1,5.0,non,atlassian,2025-07-03
com.digixperience.atlassian.confluence.community,"Community (Ask, Discuss and Innovate)",DigiXperience,Workflow;Document management;Documentation;Blueprints,3,1,5.0,non,atlassian,2023-03-08
com.ovyka.jira.ovpronotifier,Advanced Notifications for Jira by Ovyka,Ovyka,Email;Utilities;IT & helpdesk;CRM,3,1,5.0,non,atlassian,2025-10-10
net.atlassian.jirabdd.bdd-for-jira,BDD for Jira,SpecBright,,4,2,3.12,oui,atlassian,2026-08-31
de.t2consult.atlassian.jira.announceitlite,Announce It Lite for Jira,t2consult,,52,0,0,oui,free,2026-01-01
de.xalt.confluence.plugins.advanced-tabs,Advanced Tabs - Tabbed Page Navigation For Confluence,XALT Business Consulting GmbH,Themes & styles;Macros;Design tools;Mobile,10,0,0,non,atlassian,2025-11-13
com.glintech.jira.plugins.terms-and-conditions-for-jira,Terms and Conditions for Jira,GLiNTECH - a Valiantys company,Admin tools;Messaging;Utilities;Security,10,0,0,non,atlassian,2026-03-03
com.onresolve.scriptrunner.assets.adaptavist-assistant-plugin,Adaptavist Assistant,The Adaptavist Group,Admin tools;IT & helpdesk,49,0,0,oui,free,2026-04-08
com.sonatype.clm.ci.bamboo,Sonatype for Bamboo Data Center,Sonatype,Integrations;Security,48,0,0,non,free,2026-09-07
com.fulstech.jira-checklist,Checklist Custom Field for Jira Data Center,Fulstech,Custom fields;Tasks;Documentation,9,0,0,non,atlassian,2026-02-13
com.sbevision.jira-server-dt-plugin,SBE Digital Thread,"SBE Vision, Inc.",,1,3,5.0,non,free,2025-12-30
com.empyra.upl.UserPropertyListenerforJira,User Property Listener for Jira,appserve.ai – a division of Empyra,Admin tools;Custom fields;Reports;Integrations,1,3,5.0,non,atlassian,2026-07-17
de.smartics.atlassian.confluence.smartics-projectdoc-confluence-space-core,projectdoc Core Blueprints,smartics,Documentation;Blueprints;Macros,24,1,1.25,non,free,2025-08-22
com.jbehaveforjira.plugin,JBehave for Jira,SpecBright,Document management;Documentation;Integrations;Testing & QA,1,4,4.69,non,atlassian,2026-04-09
com.microfocus.adm.alm.jira-alm-plugin,ALM - Test Management for Jira,Open Text,Testing & QA,14,1,5.0,non,free,2026-09-02
onlyoffice.onlyoffice-jira-app,ONLYOFFICE Connector for Jira,Ascensio System SIA,Charts & diagramming;Document management;Integrations;Continuous integration,42,0,0,oui,free,2026-09-15
com.coveo.confluence.plugin.CoveoConfluenceEnhancedRestApi,Coveo REST API for Confluence,Coveo,Utilities,42,0,0,non,free,2026-05-19
ie.mile.task-manager-extender,Task Manager REST API Extender for Jira,Rozdoum,Tasks;Integrations;Testing & QA,42,0,0,non,free,2026-05-15
io.hgn.jira.viableissues-core,Viable Issues Core – Connector for Jira,Seibert,Documentation;Integrations;Macros;Utilities,41,0,0,non,free,2026-06-19
kr.dmove.wiki.usermng.Content-User-Management,Moves User & Contents Management for Confluence,Dmove,,8,0,0,oui,atlassian,2026-03-25
de.resolution.httpheaderauth.confluence,HTTP Header Authentication for Confluence,resolution Reichert Network Solutions GmbH,Integrations,8,0,0,non,atlassian,2026-09-07
com.akelesconsulting.confluence.plugins.mchartm,Multiple Filters Chart Macros (for Jira reports),Akeles Consulting,Charts & diagramming;Reports;Macros,38,0,0,non,free,2026-04-20
com.dsr.atlassian.jira.custom-field-protector-jira-plugin,Delta Guard: security for custom fields in Jira,DSR Corporation,Admin tools;Custom fields;Security,2,1,5.0,non,atlassian,2026-06-01
de.t2consult.atlassian.jira.announceit,Announce It for Jira,t2consult,,2,1,5.0,non,atlassian,2026-06-26
com.riadalabs.jira.plugins.insight-googlecloud-integration,Assets - Google Cloud Integration,Atlassian,,37,0,0,non,free,2026-03-26
eu.prepend.confluence.rsvp,RSVP for Confluence Data Center,Krosoft,Documentation;Macros,1,5,4.25,non,free,2026-04-29
bitbucket-google-chat-integration,Google Chat integration for Bitbucket,votazz,Workflow;Messaging;Integrations;Continuous integration,2,1,5.0,non,atlassian,2025-11-19
ch.infometis.jira.tdo,Test Data Orchestrator,Infometis,Code quality;Testing & QA,2,1,5.0,non,atlassian,2025-11-06
com.lifeincodes.issue-preview-for-confluence,Issue Preview for Confluence,Life in Codes,Custom fields;Integrations;Macros;Utilities,35,0,0,non,free,2026-04-22
de.smartics.atlassian.confluence.smartics-projectdoc-confluence-space-prjmgmt,Blueprints for Project Management,smartics,Documentation;Blueprints,35,0,0,non,free,2024-10-22
de.accxia.apps.jira.logViewer.LogViewer,LogViewer for Jira,Accxia,,34,0,0,oui,free,2026-05-19
com.pagerduty.eu.jira-server-plugin,PagerDuty for Jira Server & Data Center (EU only version),PagerDuty,Integrations;IT & helpdesk;Monitoring,34,0,0,non,free,2026-08-04
de.catworkx.jira.plugins.scheduled-operations-layer,Teamworkx Connector for Jira,catworkx GmbH,Integrations,7,0,0,non,atlassian,2025-10-16
net.utoolity.atlassian.bamboo.automation-with-aws-bamboo,Automation with AWS (Bamboo),Utoolity,Workflow;Tasks;Messaging;Integrations,7,0,0,non,atlassian,2026-09-01
com.itlab.jira.plugins.workflow-booster,Workflow Booster for Jira,it.Lab,Admin tools;Workflow;Utilities;Project management,1,2,5.0,non,atlassian,2026-08-09
de.kyona.todoboard,MyToDo Board for Jira,kyona group,Tasks,1,2,5.0,non,atlassian,2024-02-14
com.okapya.jira.checklist-sil-connector,Checklist for Jira SIL Connector,Okapya Software Solutions Inc.,Custom fields;Utilities,32,0,0,non,free,2025-12-23
com.uipath.testmanagementhub,UiPath Test Manager for Jira,UiPath,Integrations;Testing & QA,32,0,0,non,free,2026-06-05
com.sinequa.connector.Sinequa,Sinequa ES for Confluence,Sinequa,Integrations,10,1,5.0,non,vendor,2026-06-12
com.riadalabs.jira.plugins.insight-servicenow-integration,Assets - ServiceNow Integration,Atlassian,Integrations;IT & helpdesk,29,0,0,non,free,2025-08-27
net.brokenbuild.dc.burn-chart,Burnup Burndown chart gadget (forecast on Jira DC Dashboard),Broken Build,Dashboard gadgets;Charts & diagramming;Reports;Project management,6,0,0,non,atlassian,2026-09-16
net.brokenbuild.dc.cycle-time,"Cycle Time Gadgets: Time in Status, Trend report for Jira",Broken Build,Dashboard gadgets;Charts & diagramming;Reports;Project management,6,0,0,non,atlassian,2026-09-14
asset-history,Assets History for Jira,SaaSJet,,6,0,0,non,atlassian,2026-07-22
com.miniorange.usermanagement.bitbucket-user-management,Automated User Management & Auto-deactivation for Bitbucket,miniOrange,,6,0,0,non,atlassian,2026-09-18
com.whitesoftware.confluence.navigator-for-confluence,Navigator for Confluence,White Software,Admin tools;Themes & styles;Utilities,6,0,0,non,atlassian,2026-02-09
com.miniorange.bitbucket.crowd.bitbucket-crowd-sso,mO SSO connector for Crowd and Bitbucket,miniOrange,Integrations;Utilities,6,0,0,non,atlassian,2026-08-24
com.addteq.confluence.plugin.unstoppable.unstoppable-confluence,Unstoppable for Confluence,Addteq Inc,Integrations;Utilities;Project management,6,0,0,non,atlassian,2026-03-20
de.kupper.it.atlassian.confluence.bulk.space.categories,Bulk Space Categories (labels),Kupper Software,Admin tools,6,0,0,non,atlassian,2023-11-19
net.utoolity.atlassian.jira.identity-federation-for-aws-jira,Identity Federation for AWS (Jira),Utoolity,Admin tools;Dashboard gadgets;Integrations,6,0,0,non,atlassian,2026-09-01
de.accxia.apps.confluence.logViewer.LogViewer,LogViewer for Confluence,Accxia,,26,0,0,oui,free,2026-05-27
com.medeuit.jira.world-time-gadget,World Time Gadget,Medeu IT,Dashboard gadgets;Charts & diagramming;Utilities;IT & helpdesk,12,1,3.0,oui,free,2025-07-01
com.requirementyogi.extensions.requirementyogi-comala,Requirement Yogi - Comala Integration,Requirement Yogi,Document management,25,0,0,non,free,2026-09-23
com.dsr.atlassian.jira.jira-star-plugin,Alpha Star: personal favorites for Jira free,DSR Corporation,Custom fields;Dashboard gadgets;Utilities,8,1,5.0,non,free,2026-07-16
com.qmetry.qmetry-test-management-for-bamboo,QTM4J Integration for Bamboo,SmartBear Software,Tasks;Testing & QA,8,1,5.0,non,free,2026-09-24
com.anova.jira.plugins.excel,SIL Excel Connector,Appfire,Workflow;Reports;Integrations;Project management,23,0,0,non,free,2026-02-27
com.atlassian.migration.jira.connector.jira-migration-connector,Migration Connector for Jira,Atlassian,,22,0,0,non,free,2026-09-17
com.sevidev.advanced.issue.history,Advanced Issue History,Sevidev,Admin tools;Utilities;IT & helpdesk,5,0,0,non,atlassian,2026-06-02
net.savignano.s-notify.bitbucket.gui,S/Notify Email Encryption for Bitbucket,savignano software solutions,Email;Utilities;Security,5,0,0,non,atlassian,2025-10-14
com.ovyka.jira.ovelasticlink,BI Indexer: ElasticSearch for Jira by Ovyka,Ovyka,Reports;Integrations,5,0,0,non,atlassian,2024-01-19
at.celix.confluence.plugins.confluencemediaprocessor,Media Processor for Confluence,Communardo Austria GmbH,Macros;Utilities,22,0,0,non,free,2025-12-23
de.smartics.atlassian.confluence.smartics-projectdoc-confluence-space-agileplanning,Blueprints for Agile Planning,smartics,Documentation;Blueprints;Macros,22,0,0,non,free,2025-09-11
com.atlassian.jira.plugins.jpd-integration-plugin-for-jiradc,Jira Product Discovery integration for Jira Data Center,Atlassian,Admin tools;Integrations;Project management,21,0,0,non,free,2026-01-21
com.wittified.jira.profields.pcfj-integration-with-profields,Delegated Project Creator for Projectrak,Appfire,Admin tools,9,1,3.75,non,free,2026-04-20
com.medeuit.jira.project-administration-access,Project Administration Access,Medeu IT,Admin tools;Utilities;IT & helpdesk;Security,1,1,5.0,non,atlassian,2026-02-20
com.borg.bitbucket.stop-the-line,Stop The Line for Bitbucket,Sveasoft,Repository hooks;Continuous integration,1,1,5.0,non,atlassian,2026-03-20
com.almarise.apps.communities,Communities for Jira,Almarise,Custom fields;Design tools;IT & helpdesk;CRM,1,1,5.0,non,atlassian,2026-09-17
de.smartics.atlassian.confluence.smartics-projectdoc-confluence-space-teamwork,Blueprints for Teamwork,smartics,Documentation;Project management,20,0,0,non,free,2024-10-22
com.atlassian.stash.plugin.stash-inbox-hook,Inbox Hook for Bitbucket Data Center,Atlassian Labs,,19,0,0,non,free,2025-12-01
com.riadalabs.jira.plugins.insight-device42-integration,Assets - Device42 Integration,Atlassian,Integrations;IT & helpdesk,18,0,0,non,free,2025-08-27
com.mgmtp.jira.app.group-master.jira-group-master,Group Master for Jira,mgm technology partners,,4,0,0,non,atlassian,2026-09-10
io.innovura.plugins.avatari,Avatari | Avatar Generator,Futurate,,4,0,0,non,atlassian,2024-02-06
com.acis.rm,Quality Risk Manager,Acis,Dependency management;Testing & QA,4,0,0,non,atlassian,2026-08-30
com.miniorange.password.password-policy,Advanced Password Policy Manager for Jira,miniOrange,,4,0,0,non,atlassian,2023-07-12
org.techtime.bitbucket.plugins.easytime,EasyTime Automatic Tracker for Bitbucket Time Tracking,TechTime Initiative Group Limited,Time tracking;Reports;Code review,4,0,0,non,atlassian,2025-10-02
net.brutscher.confluence.searchbelow.SearchBelow,Search Below,IT-Beratung Dirk Brutscher,Workflow;Document management;Documentation;Utilities,4,0,0,non,atlassian,2025-12-03
com.jsoft.jira.plugins.jira-ms365,Microsoft 365 Connector for Jira,J Soft,Admin tools;Email;Messaging;Integrations,4,0,0,non,atlassian,2026-04-17
com.miniorange.bamboo.crowd.bamboo-crowd-sso,mO SSO connector for Crowd and Bamboo,miniOrange,Integrations;Utilities,4,0,0,non,atlassian,2026-08-21
de.resolution.usersync.bitbucket,"User Sync: SCIM Provisioning, Group Sync for Bitbucket",resolution Reichert Network Solutions GmbH,Admin tools;Integrations;Utilities;Security,4,0,0,non,atlassian,2026-08-28
de.t2consult.atlassian.bitbucket.logviewer,Log Viewer for Bitbucket,t2consult,,17,0,0,non,free,2024-10-30
net.utoolity.atlassian.jira.automation-with-aws-jira,Automation with AWS (Jira),Utoolity,Workflow;Messaging;Integrations;IT & helpdesk,4,0,0,non,atlassian,2026-09-01
org.whitesource.jira-server-plugin,Mend for Jira Data Center (formerly WhiteSource),Mend.io,Integrations;Continuous integration;Security;Dependency management,16,0,0,non,vendor,2026-05-24
de.smartics.atlassian.confluence.smartics-projectdoc-confluence-space-swdev,Blueprints for Software Development,smartics,Documentation;Blueprints;Macros,16,0,0,non,free,2025-08-22
com.wobo.eu.jira.server.jira-plugin,WorkBoard OKRs for Jira (EU),WorkBoard Inc.,,14,0,0,oui,free,2025-03-10
G2G-CAC-JIRA,CAC/PIV © Authenticator for Jira,"Goldfinger Holdings, Inc.",Admin tools;Utilities,1,6,5.0,oui,vendor,2024-04-03
com.smartbear.collab-jira-server-plugin,Collaborator - Code Review Integration for Jira,SmartBear,Integrations;Code review;Testing & QA,13,0,0,non,free,2026-08-21
de.t2consult.atlassian.jira.dynamic,Dynamic UI for Jira,t2consult,,3,0,0,non,atlassian,2025-12-30
com.mgmtp.jira.app.group-master.confluence-group-master,Group Master for Confluence,mgm technology partners,,3,0,0,non,atlassian,2026-09-10
kr.osci.apps.flex_jsm,Flexible User License - Auto User Management for JSM,OSCi (Open Source Consulting),,3,0,0,non,atlassian,2026-09-08
com.sodius.oslc.app.confluence,SodiusWillert OSLC Connect for Confluence,SodiusWillert,Repository connectors;Integrations;Continuous integration;Project management,3,0,0,non,atlassian,2026-03-31
de.devopssystems.defaulttasks.bitbucket.default-task-bitbucket,Smart Default Tasks for Pull Requests,DevOpsSystems GmbH,Workflow;Tasks;Code quality;Code review,3,0,0,non,atlassian,2026-03-09
de.smartics.userscripts-for-confluence,Userscripts for Confluence,smartics,Utilities,3,0,0,non,atlassian,2026-09-04
com.brikit.contentflow,Brikit Content Flow,Brikit,Workflow;Shared workflows;Document management;Documentation,3,0,0,non,atlassian,2025-01-17
com.vamhi.log-viewer-lite-jira,Vamhi Log Viewer Lite for Jira,Vamhi,,12,0,0,non,free,2026-01-02
de.smartics.atlassian.smartics-projectdoc-webapi-extension,projectdoc Web API Extension,smartics,Document management,12,0,0,non,free,2026-09-04
de.smartics.atlassian.confluence.smartics-doctype-addon-services,Blueprints for Service Management,smartics,Documentation;Blueprints,11,0,0,non,free,2024-10-22
com.cprime.jira.plugins.sfdc,Power Salesforce Connector for Jira,Appfire,Integrations;CRM;Project management,11,0,0,non,free,2026-02-27
com.sourcegraph.plugins.sourcegraph-bitbucket,Sourcegraph for Bitbucket,"Sourcegraph, Inc",Integrations;Code quality;Code review;Source code,10,0,0,non,vendor,2025-02-13
com.secsign.secsign-crowd,Two-Factor Authentication (2FA) for Crowd,SecSign Technologies,Admin tools;Integrations;Utilities,10,0,0,non,free,2026-04-20
autosync-jira-trello,Trello 2 Way Integration for Jira,Unito,Workflow;Integrations;Utilities;Project management,0,12,5.0,oui,vendor,2025-07-10
com.qasymphony.qtest-plugin-for-bamboo,Tricentis qTest Integration for Bamboo,Tricentis,Build management;Continuous integration;Source code;Testing & QA,9,0,0,non,free,2026-09-14
cea4b4d2-9e2c-4c93-bfa5-0b944b0876d0.stash,Kantega User Management & License Optimizer for Bitbucket,Kantega SSO,,2,0,0,non,atlassian,2026-07-03
com.teamswork.export.owly-jira-data-exporter,Owly Json Data Exporter for Jira,"Teams, Work. Ltd",,2,0,0,non,atlassian,2026-05-16
net.brokenbuild.dc.cumulative-flow,Cumulative Flow Diagrams/CFD for Scrum/Kanban (Agile Charts),Broken Build,Dashboard gadgets;Charts & diagramming;Reports;Project management,2,0,0,non,atlassian,2026-07-29
com.xopero.gitprotect.io,GitProtect.io Backup for Bitbucket,Xopero Software,Admin tools;Utilities;IT & helpdesk;Security,0,10,5.0,oui,vendor,2021-09-01
de.t2consult.atlassian.jira.attachmentscanner,Attachment Scanner for Jira,t2consult,,2,0,0,non,atlassian,2025-10-30
eu.toimproveit.atlassian.terminal4bitbucket,Terminal for Bitbucket,2improveIT,Admin tools;Utilities;Monitoring;Security,2,0,0,non,atlassian,2025-10-22
de.resolution.usersync.bamboo,"User Sync: SCIM Provisioning, Group Sync for Bamboo",resolution Reichert Network Solutions GmbH,Admin tools;Integrations;Utilities;Security,2,0,0,non,atlassian,2026-08-28
eu.toimproveit.saml.bitbucket.SAML4Bitbucket,SAML (SSO) Single Sign-On for Bitbucket,2improveIT,Admin tools;Integrations;Utilities;Security,2,0,0,non,atlassian,2025-02-14
com.atlassian.confluence.plugins.editor.confluence-source-editor,Storage Format Source Editor for Confluence,Atlassian Labs,Admin tools,0,94,4.2,non,free,2026-01-27
io.cobalt.jira.cobalt-jira-server-plugin,Cobalt for Jira Data Center,Cobalt Labs Inc. HQ,Integrations;Security,8,0,0,non,free,2026-06-03
de.smartics.atlassian.confluence.smartics-doctype-addon-strategy,Blueprints for Business Strategy,smartics,Documentation;Blueprints,8,0,0,non,free,2024-10-22
com.develocenter.jira.extschemes.cp,Extended Schemes for Customer Portal,Develocenter,IT & helpdesk,8,0,0,non,free,2025-11-05
de.smartics.atlassian.confluence.smartics-projectdoc-confluence-arc42,Blueprints for arc42,smartics,Documentation;Blueprints;Macros,8,0,0,non,free,2025-08-22
de.smartics.atlassian.confluence.smartics-projectdoc-confluence-space-devdiary,projectdoc Developer Diaries,smartics,Documentation;Blueprints;Macros,8,0,0,non,free,2025-08-22
com.k15t.scroll.scroll-acrolinx,Acrolinx Connector for Confluence,HiQ GmbH,Document management;Documentation;Integrations,8,0,0,non,vendor,2026-02-18
com.itlab.jira.plugins.dashboard-booster,Dashboard Booster for Jira,it.Lab,Dashboard gadgets;Reports;Utilities;Design tools,0,1,5.0,non,atlassian,2026-08-09
com.accxia.sd.doubleprotect,DoubleProtect,Accxia-US,Admin tools;Integrations;Utilities;Security,0,1,5.0,non,atlassian,2025-09-12
com.alphalyrae.likertsurvey,Likert Rating Survey,Alpha Lyrae Systems,Charts & diagramming;Reports;Documentation;Macros,0,1,5.0,non,atlassian,2021-10-08
eu.toimproveit.saml.bamboo.SAML4Bamboo,SAML (SSO) Single Sign-On for Bamboo,2improveIT,Admin tools;Integrations;Utilities;Security,0,1,5.0,non,atlassian,2025-02-14
com.valiantys.valiantys-assessment-confluence,Valiantys Assessment for Confluence,GLiNTECH - a Valiantys company,,7,0,0,non,free,2026-09-23
de.smartics.atlassian.smartics-projectdoc-infosys-extension,projectdoc Information Systems Extension,smartics,Document management;Macros,7,0,0,non,free,2026-09-04
com.ceptah.mspjirabridge,Ceptah Bridge for Jira and MS Project Synchronisation,Ceptah Solutions,Integrations;Project management,0,16,4.38,oui,vendor,2026-06-01
com.coveo.jira.plugins.enhancedrestapi.CoveoEnhancedRestApi,Coveo REST API for Jira,Coveo,Utilities,6,0,0,non,free,2026-05-20
com.miniorange.sso.oauth.sso-crowd-oauth,OAuth/OpenID Connect (OIDC) SSO for Crowd,miniOrange,,6,0,0,non,free,2025-05-16
com.atlassian.troubleshooting.plugin-confluence,Troubleshooting and Support for Confluence,Atlassian,,0,12,4.48,non,free,2026-09-15
org.swift.atlassian.cli,Atlassian Command Line Interface (CLI),Appfire,Admin tools;Tasks;Integrations;Utilities,0,8,4.69,oui,free,2024-12-04
com.unito.sync,Unito 2 Way Integrations for Jira,Unito,Workflow;Integrations;Utilities;Project management,0,10,4.5,oui,vendor,2025-02-20
unito.io.jira.asana,Asana 2 Way Integration for Jira,Unito,Workflow;Integrations;Utilities;Project management,0,5,5.0,oui,vendor,2025-07-15
FreshdeskJIRA,Freshdesk for Jira Connector,IntegrateCloud Inc,,0,6,4.79,oui,free,2019-03-26
ai.karli.app.KarliPlugin,Karli for Confluence,FiveSquare,,5,0,0,non,free,2025-10-15
com.atlassian.troubleshooting.plugin-jira,Troubleshooting and Support for Jira,Atlassian,Admin tools,0,26,3.89,non,free,2026-08-13
com.xliic.ci.bamboo-plugin,REST API Static Security Testing,42Crunch,Code quality;Security;Testing & QA,5,0,0,non,free,2026-07-06
atlassian-plugin-sdk-tgz,Atlassian Plugin SDK - TGZ,Atlassian,Admin tools;Workflow;Build management;Utilities,0,4,5.0,non,free,2026-01-19
com.miniorange.migration.jira-migration-assistant,"DLP- Sensitive Data ( PII, GDPR ) Scanner & Cleaner for Jira",miniOrange,Admin tools;Security,1,0,0,non,atlassian,2026-07-06
com.churrie.confluenceOnewaySync,One-Way Sync for Confluence,Churrie Works Inc,,1,0,0,non,atlassian,2026-02-21
com.dsr.atlassian.jira.jira-tree-plugin,Sigma Tree: WBS tasks structure for Jira,DSR Corporation,Time tracking;Custom fields;Tasks;Project management,1,0,0,non,atlassian,2025-12-10
com.plateer.matilda.smart-license-for-jira,Smart License Manager for Jira,Plateer,Admin tools,1,0,0,non,atlassian,2026-06-24
net.brokenbuild.dc.monte-carlo-chart,Monte Carlo simulations for Jira (Agile Charts Reports KPIs),Broken Build,Dashboard gadgets;Charts & diagramming;Reports;Project management,1,0,0,non,atlassian,2026-09-16
net.brokenbuild.dc.custom-chart,Created vs Resolved charts for Jira (Agile Gadgets Reports),Broken Build,Dashboard gadgets;Charts & diagramming;Reports;Project management,1,0,0,non,atlassian,2026-09-24
net.brokenbuild.dc.wip-chart,Agile WIP Aging & Run charts for Jira (Gadgets Reports KPIs),Broken Build,Dashboard gadgets;Charts & diagramming;Reports;Project management,1,0,0,non,atlassian,2026-09-17
tn.arribatt.jira.saveAsDraft,Save as Draft – For lengthy forms,Arribatt,IT & helpdesk,1,0,0,non,atlassian,2025-12-04
com.medeuit.jira.bulk.linkage,Bulk Linkage,Medeu IT,Admin tools;Workflow;Utilities;IT & helpdesk,1,0,0,oui,atlassian,2025-10-08
com.medeuit.jira.jira-trending,Trending Gadget for historical trends on dashboards,Medeu IT,Dashboard gadgets;Charts & diagramming;Reports;IT & helpdesk,1,0,0,oui,atlassian,2026-06-25
de.accxia.jira.addon.access.AccxiaGenericJiraAccess,Generic Access for Jira,Accxia,Reports;Documentation;Macros,1,0,0,non,atlassian,2026-07-29
com.infosysta.session.sessionManagement,Session Manager for Confluence,Futurate,Admin tools;Security,1,0,0,non,atlassian,2026-08-12
com.xdevpod.Translate-for-Jira,Translate for Jira,XDevPod,Custom fields;Language packs;IT & helpdesk;Project management,1,0,0,non,atlassian,2026-07-01
com.infosysta.lexzur-connector,Lexzur Connector,Futurate,,1,0,0,oui,atlassian,2026-08-13
com.methoda.addons.add-another,Add Another - Multiple Issue Creation,Methoda,,1,0,0,non,atlassian,2026-08-11
com.keplertechnologies.multiFactorAuthForJira,Kepler - Multi-Factor Authentication For Jira,Kepler Technologies,Admin tools;Utilities;Security,1,0,0,non,atlassian,2025-12-31
com.sevidev.jira.newspopup.announcementsforjira,Announcements for Jira,Sevidev,Admin tools;Workflow;Utilities;Project management,1,0,0,non,atlassian,2024-09-20
com.infosysta.jira.UserAccessControl,Session Manager for Jira,Futurate,Admin tools;Utilities;Security,1,0,0,non,atlassian,2026-08-12
eu.toimproveit.atlassian.terminal4jira,Terminal for Jira,2improveIT,Admin tools;Utilities;Monitoring;Security,1,0,0,non,atlassian,2025-10-22
com.shdsd.plugin.AutoStatus,Automatic Status for Jira,DragonSoft,Workflow;Time tracking;Utilities;Project management,1,0,0,non,atlassian,2022-10-18
com.acis.tm,Template Manager,Acis,Admin tools;Tasks;Utilities;Testing & QA,1,0,0,non,atlassian,2026-06-19
com.akelesconsulting.jira.plugins.groupcfpicker,Group Alias Picker,Akeles Consulting,Admin tools;Custom fields,1,0,0,non,atlassian,2023-12-11
com.luxplugins.bitbucket.plugin.scim-for-bitbucket,SCIM User Provisioning for Bitbucket,LuxPlugins,Admin tools;Integrations;Security,1,0,0,non,atlassian,2026-09-16
com.miniorange.usersync.miniorange-usersync-bitbucket,"mO SCIM Provisioning, User Sync & Group Sync for Bitbucket",miniOrange,Admin tools;Integrations;Utilities;Security,1,0,0,non,atlassian,2026-09-16
io.kazimir.epicwatcher,Epic watcher,Doitb,Utilities,1,0,0,non,atlassian,2025-09-19
com.miniorange.git.authentication.bitbucket-git-authentication,Git Client Authentication via SSO for Bitbucket,miniOrange,Integrations;Utilities;Security,1,0,0,non,atlassian,2026-09-15
com.celestecs.jira.celestecs-jql-extensions,CelesteCS JQL Extensions for Jira,Celeste Creative Solutions,Workflow;Reports;Dependency management;Project management,1,0,0,non,atlassian,2021-06-10
de.catworkx.jira.plugins.project-configuration-publisher,Teamworkx Configuration Publisher,catworkx GmbH,Admin tools;Reports;Documentation;Utilities,1,0,0,non,atlassian,2026-03-02
io.kazimir.controlfreak,Control Freak,Doitb,Utilities,1,0,0,non,atlassian,2025-09-19
com.mgmtp.jira.plugin.workflow-graphic-plugin,Link Workflow Graphic for Jira,mgm technology partners,Admin tools;Workflow,1,0,0,non,atlassian,2025-04-29
com.cprime.bitbucket.plugins.globalsso-for-bitbucket,Global SSO for Bitbucket,Appfire,Admin tools;Integrations;Utilities;Security,1,0,0,non,atlassian,2026-05-12
com.valiantys.valiantys-assessment-jira,Valiantys Assessment for Jira,GLiNTECH - a Valiantys company,,4,0,0,non,free,2026-09-24
com.medeuit.jira.sd-queues-extension,Service Desk Queues Extension,Medeu IT,Tasks;Utilities;Design tools;IT & helpdesk,4,0,0,non,free,2026-03-30
com.appnovation.jira.synack-integration,Synack for Jira Data Center & Server,"Synack, Inc.",Continuous integration;Code review;Security,4,0,0,non,free,2026-07-01
com.reviewnudgebot.slack,ReviewNudgeBot for Slack,ReviewNudgeBot,,0,3,5.0,oui,vendor,2024-10-14
com.ivelum.teamplify.core,"Time Tracking, Standups & Time-Off Management for Jira Teams",ivelum,Time tracking;Reports;Integrations;Project management,0,3,5.0,oui,vendor,2023-01-11
com.atlassian.jira.mobile.jira-mobile-rest,Mobile Plugin for Jira Data Center,Atlassian,Mobile,0,5,4.5,non,free,2026-08-10
com.adaptavist.horizon.autoblocks,ScriptRunner Connect (integration platform for Jira & more),The Adaptavist Group,Admin tools;Integrations;Utilities;IDE,0,3,5.0,oui,free,2023-03-10
com.intento.atlassian.dc.confluence.wst,Intento Language Hub for Confluence,Intento Inc,,3,0,0,non,vendor,2026-09-16
com.profit.okr.plugin,Profit.co OKRs for Jira Data Center,Profit.co,Workflow;Tasks;Integrations;Project management,3,0,0,non,free,2026-04-22
sk.tempest.jira.dynatrace,Dynatrace Integration for Jira,Alanata,Integrations;Monitoring,3,0,0,non,vendor,2025-10-01
de.smartics.atlassian.confluence.smartics-doctype-addon-vmodellxt,Blueprints for V-Modell XT,smartics,Documentation;Project management,3,0,0,non,free,2024-10-22
app.piplanning.io,piplanning.io,Scaled Agile Inc.,,0,2,5.0,oui,free,2023-09-15
unito.addons.jira.wrike,Wrike 2 Way Integration for Jira,Unito,Workflow;Integrations;Utilities;Project management,0,2,5.0,oui,vendor,2026-01-30
discord.myjirabot,Discord integration for Jira by Redwerk,Redwerk,,0,4,3.94,oui,free,2023-11-07
atlassian.bitbucket.server.jenkins.integration,Jenkins integration for Bitbucket,Atlassian,Build management;Deployments,0,3,4.17,oui,free,2024-07-23
com.atlassian.jira.migration.jira-migration-plugin,Jira Cloud Migration Assistant,Atlassian,Admin tools;Utilities,0,20,2.81,non,free,2026-09-24
com.atlassian.migration.confluence.connector,Migration Connector for Confluence,Atlassian,,2,0,0,non,free,2026-09-22
com.atlassian.app-compatibility-scanner.scanner-app,App Compatibility Scanner,Atlassian Labs,,2,0,0,non,free,2026-02-19
com.gfh.jira.plugin.stormai,Storm AI for Jira,"Goldfinger Holdings, Inc.",Workflow;Project management;Testing & QA,2,0,0,non,free,2026-03-18
com.raindrop.node-status,Node Status Switcher for Confluence,Sean Midkiff,,2,0,0,non,free,2026-05-07
com.intrafind.if-pl-jira,iFinder Connector Utility for Jira,IntraFind Software AG,,2,0,0,non,free,2025-07-15
seatbelt,Seatbelt for Jira,arielpartners,Utilities;Project management,2,0,0,oui,vendor,2026-01-25
com.vivun.hero.HeroVivun,Vivun - for Jira On-Premise,Vivun Inc.,Documentation;Integrations;CRM,2,0,0,non,free,2024-10-02
Sinequa.AtlassianJiraAddon.v7,Sinequa ES for Jira,Sinequa,Integrations,2,0,0,non,vendor,2026-09-16
solutions.com.atlassian.com2,"Integrated Governance, Risk and Compliance Management System",catworkx GmbH,Reports;Document management;Security;Project management,0,1,5.0,oui,vendor,2025-05-20
com.vd.assetbankwf,Asset Bank Workflow,Vincent D,,0,1,5.0,oui,free,2024-08-23
c.parey,Workflow Exporter for Jira,Christian Parey,Workflow;Shared workflows,0,1,5.0,oui,free,2022-11-18
keepersecurity.bitbucket.pipeline.keeper-secrets-manager-pipe,Keeper Secrets Manager for Bitbucket Pipeline,Keeper Security,Security,0,1,5.0,oui,free,2022-03-31
unito.io.jira.googlesheets,Google Sheets 2 Way Integration for Jira,Unito,,0,1,5.0,oui,vendor,2026-01-30
com.statushero.atlassian.jira,Steady for Jira (Formerly Status Hero),Steady (Formerly Status Hero),Workflow;Reports;Utilities;Project management,0,1,5.0,oui,vendor,2021-08-05
unito.io.marketplace.asana,Salesforce 2 Way Integration for Jira,Unito,Workflow;Integrations;IT & helpdesk;CRM,0,1,5.0,oui,vendor,2025-05-15
com.atlassian.troubleshooting.plugin-bamboo,Troubleshooting and Support for Bamboo,Atlassian,,0,1,5.0,non,free,2026-07-08
io.snyk.bitbucketserver,Snyk for Bitbucket Server,Snyk.io,Continuous integration;Code quality;Security;Dependency management,0,1,5.0,non,free,2019-11-05
com.atlassian.migration.agent,Confluence Cloud Migration Assistant,Atlassian,Admin tools;Utilities,0,13,2.67,non,free,2026-09-21
com.atlassian.plugins.authentication.atlassian-authentication-plugin,SSO for Atlassian Data Center,Atlassian,Integrations,0,16,2.58,non,free,2024-09-05
placeholder_temp.smartsheet.com,Smartsheet Connector for Jira,Smartsheet,Project management,0,8,2.66,oui,vendor,2024-07-25
unito.io.marketplace.github,GitHub 2 Way Integration for Jira,Unito,Workflow;Integrations;Utilities;Project management,0,3,2.92,oui,vendor,2025-07-10
com.churrie.classifierForJira,"Classifier Bridge For Jira, 2 way Sync and Json Intake",Churrie Works Inc,,0,0,0,non,atlassian,2026-07-07
com.teamswork.export.owly-confluence-data-exporter,Owly Json Data Exporter for Confluence,"Teams, Work. Ltd",,0,0,0,non,atlassian,2026-05-04
com.dsr.atlassian.jira.timesheet-jira-plugin,Pi Track: Smart timetracking for Jira,DSR Corporation,Admin tools;Time tracking;Reports;Project management,0,0,0,non,atlassian,2026-09-16
com.miniorange.migration.confluence-migration-assistant,"DLP - Sensitive Data (PII, GDPR) Scanner for Confluence",miniOrange,Admin tools,0,0,0,non,atlassian,2026-07-08
com.churrie.classifierForConfluence,Classifier - Page Classification for Confluence,Churrie Works Inc,,0,0,0,non,atlassian,2026-07-15
com.plateer.matilda.smart-license-for-confluence,Smart License Manager for Confluence,Plateer,Project management,0,0,0,non,atlassian,2026-06-24
net.brokenbuild.dc.throughput-chart,Throughput Charts for Jira teams (Agile Graphs Metrics KPIs),Broken Build,Dashboard gadgets;Charts & diagramming;Reports;Project management,0,0,0,non,atlassian,2026-08-25
com.sourcesense.jira.plugin.pec-mail-handler,PEC Mail Handler for Jira,Sourcesense,Admin tools;Email;IT & helpdesk,0,0,0,oui,atlassian,2025-12-15
com.medeuit.jira.servicedesk-portal-extension,Service Desk Portal Extension,Medeu IT,Themes & styles;Utilities;Design tools;IT & helpdesk,0,0,0,non,atlassian,2026-08-17
com.medeuit.jira.ticket-actions,Ticket Actions,Medeu IT,Admin tools;Utilities;IT & helpdesk;Project management,0,0,0,non,atlassian,2025-09-26
com.smateso.plugins.confluence.03-group-permission-copy,Group Permission Copy for Confluence,EB Cloud Engineering,,0,0,0,non,atlassian,2026-07-20
com.medeuit.jira.jira-sd-releases-tab,SD Releases Tab,Medeu IT,Admin tools;Reports;Security;Project management,0,0,0,oui,atlassian,2025-06-25
pl.softlist.jira.lp.jira-kazakh-language-pack,Kazakh Language Pack for Jira,Softlist Sp. z o.o.,Language packs,0,0,0,non,atlassian,2025-08-07
de.t2consult.atlassian.confluence.attachmentscanner,Attachment Scanner for Confluence,t2consult,,0,0,0,non,atlassian,2026-08-03
com.sevidev.confluence.newspopup.announcementsforconfluence,Announcements for Confluence,Sevidev,Admin tools;Workflow;Tasks;Project management,0,0,0,non,atlassian,2023-10-04
eu.toimproveit.atlassian.terminal4bamboo,Terminal for Bamboo,2improveIT,Admin tools;Utilities;Monitoring;Security,0,0,0,non,atlassian,2025-10-22
eu.toimproveit.atlassian.terminal4confluence,Terminal for Confluence,2improveIT,Admin tools;Utilities;Monitoring;Security,0,0,0,non,atlassian,2025-10-22
com.miniorange.license.manager.jira.licensemanager-jira,Centralized License Manager for Jira,miniOrange,Admin tools,0,0,0,non,atlassian,2025-04-30
com.colossean.fancyfields,Fancy Fields for Jira,Colossean,Admin tools;Custom fields;Tasks;IT & helpdesk,0,0,0,non,atlassian,2026-01-20
com.miniorange.rest.auth.bitbucket-rest-api,Enhanced API Authentication for Bitbucket with OAuth/JWT,miniOrange,Admin tools;Integrations;Utilities;Security,0,0,0,non,atlassian,2026-06-20
com.atlassian.confluence.plugins.gadgets,Gadgets for Confluence,Atlassian,,0,2,2.5,non,free,2026-06-04
com.smartbear.collab-confluence-server-plugin,Collaborator for Confluence,SmartBear,Code quality;Code review,1,0,0,non,free,2026-08-21
com.miniorange.usersync.miniorange-usersync-crowd,"mo SCIM Provisioning, User & Group Sync for Crowd",miniOrange,Admin tools;Integrations;Utilities,1,0,0,non,vendor,2024-10-25
com.go2group.ccaj,Client Certificate Authenticator for Jira,"Goldfinger Holdings, Inc.",,1,0,0,non,vendor,2025-04-02
com.atlassian.securetunnel.client.tunnel-client-plugin,Application tunnels,Atlassian,Admin tools;Integrations;Security,0,1,2.5,non,free,2026-09-11
com.atlassian.bitbucket.migration.bitbucket-migration-plugin,Bitbucket Cloud Migration Assistant,Atlassian,Admin tools;Utilities,0,2,1.25,non,free,2026-09-23
productplan.confluence,ProductPlan for Confluence Cloud,ProductPlan,,0,1,1.25,oui,vendor,2017-06-15
unito.io.jira.jira,ClickUp 2 Way Integration for Jira,Unito,Workflow;Tasks;Integrations;Project management,0,1,1.0,oui,vendor,2025-07-10
com.atlassian.jira.plugins.jira-dc-rovo-plugin,Rovo Connector for Jira Data Center,Atlassian,,0,0,0,non,free,2026-04-14
com.snowflake.openflow.confluence.snowflake-openflow-app,Snowflake Openflow Companion for Confluence Data Center,Snowflake,,0,0,0,non,free,2026-03-23
partner.solutions.bytesource.extended-cloudsla,Extended Cloud SLA by Bytesource,ByteSource Technology Consulting GmbH,,0,0,0,oui,vendor,2025-10-21
partner.solutions.sngular.pmfj,Process Monitoring for Jira,Sngular,Workflow;Reports;Monitoring;Project management,0,0,0,oui,vendor,2025-08-12
partner.solutions.adaptavist.licensemgt,License Mgt & Compliance for JSM with Adaptavist,The Adaptavist Group,,0,0,0,oui,vendor,2025-07-30
partner.solutions.eficode.hrsm,Integrated HR service management with JSM,Eficode,,0,0,0,oui,vendor,2025-07-29
partner.solutions.eficode.ITXM,IT Experience Management & Experience Level Agreements,Eficode,,0,0,0,oui,vendor,2025-07-29
partner.solutions.eficode.GRC,"Governance, Risk and Compliance with Eficode",Eficode,,0,0,0,oui,vendor,2025-07-29
partner.solutions.eficode.itam,Advanced Asset Management with Eficode,Eficode,,0,0,0,oui,vendor,2025-07-29
partner.solutions.adaptavist.jsmmaritime,Transform your maritime digital operations with JSM,The Adaptavist Group,,0,0,0,oui,vendor,2025-07-21
partner.solutions.izeno.itam,IT Asset Management with Jira Service Management & Device42,iZeno Pte Ltd,,0,0,0,oui,vendor,2025-07-07
partner.solutions.izeno.automatejsm,Automate IT Operations for Jira Service Management,iZeno Pte Ltd,,0,0,0,oui,vendor,2025-07-07
partner.solutions.isostechnology.DC2CLOUD,Enterprise Data Center to Cloud Upgrade,Isos Technology.,,0,0,0,oui,vendor,2025-07-01
partner.solutions.isostechnology.SNOW-JSM,Accelerated ServiceNow to JSM Migration,Isos Technology.,IT & helpdesk,0,0,0,oui,vendor,2025-06-13
com.edgescan.edgescan-jira-server-plugin,Edgescan for Jira Data Center,Edgescan,,0,0,0,non,free,2026-06-08
com.centercode.platform.jira.integration,Centercode - User Testing & Product Feedback,Centercode,Reports;Integrations;Project management;Testing & QA,0,0,0,oui,vendor,2025-05-06
pesaflow,Pesa Flow,mkntale,,0,0,0,non,free,2025-01-06
com.rumiai.plugins.jira,Rumi AI,Rumi AI,,0,0,0,oui,free,2024-12-12
io.aha.ideas,Aha! Ideas for Jira,Aha! Labs Inc,,0,0,0,oui,vendor,2025-01-29
com.acupowererp.acumatica,Acumatica Integration,AcuPower LTD,,0,0,0,oui,free,2024-11-22
HR,HR ORG Workflow,HR Org,Workflow;Shared workflows,0,0,0,oui,free,2024-11-13
EFIT,EFIT Hardware/Software Workflow,Ennoble First INC,,0,0,0,oui,free,2024-11-08
com.cloudeagle.ai.marketplace,cloudeagle.ai,CloudEagle,,0,0,0,oui,free,2024-11-01
soprasteria.workflow,soprasteriaworkflow,Stephanie Louwagie,,0,0,0,oui,free,2024-10-30
com.intento.atlassian.dc.jira.wst,Intento Language Hub for Jira,Intento Inc,Language packs;Tasks;IT & helpdesk;Project management,0,0,0,non,vendor,2026-09-14
workflow-pmo,Workflow PMO,PMO-Sandbox,,0,0,0,oui,free,2024-07-29
diitz.testy.workflow,DIITZ testy,Patryk Kowalczyk testy,Workflow;Shared workflows,0,0,0,oui,free,2024-06-27
com.xqual.jira.jira-xstudio-plugin-datacenter,XStudio Integration for Jira Data Center,XQual,Testing & QA,0,0,0,non,free,2025-08-10
com.praecipio.intelligence.app,Praecipio Intelligence for JSM - AI Service Desk Agent,Praecipio,Documentation;IT & helpdesk,0,0,0,oui,free,2024-06-25
internalauditrequest.jira.pposbc,Internal Audit Request Workflow,Louis Jira,,0,0,0,oui,free,2024-04-18
soeR2024,soeR- Development team workflow used for testing,23021994IT,Admin tools,0,0,0,oui,free,2024-04-08
WKFLW,Workflow DedaNext,DedaNext,Workflow,0,0,0,oui,free,2024-03-14
pdvw,Product-design-dev workflow,Pedant,,0,0,0,oui,free,2024-03-01
cothema-dev-workflow,Cothema Dev Workflow,Cothema,Workflow,0,0,0,oui,free,2024-02-22
com.stratacomapps.mobile,"iOS, Android, Zebra and Browser barcode scanning JSM Assets","StrataCom, Inc.",IT & helpdesk,0,0,0,oui,vendor,2025-09-04
com.squadcast.incidents.squadcast-jira-dc,SolarWinds Incident Response (Squadcast) for Jira DC,SolarWinds Worldwide LLC,,0,0,0,non,free,2026-07-15
workflow.designed.for.cogent,Workflow for Scrum Projects,Usman Tariq,Workflow,0,0,0,oui,free,2024-03-13
sword,sword,sword,,0,0,0,oui,free,2023-12-15
UOW-UASII,UOW-UASII,University of Waterloo,,0,0,0,oui,free,2023-12-08
razorables.atlassian.com,Software Development Workflow (SCRUM),UnameX,Workflow,0,0,0,oui,free,2024-07-02
com.flyingdonkey.confluence.plugins.fdjsmworkflow,FD JSM Support Workflow,FD,Workflow;Shared workflows;IT & helpdesk;Project management,0,0,0,oui,free,2023-12-01
zone.back.workflows.bzstdvMC,back.zone Standart Workflow,back.zone,Workflow;Shared workflows,0,0,0,oui,free,2023-10-12
scrum.pro.workflow,SCRUM PRO - Extended SCRUM based workflow for professionals,iTech Solutions - Internet Technologies Füssl,Workflow;Shared workflows,0,0,0,oui,free,2023-05-05
com.tringapps.story.workflow,Tringapps: Story-Bug-Workflow,Tringapps,Workflow,0,0,0,oui,free,2023-02-17
orl-project-dolphin.atlassian.net,ORL Bug Workflow,BugWorkFlow,,0,0,0,oui,free,2023-05-17
com.ouigo.jira.workflow.squirel,CLIENT - Service-Request-&-Incident-Support-WF,Diego MD,Workflow;Shared workflows,0,0,0,oui,free,2023-02-23
com.aw,AW,Sam Italia,,0,0,0,oui,free,2023-01-31
webster.confluence.plugins.continuousoptimisation.workflow,Continuous-Optimisation-Workflow,Webster Workflows,Workflow;Shared workflows,0,0,0,oui,free,2023-01-16
com.highpeaksw.workflow,HighPeak Workflow,High Peak Software,,0,0,0,oui,free,2023-05-17
appflo.io,appflo.io for Jira,appflo.io,Reports,0,0,0,oui,vendor,2022-11-30
com.cdata.connent,CData Connect Cloud,CData Software,Workflow;Reports;Continuous integration;Deployments,0,0,0,oui,free,2022-11-11
test.dc-app-security-scanner-tests-app,Gold DC App Security scanner tests app,Test Partner - Ankur,Admin tools;Security,0,0,0,non,free,2023-11-17
la.st,"Categorization of Cloud, Server and Data center apps",Christian Parey,Workflow;Shared workflows,0,0,0,oui,free,2022-05-09
unito.io.jira.googlecalendar,Google Calendar 2 Way Integration for Jira,Unito,Workflow;Tasks;Utilities;Project management,0,0,0,oui,vendor,2025-07-10
com.atlassian.alan.hackathon.workflow,Hackathon Workflow Alan,Atlassian Labs,Workflow;Shared workflows,0,0,0,oui,free,2022-10-16
com.tabnine.plugins.atlassian,Tabnine for Bitbucket,Tabnine,Repository connectors;Integrations;Code quality;IDE,0,0,0,oui,free,2022-04-04
com.easyagile.accenture-workflow-bundle,Accenture & Easy Agile - Example Agile Team Workflow,Easy Agile,Workflow;Project management;Testing & QA,0,0,0,oui,free,2022-06-06
com.tx3.jira.workflow.vera.standard,Tricentis Vera Standard Workflow,Tricentis,Workflow;Shared workflows,0,0,0,oui,free,2024-02-21
com.nobl9,Nobl9,Nobl9,Integrations;Monitoring,0,0,0,oui,vendor,2022-02-03
EPICWFTST,Epic workflow,Dafna Levnevirth,Workflow;Shared workflows,0,0,0,oui,free,2022-03-04
Synple,Syn'ple workflow,Synvance,Workflow;Shared workflows,0,0,0,oui,free,2022-01-03
com.rootly.integrations.confluence,Manage incidents from Slack & Confluence by Rootly,Rootly,Workflow;Reports;Document management;Integrations,0,0,0,oui,free,2022-02-15
com.rootly.integrations.jira,Manage incidents from Slack & Jira by Rootly,Rootly,Workflow;Shared workflows;Tasks;Integrations,0,0,0,oui,free,2022-01-04
DSScrumWorkflow,DS Scrum Workflow,Yuliia,Workflow,0,0,0,oui,free,2021-11-12
glean-search-crawler-confluence-server,Glean Search Crawler For Confluence Data Center,Glean Technologies Inc,Document management;Utilities,0,0,0,non,vendor,2021-10-19
generic.agile.workflow,Generic Agile Workflow,Derrick Matheka,Workflow;Shared workflows,0,0,0,oui,free,2021-12-09
com.statushero.atlassian.bitbucket,Steady for Bitbucket (Formerly Status Hero),Steady (Formerly Status Hero),Workflow;Reports;Repository hooks;Project management,0,0,0,oui,vendor,2021-08-05
com.chronicle.jira.chronicle-jira-plugin,Google SecOps for Jira (On-Prem),Google Cloud Security,Integrations;IT & helpdesk;Security,0,0,0,non,free,2025-04-23
com.atlassian.troubleshooting.plugin-crowd,Troubleshooting and Support for Crowd,Atlassian,Admin tools,0,0,0,non,free,2026-07-08
unito.io.marketplace.zendesk,Zendesk 2 Way Integration for Jira,Unito,Integrations;Utilities;IT & helpdesk;Project management,0,0,0,oui,vendor,2026-04-29
com.atlassian.jira.plugins.jira-optimizer-plugin,Instance Optimizer for Jira,Atlassian,Admin tools;Utilities,0,0,0,non,free,2026-09-01
unito.io.marketplace.gitlab,GitLab 2 Way Integration for Jira,Unito,Workflow;Integrations;Utilities;Project management,0,0,0,oui,vendor,2025-07-10
unito.io.marketplace.bitbucket,ServiceNow 2 Way Integration for Jira,Unito,Workflow;Integrations;IT & helpdesk;Project management,0,0,0,oui,vendor,2025-07-10
