key,nom,editeur,installs,avis,note,derniere_version_dc,cloud_meme_editeur,nb_alternatives,exemples
com.awnaba.projectconfigurator.projectconfigurator,Project Configurator for Jira,Appfire,1820,115,4.76,2026-09-03,,11,Configuration Manager for Jira (CMJ) (145); Smart Configuration: Documentation for J (46); Software Configuration Management Toolki (22); Revyz Command Center for Jira (Backup Co (19)
com.resolution.atlasplugins.samlsso.Jira,SAML SSO Single Sign On for Jira SSO OAuth + User Sync,resolution Reichert Network Solutions GmbH,1311,109,4.97,2026-08-27,,11,Single Sign On SAML SSO for Jira (SSO SA (82); SAML/OAuth SSO for JSM Customers (19); Single Sign On (SSO) via OAuth and OpenI (53); Single Sign On (SSO) via OAuth/OpenID fo (74)
com.cps.lastLog,Last Log for Jira,Decadis AG,1473,33,4.96,2026-05-12,,0,
confluence.extra.noemailstorm,No Email Storm,Stiltsoft Europe OÜ,1377,54,4.91,2025-09-02,,8,Email This Issue (181); Notification Assistant for Jira - Email (57); mailto.wiki - Email for Confluence (11); Simple Reminder – Email Notifications (12)
com.refinedwiki.confluence.plugins.theme.original,"Refined for Confluence DC (Intranet, Themes & Navigation)",Refined,1440,92,4.69,2026-09-24,"Refined UI Toolkit for Confluence (Page Builder, Navigation)",6,"Async Poker: Planning Poker & Estimation (45); Excel-like Bulk Issue Editor for Jira (S (28); Agile User Story Map, Portfolio Roadmaps (143); STAGIL Navigation Menus for Jira (20)"
com.botronsoft.jira.poweradmin,Power Admin for Jira,Appfire,2638,8,4.69,2026-09-23,,9,Power BI Connector for Jira (159); Power BI Connector - Connect Power BI an (59); Power Custom Fields for Jira (34); Power Scripts - Jira Workflow Automation (302)
com.thinktilt.proforma.add-on,ProForma: Forms & Checklist for Jira,Atlassian,1290,57,4.87,2026-09-15,,1,"Smart Forms for Jira (JSM, JWM, Confluen (48)"
com.botronsoft.jira.rollout.integrity-check,Integrity Check for Jira,Appfire,2855,9,4.44,2026-09-23,,15,Slack Integration+ for Jira (77); Open API (Swagger) Integration (31); Toggl Integration for Jira (37); Power BI Connector for Jira (159)
com.resolution.atlasplugins.samlsso.Confluence,SAML SSO Single Sign On for Confluence SSO OAuth + User Sync,resolution Reichert Network Solutions GmbH,1003,53,4.96,2026-08-27,,11,Single Sign On SAML SSO for Jira (SSO SA (82); SAML/OAuth SSO for JSM Customers (19); Single Sign On (SSO) via OAuth and OpenI (53); Single Sign On (SSO) via OAuth/OpenID fo (74)
com.plugin.commitgraph.commitgraph,Charts & Graphs for Bitbucket,Appfire,1105,114,4.69,2026-07-24,,8,"Custom Charts for Jira -Reports, Dashboa (139); Awesome Graphs for Bitbucket (85); eazyBI for Jira Reports, Charts, and Das (227); Table Filter, Charts & Spreadsheets for  (442)"
com.refinedwiki.jira.servicedesk.refinedtheme,"Refined for JSM DC (Theme ITSM, HR Helpdesk & Service Desks)",Refined,890,43,4.68,2026-09-17,"Refined Sites for JSM (Theme ITSM, HR, Help & Service Desks)",14,"Refined Sites for Confluence (Intranets, (63); Refined Macro Toolkit (Content Formattin (35); Queues for Jira & JSM (47); Microsoft Teams for Jira & JSM (30)"
de.scandio.confluence.plugins.hideelements-macro,HideElements - Custom Layout & UI Control for Confluence,Lively Apps,723,28,5.0,2026-08-16,,7,"Document Vault - Secure Attachments in J (12); Agile Charts - WIP, Cycle & Lead Time, T (18); Visibility for Confluence (33); Dependency Map for Jira (link viewer) (13)"
com.nolddor.announcement-banner,Announcement Banner for Confluence,Sweet Bananas,792,23,4.95,2025-09-26,,3,Announcer for Jira (12); Feature Bundle – Self-Service Extension  (51); Message field (12)
nl.topicus.bitbucket.bitbucket-webhooks,Jenkins and Azure DevOps Post Webhooks for Bitbucket,votazz,825,31,4.8,2026-03-10,,9,Azure DevOps for Jira (27); TFS4JIRA Azure DevOps integration (230); Azure DevOps Integration for Jira (DevOp (54); Jenkins for Jira (Official) (26)
com.bit-booster.graph,CommitGraph for Bitbucket,GitBoost Software Inc.,1162,12,4.69,2026-05-15,,0,
com.decadis.xtools-for-jira,Admin Toolbox for Jira,Decadis AG,597,49,5.0,2026-08-26,,1,Jira Workflow Toolbox (540)
no.kantega.kerberosauth.kerberosauth-plugin,K-SSO SAML SSO OAuth Kerberos User Management for Jira,Kantega SSO,635,55,4.86,2026-09-18,,18,Backbone Work Sync for Jira (Two Way Iss (72); Jira Misc Workflow Extensions (JMWE) (534); Timesheets by Tempo - Jira Time Tracking (898); Checklists for Jira (Pro) by HeroCoders (264)
com.greffon.folio,Budgets - Jira Project Budget Management | Tempo,Tempo Software,707,55,4.73,2026-09-24,,3,Time & Cost Tracker for Jira (Timesheet  (17); Worklog360 — Time Tracking & Budget Mana (18); ESU - Sum Up KPI & Budget Reporting Proj (44)
com.k15t.scroll.scroll-versions,Scroll Versions for Confluence,K15t,740,47,4.68,2026-09-15,,9,Scroll PDF Exporter for Confluence (228); Scroll Word Exporter for Confluence (136); Scroll Content Manager for Confluence (37); Version Manager Pro - Simplify Project V (10)
ch.mibex.stash.sonar4stash,Include Code Quality for Bitbucket,Elevatic,680,44,4.8,2026-07-06,Include Code Quality for Bitbucket Cloud,3,"Include from Bitbucket to Confluence (Ma (19); Just Add+ Embed Markdown, Diagrams, & Co (50); AI Apps Builder for Jira (No-Code Way to (18)"
com.tngtech.jira.plugins.schizophrenia,User Switcher for Jira,TNG Technology Consulting GmbH,865,43,4.45,2026-09-10,,10,User Management for Jira (bulk & timed i (25); Flexible User License - Auto User Manage (22); Flexible User License - Auto User Manage (17); User Profiles for Jira (Microsoft Attrib (26)
no.kantega.kerberosauth.kerberosauth-plugin.confluence,K-SSO SAML SSO OAuth Kerberos User Management for Confluence,Kantega SSO,595,44,4.91,2026-09-18,,18,Backbone Work Sync for Jira (Two Way Iss (72); Jira Misc Workflow Extensions (JMWE) (534); Timesheets by Tempo - Jira Time Tracking (898); Checklists for Jira (Pro) by HeroCoders (264)
com.isroot.stash.plugin.yacc,Yet Another Commit Checker,Appfire,808,31,4.6,2026-08-24,,5,"Better Commit Policy for Jira (Git, Bitb (22); ControlFreak - Commit Checks and Jira Ho (21); Git Integration for Jira (GitHub, GitLab (343); GitLab Integration for Jira Two-Way Sync (24)"
com.balsamiq.confluence.plugins.mockups,Balsamiq Wireframes for Confluence Data Center,Balsamiq,964,68,4.12,2026-08-05,,7,"Balsamiq for Confluence Cloud | Wirefram (23); Balsamiq for Jira Cloud | Wireframes & p (24); Draw Wireframes, Mockup, Prototype & Dia (30); Draw UI Wireframes, Mockup, Prototype &  (13)"
com.nolddor.user-switcher-for-confluence,User Switcher for Confluence,Sweet Bananas,686,25,4.85,2025-10-02,,10,User Management for Jira (bulk & timed i (25); Flexible User License - Auto User Manage (22); Flexible User License - Auto User Manage (17); User Profiles for Jira (Microsoft Attrib (26)
io.extensi.jira.plugin.agileboardfilter,Agile Tools & Filters for Jira,eXtensi,585,26,5.0,2026-07-08,,13,"Rich Filters for Jira Dashboards (185); Agile Tools-Epic Tree, Links Tree, Time  (20); Table Filter, Charts & Spreadsheets for  (442); ActionableAgile® Analytics: Kanban/ Agil (32)"
ru.andreymarkelov.atlas.plugins.utils,Power Utilities for Jira - Workflow toolbox for admins,Appfire,674,25,4.8,2026-09-17,,8,Power BI Connector for Jira (159); Power BI Connector - Connect Power BI an (59); Power Custom Fields for Jira (34); Power Scripts - Jira Workflow Automation (302)
net.junovi.confluence.blueprint-creator,"Blueprint Creator - Advanced Templates: Pages, Blog & Spaces",Seibert - Junovi,423,63,5.0,2026-09-16,,3,"Page Tree Creator Pro (Blueprint, Templa (22); Delegated Project Creator for Jira (33); IZI for Confluence (LMS, Training Course (34)"
com.jiraeditor.jeditor,JEditor - Rich Text Editor for Jira,Bobronix,897,57,3.97,2026-09-07,,8,"KARMA Page Builder for Confluence (Conte (164); Source Editor for Confluence (25); PDF Exporter, Word Exporter, Email & Att (30); ikuTeam Office: Edit Word, PowerPoint &  (18)"
com.dolby.atlassian.jira.jirasu,Switch User (SU) for Jira,The Plugin People,515,26,4.9,2026-07-03,,10,User Management for Jira (bulk & timed i (25); Flexible User License - Auto User Manage (22); Flexible User License - Auto User Manage (17); User Profiles for Jira (Microsoft Attrib (26)
com.intenso.jira.plugins.ad-integration-manager,Active Directory Attributes Sync,Deviniti,635,46,4.46,2026-09-22,,6,User Profiles for Jira (Microsoft Attrib (26); Filters Activity Stream (22); User Profiles for Confluence (Microsoft  (31); Entra ID (Azure AD) Attributes Sync for  (21)
net.kentcom.page-view-tracker,Page View Tracker,KC Integrations,897,16,4.3,2026-05-04,,10,Capacity Tracker (36); Tree View (10); Time Tracker for Jira Cloud & DC (298); Copy Page Tree (67)
info.renjithv.jira.plugins.sysadmin.homedirectorybrowser,"Home Directory, Database & Log File Browser for Jira",votazz,608,27,4.58,2026-02-11,,10,"Properties - Templates, Metadata & Datab (17); PocketQuery - Connect SQL Databases & RE (79); External Data for Confluence (Visualize  (13); Atlassian Home for Jira Cloud (10)"
com.miniorange.twofactor.jira-twofactor,mO 2FA for Jira (Two Factor Authentication),miniOrange,383,55,4.95,2026-08-10,,5,"Fields - Custom Fields for Jira (48); Pivot Report: Roll Up Epic Issues, Workl (80); Single Sign On (SSO) via OAuth/OpenID fo (74); Single Sign On (SSO) via OAuth and OpenI (53)"
ch.mibex.bamboo.sonar4bamboo,Include Code Quality for Bamboo,Elevatic,551,24,4.69,2025-11-27,Include Code Quality for Bitbucket Cloud,3,"Include from Bitbucket to Confluence (Ma (19); Just Add+ Embed Markdown, Diagrams, & Co (50); AI Apps Builder for Jira (No-Code Way to (18)"
com.onresolve.stash.groovy.groovyrunner,ScriptRunner for Bitbucket,The Adaptavist Group,602,20,4.56,2026-09-11,ScriptRunner Connect Two-way Sync for Jira and ServiceNow,5,Issue Templates Pro - Description Templa (54); Google Drive Connector for Jira Automati (14); Revyz Command Center for Jira (Backup Co (19); SharePoint Connector for Jira Automation (19)
com.decadis.confluence.spaceadmin,Space Admin for Confluence,Decadis AG,351,36,5.0,2026-04-16,,5,SubSpace Navigation for Confluence (63); Space Templates & Content Templates for  (16); Custom Space User Management (CSUM) for  (17); Space Sync for Confluence (Copy & Publis (11)
com.decadis.confluence.lastlog,Last Log for Confluence,Decadis AG,516,13,4.81,2026-05-12,,0,
com.nearinfinity.confluence.survey-plugin,Survey and Vote Macros,Appfire,579,40,4.19,2026-09-15,,10,"Polls, Votes, Surveys & Community Networ (20); Multivote & Enterprise Survey for Conflu (32); Refined Macro Toolkit (Content Formattin (35); HTML Macro for Confluence (31)"
com.keplerrominfo.jira.plugins.databasecf,Power Database Fields,Appfire,440,59,4.49,2026-09-22,,16,Power Custom Fields for Jira (34); Power BI Connector for Jira (159); Power BI Connector - Connect Power BI an (59); Fields - Custom Fields for Jira (48)
com.miniorange.sso.saml.confluence-sso,Single Sign On SAML SSO for Confluence (SSO SAML)+User Sync,miniOrange,320,60,4.88,2026-09-18,Single Sign On SAML SSO for Jira (SSO SAML) + User Sync/SCIM,3,eSign Signatures for Jira (10); Approvals for Confluence (Page Review &  (21); Group Sign-Off: parallel Multi-Approvals (41)
com.pragbits.stash.stash2slack,Slack notifications for Bitbucket,votazz,545,40,4.22,2025-11-19,,9,Slack for Confluence (Chat Notifications (11); Task Reminder - Slack & Mail Notificatio (14); Slack Integration+ for Jira (77); Notification Assistant for Jira - Email (57)
org.andya.confluence.plugins.metadata,Comala Metadata,Appfire,519,22,4.49,2026-05-07,,8,"Metadata for Confluence (18); Metadata for Confluence Cloud (12); Properties - Templates, Metadata & Datab (17); Comala Document Management (175)"
com.stonikbyte.great.gadgets.server,Great Gadgets for Jira DC (Agile Charts Reports KPIs),StonikByte,402,15,4.92,2026-09-23,Great Gadgets for Confluence (Agile Charts Custom Reports),6,Countdown Gadget (11); Column Order Gadget (39); Universal Gadget for Jira (12); Quick Filters for Jira Dashboards (Chart (22)
com.porzelt.jira.darktheme.DarkTheme,DarkTheme,Maximilian Porzelt,496,28,4.38,2026-04-22,,0,
com.nolddor.jql-booster-pack,JQL Booster Pack,Sweet Bananas,331,17,5.0,2026-01-14,,4,JQL Search Extensions for Jira (51); GO! JQL: Essential JQL Functions (10); PR-Booster For Bitbucket (15); Service Pack for Agents (28)
de.resolution.apitokenauth.jira,API Token Authentication for Jira expand connection security,resolution Reichert Network Solutions GmbH,375,12,5.0,2026-08-27,,6,Enhanced API Authentication for Jira wit (15); Open API (Swagger) Integration (31); Visualize OpenAPI (Swagger) documentatio (21); External Data for Jira Fields (Connect R (86)
net.artemissoftware.confluence.flowboard.FlowBoard,Flow Board,Appfire,518,28,4.15,2026-09-15,,3,Flow Time Report – Time in Status for Ji (10); Advanced Kanban & Agile Boards: SAFe & W (17); Easy Agile Programs - PI Planning Progra (46)
com.idalko.jira.plugins.igrid,Table Grid Editor [Legacy Version],"Exalate: Integrations for Jira, Azure DevOps, Zendesk, Salesforce, GitHub, ServiceNow, ...",339,64,4.51,2026-09-14,Table Grid Next Generation,12,Excel-like Bulk Issue Editor for Jira (S (28); Source Editor for Confluence (25); Customfield Editor for Jira (29); Smart Tables for Confluence (Table Filte (17)
com.qotilabs.jira.collapsible-dashboard-sidebar-addon,Collapsible Dashboard Sidebar,Appfire,313,15,5.0,2026-08-17,,14,"Rich Filters for Jira Dashboards (185); eazyBI for Jira Reports, Charts, and Das (227); Dashboard Hub for Confluence (Reports, D (10); Custom Charts for Jira -Reports, Dashboa (139)"
com.arsenalesystems.dataplane,Dataplane Reports for Jira,Appfire,316,56,4.53,2026-08-13,,19,"eazyBI for Jira Reports, Charts, and Das (227); Reports and Timesheets for Jira (108); Reporting for Confluence (100); Worklogs - Time Tracking, Time Reports,  (101)"
ru.andreymarkelov.atlas.plugins.prom-jira-exporter,Prometheus Exporter PRO for Jira,Appfire,384,11,4.77,2026-08-11,,9,Scroll PDF Exporter for Confluence (228); Scroll Word Exporter for Confluence (136); Markdown Exporter for Confluence (22); Better Excel Exporter for Jira (254)
com.kintosoft.jira.subversion-plus,Subversion ALM,Kintosoft,505,32,3.87,2026-09-01,,1,Exalate (219)
at.celix.jira.plugins.servicedesk-queue-collapse,Q Collapse for Jira Service Management,Communardo Austria GmbH,425,21,4.29,2025-09-25,,13,Extension for Jira Service Management (150); Chat for Jira Service Management (57); Actions for Jira Service Management (36); Service Pack for Agents (28)
com.miniorange.twofactor.confluence-twofactor,mO 2FA for Confluence (Two Factor Authentication),miniOrange,233,26,5.0,2026-08-04,,5,"Fields - Custom Fields for Jira (48); Pivot Report: Roll Up Epic Issues, Workl (80); Single Sign On (SSO) via OAuth/OpenID fo (74); Single Sign On (SSO) via OAuth and OpenI (53)"
cr.tin.iframed.iframed-macro,Iframes for Confluence,Modus  Create,542,7,4.46,2026-09-08,Iframes for Jira Cloud,4,HTML Macro Pro for Confluence FREE - Emb (23); HTML Macro for Confluence (31); Navitabs - Navigation Macros for Conflue (45); External Share for Confluence (46)
com.javahollic.confluence.confluencesu,Switch User (SU) for Confluence,The Plugin People,461,13,4.33,2026-09-01,,10,User Management for Jira (bulk & timed i (25); Flexible User License - Auto User Manage (22); Flexible User License - Auto User Manage (17); User Profiles for Jira (Microsoft Attrib (26)
com.elitesoftsp.confluence.page.tracking.plugins,Page Views,EliteSoft,339,26,4.47,2026-06-19,,7,Tree View (10); Copy Page Tree (67); AutoPage (Creates pages in Confluence wi (15); KARMA Page Builder for Confluence (Conte (164)
org.swift.confluence.run,Run Self-Service Reports for Confluence,Appfire,304,13,4.9,2026-08-04,,9,Feature Bundle – Self-Service Extension  (51); Advanced Portal Reports for Jira Service (48); Smart Checklists for Jira (132); Actions for Jira Service Management (36)
com.cprime.confluence.power-scripts-confluence,Power Scripts for Confluence,Appfire,225,20,5.0,2026-09-23,Power Scripts - Jira Workflow Automation,9,ScriptRunner for Jira (826); Power BI Connector for Jira (159); ScriptRunner for Confluence (57); Power BI Connector - Connect Power BI an (59)
com.intenso.jira.plugins.translation.jsd-translation,Translation for Jira Service Management,Deviniti,308,24,4.53,2025-09-26,,11,Extension for Jira Service Management (150); Chat for Jira Service Management (57); Actions for Jira Service Management (36); Advanced Portal Reports for Jira Service (48)
de.codecentric.jira.wes,Workflow Essentials for Jira,codecentric AG,226,17,5.0,2026-01-30,,11,Jira Workflow Toolbox (540); Jira Misc Workflow Extensions (JMWE) (534); GO! JQL: Essential JQL Functions (10); JSU Automation Suite for Jira Workflows (298)
com.mohami.bitbucket.security-for-bitbucket,Security for Bitbucket Enhanced Secret Scanner by Soteri,Soteri,202,32,4.92,2026-09-22,,8,Security for Confluence PII & Secret Sca (15); Workflow Enhancer for Jira (43); Enhancer Plugin for Jira (70); Secure Fields - Data Security & Privacy  (30)
org.tmatesoft.subgit.stash-svn-importer,SVN Mirror for Bitbucket Server,TMate Software,246,64,4.49,2026-01-22,,5,"AURA Content Formatting Macros Tabs LaTe (212); SVG out (15); Easy Clone: Bulk Clone Issues, Epics & S (36); Space Sync for Confluence (Copy & Publis (11)"
com.shdsd.plugin.confluenceWatermark,Watermark for Confluence,DragonSoft,242,13,5.0,2026-01-08,,1,Contract Signatures for Confluence (10)
com.infosysta.jira.in-app-and-desktop-notifications-for-jira,Notifications in Jira (Desktop and Icon Alerts),Futurate,410,18,4.03,2026-07-16,,7,"Inbox for Jira (smart notifications) (21); Reminder for Jira (Follow-Ups, Deadlines (32); Notification Assistant for Jira - Email (57); Slack for Confluence (Chat Notifications (11)"
com.comalatech.adhoccanvas,Comala Boards for Confluence,Appfire,249,31,4.56,2026-09-14,Comala Boards for Confluence Cloud,5,Comala Document Management (175); Comala Publishing (40); Comala Canvas for Jira (25); Comala Document Control (24)
com.itlab.jira.plugins.extender,Extender for Jira,it.Lab,188,23,4.95,2026-09-16,,7,Extension for Jira Service Management (150); Jira Misc Workflow Extensions (JMWE) (534); JQL Search Extensions for Jira (51); My Requests Extension for Jira Service M (34)
com.stepstonetech.confluence.plugins.latex,LaTeX and MathJax,The Plugin People,416,17,3.9,2026-08-28,,4,"LaTeX Math+ for Confluence (33); LaTeX Math (40); AURA Content Formatting Macros Tabs LaTe (212); Mosaic: Content Formatting Macros, Tabs  (113)"
org.hakanai.jira.plugins.jirastatuscolor,Status Color for Jira,Brightsoft Apps,266,25,4.45,2026-02-16,,10,Time in Status (208); Status Time Reports Free - Time in Statu (58); Status Time Reports - Time in Status (53); Colored Label Manager - Smart Labels and (46)
release-management,"Release Management: Workflows, Calendar & Roadmaps - DC",Release Management,266,19,4.54,2026-09-23,"Release Management: Workflows, Calendar & Roadmaps for Jira",6,"Released Hub – AI Release Notes, Roadmap (39); Swanly: Portfolio Roadmaps Structure Gan (61); (AI powered) Automated Release Notes & R (48); Xray - Test Management for Jira (553)"
org.craftforge.jira.craftforge-jql-functions-plugin,Search Linked Issues,Addonrock Sp. z o.o.,370,33,3.79,2025-10-03,,4,"Tissue - Table of linked Issues (13); JQL Search Extensions for Jira (51); HubSpot CRM for Jira Report, Issue Link  (11); Link Management - Broken Link Detection  (10)"
org.swift.confluence.cache,Cache for Confluence,Appfire,267,9,4.86,2026-07-16,,3,Flow Time Report – Time in Status for Ji (10); Who is Online for Jira (16); Personal Checklist For Jira Cloud (Free) (14)
com.simplenia.stash.plugins.snippets,Snippets for Bitbucket,Appfire,222,24,4.64,2026-06-18,,5,GitHub Macros for Confluence (10); Jira Misc Workflow Extensions (JMWE) (534); HTML Macro for Confluence (31); GitHub & Jira integration (18)
com.brikit.themepress,Brikit Theme Press for Confluence,Brikit,179,34,4.77,2026-09-17,,11,"Theme Extension for Jira Service Managem (26); MANTRA Intranet | News Events Theme Mobi (100); Refined Sites for JSM (Theme ITSM, HR, H (55); Spacecraft Theme for Confluence Cloud –  (10)"
org.techtime.confluence.plugins.easysso,EasySSO for Confluence (Kerberos/NTLM/HTTP headers/SAML SSO),TechTime Initiative Group Limited,151,34,4.96,2026-09-01,,0,
org.techtime.jira.plugins.easysso,EasySSO for Jira (Kerberos/NTLM/HTTP headers/SAML SSO),TechTime Initiative Group Limited,149,37,4.93,2026-09-01,,0,
com.itlab.confluence.plugins.restapi-extender,Extender for Confluence,it.Lab,182,14,5.0,2026-08-18,,7,Extension for Jira Service Management (150); Jira Misc Workflow Extensions (JMWE) (534); JQL Search Extensions for Jira (51); My Requests Extension for Jira Service M (34)
com.almworks.structure.pages,Structure.Pages by Tempo - Add Confluence Pages to Structure,Tempo Software,401,3,5.0,2026-09-11,,14,"Structure by Tempo - Jira Portfolio Mana (408); Gantt Charts for Structure PPM - Jira Ro (61); Timesheets by Tempo - Jira Time Tracking (898); Issue Templates Agent (fields, structure (49)"
com.stiltsoft.confluence.talk.confluence-talk-plugin,Talk - Advanced Inline Comments,Stiltsoft Europe OÜ,229,29,4.4,2026-09-04,,7,SprintRetro Pro – Retrospective & Metric (15); Backbone Work Sync for Jira (Two Way Iss (72); Requirement Yogi - Requirements Manageme (37); Task Reminder - Slack & Mail Notificatio (14)
com.tse.jira.deactivateusers.plugin.jira-deactivate-users-plugin,Manage Inactive Users for Jira,ILA eSolution,178,14,5.0,2026-01-12,Manage Inactive Users for Confluence Cloud,5,User Management for Jira (bulk & timed i (25); Flexible User License - Auto User Manage (22); My User Manager for Jira (11); Flexible User License - Auto User Manage (17)
ru.andreymarkelov.atlas.plugins.prom-confluence-exporter,Prometheus Exporter PRO for Confluence,Appfire,286,9,4.58,2026-08-11,,9,Scroll PDF Exporter for Confluence (228); Scroll Word Exporter for Confluence (136); Markdown Exporter for Confluence (22); Better Excel Exporter for Jira (254)
com.intenso.jira.plugins.suiTest,TestFLO - Test Management for Jira,Deviniti,221,47,4.26,2026-09-18,,0,
com.mohamicorp.stash.plugin.editor-for-stash,Power Editor for Bitbucket,Appfire,211,35,4.39,2026-06-17,,11,Power BI Connector for Jira (159); Source Editor for Confluence (25); Power BI Connector - Connect Power BI an (59); Customfield Editor for Jira (29)
de.kontextwork.goedit.jira,GoEdit - Direct Attachment Edit for Jira,KontextWork,144,21,5.0,2026-04-08,GoEdit - Simply edit attachments!,10,SQL for Confluence (Pro Edition) (29); Workflow Enhancer for Jira (43); Group Sign-Off: parallel Multi-Approvals (41); Quantify TimeSpent (34)
com.k15t.scroll.scroll-translations,Scroll Translations for Confluence,K15t,292,15,4.17,2026-09-15,Translations for Scroll Content Manager,9,Scroll PDF Exporter for Confluence (228); Scroll Word Exporter for Confluence (136); Scroll Content Manager for Confluence (37); Lango AI Translator: Language & translat (33)
com.almworks.jira.colors.colors-plugin,Colors for Jira by Tempo - JQL-Based Highlighting in Jira,Tempo Software,283,7,4.64,2026-09-13,,7,Timesheets by Tempo - Jira Time Tracking (898); Colored Label Manager - Smart Labels and (46); Structure by Tempo - Jira Portfolio Mana (408); Spacecraft Theme for Confluence Cloud –  (10)
com.m20tech.tooltips,Tooltips,Sngular,342,12,3.96,2025-12-01,,8,"Scroll ImageMap for Confluence (12); Checklists for Jira (Pro) by HeroCoders (264); Mosaic: Content Formatting Macros, Tabs  (113); ScriptRunner for Jira (826)"
ru.teamlead.jira.plugins.agile-filters-for-jira,Agile Filters for Jira (Quick Filters by Users on Boards),Teamlead,212,18,4.51,2025-12-01,,15,"Rich Filters for Jira Dashboards (185); Table Filter, Charts & Spreadsheets for  (442); ActionableAgile® Analytics: Kanban/ Agil (32); Filters Activity Stream (22)"
com.tngtech.confluence.plugins.pdfmacros,PDF Macros for Confluence,TNG Technology Consulting GmbH,392,8,3.91,2026-09-10,,13,Scroll PDF Exporter for Confluence (228); Better PDF Exporter for Jira (467); Refined Macro Toolkit (Content Formattin (35); HTML Macro for Confluence (31)
com.akelesconsulting.jira.plugins.AttachmentChecker,Attachment Checker for Jira,Akeles Consulting,174,15,4.83,2026-09-23,,9,Bulk Attachment Download (12); Cenote Lockpoint - Attachment Checkout (29); GoEdit - Simply edit attachments! (102); Smart Attachments for Jira (File & Docum (80)
com.wombatscorp.jira-tokens,API Tokens for Jira,Wombats Corp,184,20,4.62,2026-04-27,,6,Open API (Swagger) Integration (31); Enhanced API Authentication for Jira wit (15); Visualize OpenAPI (Swagger) documentatio (21); External Data for Jira Fields (Connect R (86)
com.siemens.confluence.tagcloud,Tag Cloud for Confluence,TNG Technology Consulting GmbH,233,13,4.42,2026-09-10,,5,Time Tracker for Jira Cloud & DC (298); AI for Confluence Cloud (44); Cosmos - Intranet for Confluence Cloud (78); QC Documents for Confluence Cloud (13)
biz.everit.jira.epic-roadmap,Epic Roadmap for Jira (Project Timeline for Data Center),EverIT by catworkx,222,10,4.62,2026-02-18,,15,"Deep Clone for Jira (Copy Projects, Bulk (134); Gantt Charts for Structure PPM - Jira Ro (61); Release Management: Workflows, Calendar  (44); Aha! Roadmaps for Jira (357)"
sk.eea.jira.natural-searchers,Natural Searchers for Jira,"BOOTIQ SK, part of BiQ Group",258,8,4.53,2025-11-02,,7,"Smart Attachments for Jira (File & Docum (80); Zephyr - Test Management and Automation  (492); Agile User Story Map, Portfolio Roadmaps (143); SharePoint Connector for Confluence (27)"
com.balsamiq.jira.plugins.mockups,Balsamiq Wireframes for Jira Data Center,Balsamiq,226,30,4.04,2026-08-05,,7,"Balsamiq for Confluence Cloud | Wirefram (23); Balsamiq for Jira Cloud | Wireframes & p (24); Draw Wireframes, Mockup, Prototype & Dia (30); Draw UI Wireframes, Mockup, Prototype &  (13)"
de.communardo.plugin.stash-project-categories,Categories for Bitbucket,Elevatic,148,19,4.8,2026-03-26,,10,Multi Level & Tree Fields (25); Composition Tabs for Confluence (77); Clockwork Pro for Jira Time Tracking and (140); Smart Attachments for Jira (File & Docum (80)
com.resolution.atlasplugins.samlsso-bitbucket,SAML SSO Single Sign On for Bitbucket SSO OAuth + User Sync,resolution Reichert Network Solutions GmbH,188,12,4.69,2026-08-27,,11,Single Sign On SAML SSO for Jira (SSO SA (82); SAML/OAuth SSO for JSM Customers (19); Single Sign On (SSO) via OAuth and OpenI (53); Single Sign On (SSO) via OAuth/OpenID fo (74)
com.akelesconsulting.confluence.plugins.AttachmentChecker4CONF,Attachment Checker for Confluence,Akeles Consulting,140,13,5.0,2026-07-13,,9,Bulk Attachment Download (12); Cenote Lockpoint - Attachment Checkout (29); GoEdit - Simply edit attachments! (102); Smart Attachments for Jira (File & Docum (80)
net.utoolity.atlassian.bamboo.tasks-for-aws,Tasks for AWS (Bamboo),Utoolity,149,11,5.0,2026-09-01,,4,"draw.io Diagrams | UML, BPMN, AWS, ERD,  (1205); Task Hub for Jira (15); Task Reminder - Slack & Mail Notificatio (14); Easy Clone: Bulk Clone Issues, Epics & S (36)"
com.qotilabs.jira.rich-filters-time-tracking-dashboards,Rich Filters::Time Tracking Dashboards,Appfire,326,6,4.17,2026-07-08,Rich Filters for Jira Dashboards,6,"Table Filter, Charts & Spreadsheets for  (442); Filters Activity Stream (22); Quick Filters for Jira Dashboards (Chart (22); Smart Tables for Confluence (Table Filte (17)"
com.qotilabs.jira.rich-filters-service-desk-dashboards,Rich Filters::Service Management Dashboards,Appfire,362,2,5.0,2026-06-30,Rich Filters for Jira Dashboards,6,"Table Filter, Charts & Spreadsheets for  (442); Filters Activity Stream (22); Quick Filters for Jira Dashboards (Chart (22); Smart Tables for Confluence (Table Filte (17)"
ch.mibex.stash.templates,Repository Templates for Bitbucket,Elevatic,155,9,5.0,2026-02-24,,14,Templating.app🚀Project Templates & Issue (76); Issue Templates Pro - Description Templa (54); Space Templates & Content Templates for  (16); Easy Issue Templates for Jira (81)
net.artemissoftware.confluence.easyforms.EasyForms,Easy Forms for Confluence,Appfire,273,20,3.69,2026-09-17,,9,ConfiForms - Data Forms & Workflows for  (95); Dynamic Forms for Jira (58); Easy Issue Templates for Jira (81); Scaffolding Forms & Templates for Conflu (124)
proficient.developer.plugins.confluence.inline-comments-in-editor,Show Inline Comments in Editor,Actonic Labs,115,16,5.0,2026-02-17,,4,Comments Manager (12); Smart Comments for Jira (22); Comment Security Default (15); My ToDo Checklist - Fast Inline ToDo Lis (47)
confluence.extra.cipe,InPlace Editor for Confluence,Stiltsoft Europe OÜ,146,24,4.53,2025-10-15,,5,Source Editor for Confluence (25); Customfield Editor for Jira (29); Sketch Image Editor for Confluence (20); Spreadsheet Issue Field Editor (10)
com.lb.software.stash.smart.commit.lb-software-stash-smart-commit,Smart Commits for Bitbucket,DevOpsSystems GmbH,105,24,4.95,2026-03-11,,13,"Smart Checklists for Jira (132); Better Commit Policy for Jira (Git, Bitb (22); Smart Configuration: Documentation for J (46); Smart Comments for Jira (22)"
com.stiltsoft.confluence.smart-attachment-for-confluence,Smart Attachments for Confluence,Stiltsoft Europe OÜ,197,5,5.0,2026-09-24,Smart Attachments for Jira (File & Document Management),12,Smart Checklists for Jira (132); Bulk Attachment Download (12); Cenote Lockpoint - Attachment Checkout (29); Smart Configuration: Documentation for J (46)
com.capitalcityconsultants.jira.plugins.customfields.ccc-lastcomment,CCC Last Comment,Capital City Consultants,167,31,4.19,2026-03-22,,3,Comments Manager (12); Smart Comments for Jira (22); Comment Security Default (15)
com.nolddor.announcement-banner-for-bitbucket,Announcement Banner for Bitbucket,Sweet Bananas,154,7,5.0,2025-10-05,,3,Announcer for Jira (12); Feature Bundle – Self-Service Extension  (51); Message field (12)
com.shdsd.plugin.DSFineTimesheet,TimeWise-Timesheets with Plan and WorkLog for Jira,DragonSoft,123,11,5.0,2026-04-24,,11,Gantt Charts for Structure PPM - Jira Ro (61); Activity Timeline: Resource Capacity Pla (121); Time Squad | Roadmaps and Timelines for  (11); Hierarchy for Jira (Custom issue structu (15)
com.comalatech.checklists,Comala Lists,Appfire,215,8,4.38,2026-05-08,,5,Comala Document Management (175); Comala Publishing (40); Comala Document Control (24); Comala Canvas for Jira (25)
de.codescape.jira.plugins.scrum-poker,Scrum Poker for Jira,codescape - Stefan Glase,138,10,4.88,2025-12-12,,9,Planning Poker ® (134); Async Poker: Planning Poker & Estimation (45); SprintPoker – Planning Poker & Async Est (22); Scrumpy Planning Poker for Jira (22)
helpdesk.helpdesk-for-jira,HelpDesk for Jira (Customer Portal & SLA & OLA),Teamlead,114,17,4.85,2026-07-30,,6,"SAML/OAuth SSO for JSM Customers (19); AI for Confluence Cloud (44); Microsoft Teams for Jira & JSM (30); Page Tree Creator Pro (Blueprint, Templa (22)"
net.brokenbuild.subcomponents,Subcomponents for Jira,Broken Build,240,24,3.54,2026-07-14,Subcomponents: Component Hierarchy/Release Packages for Jira,2,"Octo - Component version, Subcomponents  (16); Software Configuration Management Toolki (22)"
net.seibertmedia.extranet.core,Space Privacy - Extranet for Confluence,Seibert,134,15,4.67,2026-09-21,,6,SubSpace Navigation for Confluence (63); Space Templates & Content Templates for  (16); Secure Fields - Data Security & Privacy  (30); Space Sync for Confluence (Copy & Publis (11)
com.reliex.plugins.email-notifications-digest,Email Digest: Management of Jira Emails Notifications,Reliex,86,54,4.84,2026-09-07,,5,Email This Issue (181); Notification Assistant for Jira - Email (57); mailto.wiki - Email for Confluence (11); Simple Reminder – Email Notifications (12)
net.seibertmedia.plugin.confluence.event-manager,Linchpin Events,Seibert,115,17,4.78,2026-09-14,,5,MANTRA Intranet | News Events Theme Mobi (100); Company Calendar for Jira (38); Calendar for Jira (59); Cosmos - Intranet for Confluence Cloud (78)
com.intenso.jira.plugins.password-policy,Advanced Password Policy for Jira,Deviniti,119,12,4.9,2026-03-11,,9,"Password for Confluence (17); Better Commit Policy for Jira (Git, Bitb (22); Advanced Portal Reports for Jira Service (48); Advanced Panelboxes for Confluence (12)"
com.izymes.organizr,Global Pull Request Organizr,Izymes Pty Ltd,166,10,4.5,2026-06-18,,2,Workzone: PullRequest Workflow (23); My Requests Extension for Jira Service M (34)
com.moveworkforward.bamboo.microsoft-teams-notifier,Microsoft Teams Connector for Bamboo,Move Work Forward,193,10,4.25,2026-01-14,Advanced Microsoft Teams Connector for Confluence,5,Microsoft 365 for Jira & JSM (Teams & Ou (195); Microsoft Teams for Jira & JSM (30); Power BI Connector for Jira (159); Connector for Salesforce & Jira (236)
jira.plugin.projectspecificselectfield.jpssf,Project Specific Select Field,Holger Schimanski,138,7,5.0,2025-10-18,,6,"Deep Clone for Jira (Copy Projects, Bulk (134); Projectrak (Project Portfolio Management (128); Delegated Project Creator for Jira (33); Elements Copy & Sync (clone issues, proj (57)"
com.tse.confluence.deactivateusers.plugin.confluence-deactivate-users-plugin,Manage Inactive Users for Confluence,ILA eSolution,156,7,4.82,2026-07-13,Manage Inactive Users for Confluence Cloud,5,User Management for Jira (bulk & timed i (25); Flexible User License - Auto User Manage (22); My User Manager for Jira (11); Flexible User License - Auto User Manage (17)
com.elitesoftsp.confluence.page.utility.plugins,Page Assistant,EliteSoft,106,12,5.0,2026-03-08,,8,Out Of Office Assistant (20); Copy Page Tree (67); Notification Assistant for Jira - Email (57); AutoPage (Creates pages in Confluence wi (15)
com.eis.jira.plugins.gadget.gadgetUtilitiesForJIRA.gadgetUtilitiesForJIRA,Gadget Utilities for Jira,Eisonesoft,126,11,4.77,2026-05-29,Gadget Utilities for Jira Cloud,7,"Countdown Gadget (11); Column Order Gadget (39); Universal Gadget for Jira (12); Great Gadgets: Agile Dashboard Charts, M (49)"
com.tse.jira.projectproperties.plugin.jira-project-properties-plugin,Project Properties for Jira,ILA eSolution,179,12,4.17,2026-01-12,Project Properties for Jira Cloud,6,"Properties - Templates, Metadata & Datab (17); Deep Clone for Jira (Copy Projects, Bulk (134); Projectrak (Project Portfolio Management (128); Delegated Project Creator for Jira (33)"
com.smateso.plugins.confluence.last-login,Last Login Monitoring for Confluence,EB Cloud Engineering,201,6,4.38,2026-01-16,,0,
com.accxia.sd.plugins.tailor.tailorman-sd-confirm,Doublecheck for Jira Service Management,Accxia-US,112,10,4.88,2026-01-29,,9,Extension for Jira Service Management (150); Chat for Jira Service Management (57); Actions for Jira Service Management (36); Advanced Portal Reports for Jira Service (48)
com.intenso.jira.plugins.condval.intenso-conditions-validator,Help (a.k.a. Conditions Validator),Deviniti,95,11,5.0,2026-08-18,,3,"Scroll Sites for Confluence (Help Center (111); Refined Sites for JSM (Theme ITSM, HR, H (55); ActionableAgile® Analytics: Kanban/ Agil (32)"
com.simplenia.stash.plugins.pages,Pages for Bitbucket Server,Appfire,136,8,4.69,2026-04-02,,7,"Copy Page Tree (67); AutoPage (Creates pages in Confluence wi (15); KARMA Page Builder for Confluence (Conte (164); Page Tree Creator Pro (Blueprint, Templa (22)"
com.shdsd.plugin.weChat-jira,WeCom (WeChat Work) for Jira,DragonSoft,105,8,5.0,2025-12-26,,4,ActionableAgile® Analytics: Kanban/ Agil (32); Optimizer for Jira (Health Checks & Clea (33); Date Reminder for Confluence (12); Personal Checklist For Jira Cloud (Free) (14)
ch.mibex.stash.cra,Code Review Assistant for Bitbucket,Elevatic,153,14,4.11,2026-09-18,,9,"Out Of Office Assistant (20); Sprint Review for Jira (21); Notification Assistant for Jira - Email (57); Just Add+ Embed Markdown, Diagrams, & Co (50)"
com.allenta.jira.plugins.gitlab.gitlab-listener,GitLab Connector for Jira,votazz,164,11,4.09,2026-06-29,,13,GitLab Integration for Jira Two-Way Sync (24); Power BI Connector for Jira (159); Connector for Salesforce & Jira (236); Slack Integration+ for Jira (77)
com.miniorange.sso.saml.bitbucket-sso,Single Sign-On SAML SSO for Bitbucket SSO SAML+User Sync,miniOrange,74,16,5.0,2026-09-16,Single Sign On SAML SSO for Jira (SSO SAML) + User Sync/SCIM,3,eSign Signatures for Jira (10); Approvals for Confluence (Page Review &  (21); Group Sign-Off: parallel Multi-Approvals (41)
com.langhornweb.confluence.app.confluenceuserexport,User Export for Confluence,Aety admin apps,318,2,3.75,2026-01-22,User/Group Export & License Optimizer for Jira,10,Scroll PDF Exporter for Confluence (228); Scroll Word Exporter for Confluence (136); Markdown Exporter for Confluence (22); Better Excel Exporter for Jira (254)
org.swift.confluence.script,Scripting for Confluence,Appfire,143,4,5.0,2026-07-06,,4,ScriptRunner for Jira (826); ScriptRunner for Confluence (57); Power Scripts - Jira Workflow Automation (302); JavaScript Charts for Jira Cloud (32)
ch.mibex.stash.rss4stash,Activity Streams for Bitbucket,Elevatic,145,9,4.31,2025-10-21,,2,Filters Activity Stream (22); Activity Timeline: Resource Capacity Pla (121)
com.dortiz.jira.plugin.shared.SharedManager,Filter & Dashboard Manager for Jira,votazz,89,13,4.81,2026-05-21,,15,"Rich Filters for Jira Dashboards (185); Quick Filters for Jira Dashboards (Chart (22); Multiple Filters Chart Gadgets (for Dash (33); Table Filter, Charts & Spreadsheets for  (442)"
org.swift.jira.cw,Update on Transition for Jira,Appfire,129,7,4.64,2026-08-21,,6,STM Issue Templates (auto & manual creat (21); Create on Transition for Jira (49); Undo Transition (16); Slack for Confluence (Chat Notifications (11)
com.jsoft.jira.plugins.jira-slack,Slack Connector for Jira by Jsoft,J Soft,138,30,3.75,2026-04-15,Slack Connector for Confluence Cloud,13,Slack Integration+ for Jira (77); Slack Integration for Jira (17); Power BI Connector for Jira (159); Connector for Salesforce & Jira (236)
ru.andreymarkelov.atlas.plugins.prom-bitbucket-exporter,Prometheus Exporter PRO for Bitbucket,Appfire,135,4,5.0,2026-08-11,,9,Scroll PDF Exporter for Confluence (228); Scroll Word Exporter for Confluence (136); Markdown Exporter for Confluence (22); Better Excel Exporter for Jira (254)
com.rauliki.kanbancombinedWIP.KanbanCombinedWIP,Kanban Combined WIP for Jira,Sngular,120,16,4.22,2025-10-09,Kanban Combined WIP for Jira Cloud,6,"Advanced Kanban & Agile Boards: SAFe & W (17); ActionableAgile® Analytics: Kanban/ Agil (32); Kanban Analytics: Improve Your Delivery  (33); Portfolio Roadmaps, Kanban & Timeline St (30)"
net.veniture.confluence.email-this-page,Email this Page,DC Factory,127,11,4.32,2026-05-28,,11,Email This Issue (181); Notification Assistant for Jira - Email (57); mailto.wiki - Email for Confluence (11); Copy Page Tree (67)
ch.bitvoodoo.confluence.plugins.blogpost-templates,Templates for Blog Posts for Confluence,Elevatic,106,6,5.0,2025-09-02,,15,Scroll Sites for Confluence (Help Center (111); Templating.app🚀Project Templates & Issue (76); Issue Templates Pro - Description Templa (54); Lively Blogs - Dynamic News and Feeds fo (15)
net.getunik.confluence.skin.core,Enterprise Theme for Confluence,Elevatic,143,16,3.91,2026-06-19,,12,BPMN Modeler Enterprise (25); Checklists for Jira (Enterprise) by Hero (143); Theme Extension for Jira Service Managem (26); Xray Enterprise - Test Management for Ji (13)
com.prontop.service-desk-landingpage,Ultimate Customizer for Jira Service Management,aety aps,160,11,3.86,2026-06-30,,14,Extension for Jira Service Management (150); Awesome Custom Fields – Custom Fields fo (27); Actions for Jira Service Management (36); Advanced Portal Reports for Jira Service (48)
com.plugenta.jiraauditor,Auditor for Jira,"Enhancera, LLC",160,8,4.06,2026-03-26,,3,Revyz Command Center for Jira (Backup Co (19); AURA Workflow & Approval for Confluence  (33); Issue History for Jira (Work Item Histor (95)
no.kantega.kerberosauth.kerberosauth-plugin.stash,K-SSO SAML SSO OAuth Kerberos User Management for Bitbucket,Kantega SSO,91,7,5.0,2026-09-18,,18,Backbone Work Sync for Jira (Two Way Iss (72); Jira Misc Workflow Extensions (JMWE) (534); Timesheets by Tempo - Jira Time Tracking (898); Checklists for Jira (Pro) by HeroCoders (264)
net.veniture.confluence.doublicate_pagetitles,Duplicate Page Titles (Same Page Titles),DC Factory,147,3,5.0,2026-02-02,,8,"Find Duplicates: Detect Similar Issues,  (48); Duplicate: Bulk Clone Issues & Epics in  (10); Copy Page Tree (67); AutoPage (Creates pages in Confluence wi (15)"
com.shineatlas.confluence.headingpro.easy-heading-pro,Easy Heading Navigation (Floating Table of Contents),Shinetech Software,179,2,5.0,2026-05-16,Easy Heading Macro (Floating Table of Contents),8,Easy Numbered Headings (12); Numbered Headings (114); Navigation Menus for Confluence (quick & (17); Navitabs - Navigation Macros for Conflue (45)
com.porzelt.confluence.darktheme.DarkThemeForConfluence,DarkTheme for Confluence,Maximilian Porzelt,160,5,4.25,2026-04-11,,0,
com.pitronote.jira.select2,select2,Pitronote,92,13,4.52,2026-03-20,,4,Awesome Custom Fields – Custom Fields fo (27); Visibility for Confluence (33); Fields - Custom Fields for Jira (48); Document Vault - Secure Attachments in J (12)
com.alphaserve.confluence.authplugin,2FA for Confluence (U2F & TOTP),Tempo Software,84,12,4.69,2026-02-27,,0,
org.swift.confluence.visio,Visio for Confluence,Appfire,219,9,3.06,2026-05-12,,4,"SCIM Provisioning, User Sync & Group Syn (10); draw.io Diagrams | UML, BPMN, AWS, ERD,  (1205); GoEdit - Simply edit attachments! (102); Draw Wireframes, Mockup, Prototype & Dia (30)"
de.resolution.apitokenauth.confluence,API Token Authentication for Confluence expand user security,resolution Reichert Network Solutions GmbH,136,3,5.0,2026-08-27,,6,Enhanced API Authentication for Jira wit (15); Open API (Swagger) Integration (31); Visualize OpenAPI (Swagger) documentatio (21); External Data for Jira Fields (Connect R (86)
nl.stefankohler.stash.stash-notification-plugin,Notifyr - Notifications for Bitbucket,ASK Software,140,13,3.75,2026-06-25,,12,Notification Assistant for Jira - Email (57); Inbox for Jira (smart notifications) (21); Advanced Microsoft Teams Connector for J (43); Reminders for Jira (20)
net.veniture.jira.vIssueLayout,IssueLayout - Change the issue design,DC Factory,94,8,4.69,2026-08-12,,0,
com.simplenia.confluence.plugins.spacetree,Spacetree for Confluence,Appfire,96,5,5.0,2026-07-17,,0,
com.keplerrominfo.jira.plugins.blitz-actions,Power Actions - Custom Forms and Wizards,Appfire,94,9,4.58,2026-09-10,,9,Actions for Jira Service Management (36); Power BI Connector for Jira (159); Power BI Connector - Connect Power BI an (59); ActionableAgile® Analytics: Kanban/ Agil (32)
com.alphaserve.authplugin,2FA for Jira (U2F & TOTP),Tempo Software,83,12,4.58,2026-07-07,,0,
com.coresoftlabs.jira.workflow-powerbox,Workflow PowerBox - automation suite,Almarise,94,5,5.0,2026-09-17,,12,SLA PowerBox - On Time Service Delivery (33); Jira Workflow Toolbox (540); Jira Misc Workflow Extensions (JMWE) (534); JSU Automation Suite for Jira Workflows (298)
com.comalatech.remotepublishing,Comala Remote Publishing,Appfire,106,4,5.0,2026-05-12,,7,Comala Publishing (40); Comala Document Management (175); AURA Workflow & Approval for Confluence  (33); Comala Document Control (24)
com.osoboo.jira-metadata-plugin,Metadata for Jira,evolu software GmbH,90,19,4.21,2026-04-09,,4,"Metadata for Confluence (18); Metadata for Confluence Cloud (12); Properties - Templates, Metadata & Datab (17); Documents for Jira (23)"
cr.tin.ActiveUserFilter.active-user-filter,Active User Filter,Modus Create Labs,88,17,4.26,2025-08-18,,8,"Filters Activity Stream (22); Rich Filters for Jira Dashboards (185); Activity Timeline: Resource Capacity Pla (121); Table Filter, Charts & Spreadsheets for  (442)"
info.renjithv.jira.plugins.bulkmove.bulkmove-subtasks-jira-plugin,Sub-tasks Manager for Jira,votazz,126,11,3.86,2026-08-25,,6,"SubSpace Navigation for Confluence (63); Easy Clone: Bulk Clone Issues, Epics & S (36); Octo - Component version, Subcomponents  (16); Issue Matrix for Jira (42)"
net.gisnas.jira.mailqueue,Mail Queue Monitor for Jira,Rocktronic,93,6,4.79,2026-01-20,,3,Queues for Jira & JSM (47); Enterprise Mail Handler for Jira Cloud ( (90); Task Reminder - Slack & Mail Notificatio (14)
ru.teamlead.jira.plugins.subscriptions-for-jira,Subscriptions for Jira (Filters Manager),Teamlead,74,18,4.44,2026-05-07,,3,Easy Calendar Integration for Jira (Sync (17); Feature Bundle – Self-Service Extension  (51); Interlingo - Translator for Confluence (10)
com.threadq.fh.field_hide,Field Hide for Jira,ThreadQ,69,14,4.64,2026-09-10,,10,Fields - Custom Fields for Jira (48); Awesome Custom Fields – Custom Fields fo (27); Jira Misc Custom Fields (JMCF) (92); Message field (12)
ca.nuum.gaia,Gaia for Jira - Project Template Manager,Appfire,77,13,4.52,2026-07-30,,7,Reporting for Confluence (100); Simple Timesheet & Worklog Dashboard Gad (11); Excel-like Bulk Issue Editor for Jira (S (28); Polls for Confluence (35)
de.resolution.user-deactivator.confluence,User Management - License & User Deactivator for Confluence,resolution Reichert Network Solutions GmbH,144,2,5.0,2026-09-09,User Management and License Optimizer for Jira & Confluence,6,User Management for Jira (bulk & timed i (25); Flexible User License - Auto User Manage (22); My User Manager for Jira (11); Flexible User License - Auto User Manage (17)
systems.npe.jira.cfu,Custom Field Toolbox for Jira,Rocktronic,129,5,4.25,2026-05-29,,7,Awesome Custom Fields – Custom Fields fo (27); Jira Workflow Toolbox (540); Jira Misc Custom Fields (JMCF) (92); Fields - Custom Fields for Jira (48)
com.ja.jira.plugin.report.riskmanagement,Risk Management for Jira,jPlugs,146,5,4.0,2025-09-15,,7,"SoftComply Risk Manager for Basic Produc (14); SoftComply Risk Manager Plus for Advance (10); Risk Register, Risk Management for Jira  (17); Risk Register (48)"
net.seibertmedia.plugin.confluence.microblog,Microblogging for Confluence,Seibert,57,23,4.67,2026-09-17,,0,
org.swift.confluence.macrosecurity,Macro Security for Confluence,Appfire,196,1,5.0,2026-05-07,,14,Refined Macro Toolkit (Content Formattin (35); HTML Macro for Confluence (31); Secure Fields - Data Security & Privacy  (30); Security & Encryption for Confluence (47)
com.adaptavist.confluence.themes.sitebuilder,ThemeBuilder for Confluence,Kolekti (part of The Adaptavist Group),76,20,4.31,2026-08-26,,0,
de.scandio.confluence.plugins.lively-theme,Lively Theme - Lightweight Intranet for Confluence,Lively Apps,75,6,5.0,2026-08-28,,5,"Lively Blogs - Dynamic News and Feeds fo (15); Theme Extension for Jira Service Managem (26); MANTRA Intranet | News Events Theme Mobi (100); Refined Sites for JSM (Theme ITSM, HR, H (55)"
com.intenso.jira.plugins.jira-approvals,Approvals – Advanced Issue Acceptance,Deviniti,156,15,3.08,2025-10-16,,7,Workflows for Confluence (Document Manag (25); Approval Path for Jira (26); Approvals for Confluence (Page Review &  (21); Group Sign-Off: parallel Multi-Approvals (41)
net.kentcom.live-input-macros,Live Input Macros,KC Integrations,112,14,3.77,2026-06-12,,12,Refined Macro Toolkit (Content Formattin (35); HTML Macro for Confluence (31); Lively Blogs - Dynamic News and Feeds fo (15); Navitabs - Navigation Macros for Conflue (45)
com.tngtech.confluence.plugin.fonts,Webfonts for Confluence,TNG Technology Consulting GmbH,189,1,5.0,2026-09-10,,0,
net.customware.confluence.plugin.googledrive,Connector for Google Drive & Confluence,Appfire,86,20,4.0,2026-06-22,,15,Google Drive Connector for Jira Automati (14); Google Drive Connector in Confluence (51); Google Drive Connector for Confluence (14); Google Drive & Docs for Confluence (53)
net.savignano.s-notify.jira.gui,S/Notify Email Encryption for Jira,savignano software solutions,71,6,5.0,2025-09-23,,5,Email This Issue (181); Notification Assistant for Jira - Email (57); mailto.wiki - Email for Confluence (11); Simple Reminder – Email Notifications (12)
com.hivestone.confluence.plugins.findreplace,Find and Replace Utility,Hivestone,92,7,4.46,2026-01-01,,1,"Find Duplicates: Detect Similar Issues,  (48)"
pl.com.tt.apdc.vacation-manager,Vacation Manager for Jira,Transition Technologies PSC,96,11,4.09,2026-03-26,,14,Xray - Test Management for Jira (553); Zephyr - Test Management and Automation  (492); Comala Document Management (175); Asset Management for Jira (IT Assets & L (67)
de.syracom.jira.plugins.securelogin,Secure Login (2FA) for Jira,syracom AG,83,12,4.27,2026-09-10,,5,Secure Fields - Data Security & Privacy  (30); Security & Encryption for Confluence (47); Comment Security Default (15); Security for Confluence PII & Secret Sca (15)
biz.everit.jira.license-optimizer,License Optimizer for Jira,EverIT by catworkx,76,5,5.0,2026-02-18,,7,"User/Group Export & License Optimizer fo (18); IT Assets, License - Asset Management fo (71); Asset Management for Jira (IT Assets & L (67); Flexible User License - Auto User Manage (22)"
mraddon.newstatuscolorspro.newstatuscolorspro,New Status Colors PRO for Jira,Sngular,155,4,3.75,2025-10-09,New Status Colors PRO for Jira Cloud,13,Time in Status (208); Status Time Reports Free - Time in Statu (58); Status Time Reports - Time in Status (53); News Teaser for Confluence (13)
net.seibertmedia.confluence.linchpin-essentials,"Linchpin Essentials | Theme, User Profiles, Menu, Intranet",Seibert,101,3,5.0,2026-09-14,,9,GO! JQL: Essential JQL Functions (10); News Teaser for Confluence (13); Projectrak (Project Portfolio Management (128); Viewtracker - Analytics for Confluence (62)
com.shdsd.plugin.attachmentListener,Page and Attachment Security Enhancer for Confluence,DragonSoft,57,8,5.0,2026-03-24,,11,Document Vault - Secure Attachments in J (12); Bulk Attachment Download (12); Copy Page Tree (67); Secure Fields - Data Security & Privacy  (30)
org.swift.jira.acli,Run CLI Actions in Jira,Appfire,123,7,3.75,2026-08-10,,4,Jira Command Line Interface (CLI) (32); Confluence Command Line Interface (CLI) (31); Actions for Jira Service Management (36); ActionableAgile® Analytics: Kanban/ Agil (32)
net.kentcom.confluence-blog-tools,"Blog, Page and Template Tools",KC Integrations,66,7,4.82,2026-01-12,,14,"Page Tree Creator Pro (Blueprint, Templa (22); Scroll Sites for Confluence (Help Center (111); Templating.app🚀Project Templates & Issue (76); Issue Templates Pro - Description Templa (54)"
de.smartics.atlassian.confluence.smartics-projectdoc-confluence,projectdoc Toolbox for Confluence,smartics,54,8,5.0,2026-09-04,,3,Jira Workflow Toolbox (540); HTML Macro for Confluence (31); Project Role Tab for Jira (20)
tableau-plugin,Tableau for Confluence - Pro,Modus  Create,63,10,4.62,2026-09-08,Tableau for Confluence,7,"Tableau Connector for Jira (12); Tableau Connector Pro for Jira (45); Mosaic: Content Formatting Macros, Tabs  (113); Multiple Filters Chart Gadgets (for Dash (33)"
com.devoog.jira.plugin.encrypted,Encryption for Jira,The Adaptavist Group,53,8,5.0,2026-04-20,,4,"Security & Encryption for Confluence (47); Backbone Work Sync for Jira (Two Way Iss (72); Password for Confluence (17); PlantUML Diagrams for Confluence I UML,  (50)"
com.abdhiware.releasedog,Release Manager - Intuitive Release Management for Jira,votazz,92,12,3.85,2026-02-11,,7,"Release Management: Workflows, Calendar  (44); Released Hub – AI Release Notes, Roadmap (39); Swanly: Portfolio Roadmaps Structure Gan (61); (AI powered) Automated Release Notes & R (48)"
pl.craftware.jira.download-attachments-plugin,Download Attachments,Addonrock Sp. z o.o.,136,4,3.75,2025-10-02,,8,Bulk Attachment Download (12); Cenote Lockpoint - Attachment Checkout (29); GoEdit - Simply edit attachments! (102); Smart Attachments for Jira (File & Docum (80)
com.prcpo.confluence.plugins.secure-content-block,Secure Content for Confluence,Appfire,97,9,3.89,2026-04-28,,11,Scroll Content Manager for Confluence (37); Secure Fields - Data Security & Privacy  (30); Security & Encryption for Confluence (47); Custom Content for Jira (22)
es.excentia.jira.plugins.jira-issue-picker-custom-field-type-plugin,Issue Picker Custom Field Type for Jira,excentia,122,7,3.57,2026-09-21,Issue Picker Custom Field for Jira Cloud,8,Issue Picker for Jira (13); Hierarchy for Jira (Custom issue structu (15); Awesome Custom Fields – Custom Fields fo (27); Email This Issue (181)
ch.bitvoodoo.confluence.plugins.homepageredirect,Redirect for Confluence,Elevatic,87,3,5.0,2025-09-02,,4,"Dashboard Hub for Confluence (Reports, D (10); Connector for Salesforce & Jira (236); PlantUML Diagrams for Confluence I UML,  (50); Single Sign On SAML SSO for Jira (SSO SA (82)"
de.edrup.confluence.plugins.simple-checkout,Simple Checkout,Purde Software,86,3,5.0,2026-03-13,,6,Cenote Lockpoint - Attachment Checkout (29); Checkout - Procurement for Jira Service  (12); Simple Tasklists (17); Simple Timesheet & Worklog Dashboard Gad (11)
cloud.bdq.jsdattachmentemailer,Easy Email Attachments for Service Desk,BDQ,72,4,5.0,2026-01-20,,10,"Email This Issue (181); PDF Exporter, Word Exporter, Email & Att (30); Bulk Attachment Download (12); Notification Assistant for Jira - Email (57)"
de.xalt.confluence.plugins.advanced-gallery-macro,Advanced Image Gallery & Slider for Confluence,XALT Business Consulting GmbH,56,7,4.82,2026-07-27,,8,Image Slider for Confluence (30); Scroll ImageMap for Confluence (12); Sketch Image Editor for Confluence (20); Advanced Portal Reports for Jira Service (48)
com.intenso.confluence.plugins.confluence-password-policy,Enterprise Password Policy for Confluence,Deviniti,64,11,4.32,2025-12-29,,10,"Password for Confluence (17); Better Commit Policy for Jira (Git, Bitb (22); BPMN Modeler Enterprise (25); Checklists for Jira (Enterprise) by Hero (143)"
com.wittified.delegated-group-management-in-jira,Delegated Group Management in Jira,Appfire,76,7,4.29,2026-07-29,,12,Delegated Project Creator for Jira (33); Group Sign-Off: parallel Multi-Approvals (41); User/Group Export & License Optimizer fo (18); Xray - Test Management for Jira (553)
com.shdsd.confluence.plugin.weChat-CF,WeCom (WeChat Work) for Confluence,DragonSoft,48,7,5.0,2025-04-24,,4,ActionableAgile® Analytics: Kanban/ Agil (32); Optimizer for Jira (Health Checks & Clea (33); Date Reminder for Confluence (12); Personal Checklist For Jira Cloud (Free) (14)
de.kupper.it.atlassian.confluence.macro.usage,Macro usage,Kupper Software,97,2,5.0,2026-02-02,,11,Refined Macro Toolkit (Content Formattin (35); HTML Macro for Confluence (31); Navitabs - Navigation Macros for Conflue (45); GitHub Macros for Confluence (10)
com.stonikbyte.jira.plugins.project-team-plugin,Project Team for Jira Data Center,StonikByte,49,11,4.66,2025-09-23,Project Team for Jira Cloud,13,"My Calendar - Plan Across Projects & Tea (255); Microsoft Teams for Jira & JSM (30); Advanced Microsoft Teams Connector for J (43); Deep Clone for Jira (Copy Projects, Bulk (134)"
de.syracom.confluence.plugins.securelogin,Secure Login (2FA) for Confluence,syracom AG,72,8,4.22,2026-09-10,,5,Secure Fields - Data Security & Privacy  (30); Security & Encryption for Confluence (47); Comment Security Default (15); Security for Confluence PII & Secret Sca (15)
net.gcore.plugins.fieldtemplates,Field Templates for Jira,Globo Solutions,93,2,5.0,2026-02-10,,16,"Issue Templates Agent (fields, structure (49); Templating.app🚀Project Templates & Issue (76); Issue Templates Pro - Description Templa (54); Fields - Custom Fields for Jira (48)"
org.swift.stash.cli,Bitbucket Command Line Interface (CLI),Appfire,90,3,4.58,2026-08-05,Atlassian Command Line Interface (CLI),2,Revyz Command Center for Jira (Backup Co (19); Gantt Chart Planner for Confluence (Road (15)
jira-ukrainian-language-pack.biz.softlist.jira.lp,Ukrainian Language Pack for Jira,Softlist Sp. z o.o.,72,3,5.0,2026-02-04,,5,Service Pack for Agents (28); Lango AI Translator: Language & translat (33); Chinese (China) Language Patch for Jira (11); Translations for Confluence (35)
com.acidoranges.jira.dndpf.dndpostfunction,DnD Workflow Tools,Sevidev,52,5,5.0,2026-05-12,,10,Jira Workflow Toolbox (540); Jira Misc Workflow Extensions (JMWE) (534); JSU Automation Suite for Jira Workflows (298); Workflow Enhancer for Jira (43)
com.miniorange.sso.saml.bamboo-sso,"Single Sign On SAML SSO for Bamboo (SSO SAML), SSO login",miniOrange,40,8,5.0,2026-08-11,Single Sign On SAML SSO for Jira (SSO SAML) + User Sync/SCIM,3,eSign Signatures for Jira (10); Approvals for Confluence (Page Review &  (21); Group Sign-Off: parallel Multi-Approvals (41)
avono-read-confirmation-plugin,avono Read Confirmations for Confluence,avono AG,81,7,3.93,2025-08-29,,3,QC Read and Understood for Confluence (15); Advanced Panelboxes for Confluence (12); Xray Enterprise - Test Management for Ji (13)
de.actonic.confluence.fus,Fast User Switcher (FUS) for Confluence,Actonic Labs,45,6,5.0,2026-02-17,,9,My ToDo Checklist - Fast Inline ToDo Lis (47); User Management for Jira (bulk & timed i (25); Flexible User License - Auto User Manage (22); Flexible User License - Auto User Manage (17)
com.ja.jira.plugin.ttb,Time Tracking And Billing Reporting,jPlugs,78,13,3.56,2025-11-16,,13,"Timesheets by Tempo - Jira Time Tracking (898); Worklogs - Time Tracking, Time Reports,  (101); Clockwork Pro for Jira Time Tracking and (140); Clockwork Lite Time Tracker - Time Track (112)"
com.akelesconsulting.jira.plugins.dFolder,Dashboard Folders for Jira,Akeles Consulting,43,8,4.84,2026-03-12,,14,"Rich Filters for Jira Dashboards (185); eazyBI for Jira Reports, Charts, and Das (227); Dashboard Hub for Confluence (Reports, D (10); Custom Charts for Jira -Reports, Dashboa (139)"
biz.everit.jira.issue-score,Issue Score for Jira,EverIT by catworkx,87,8,3.59,2026-02-18,,11,Priority Scoring Calculator (36); Email This Issue (181); Issue History for Jira (Work Item Histor (95); Issue Matrix for Jira (42)
com.wombatscorp.confluence-tokens,API Tokens for Confluence,Wombats Corp,49,5,5.0,2026-06-20,,6,Open API (Swagger) Integration (31); Enhanced API Authentication for Jira wit (15); Visualize OpenAPI (Swagger) documentatio (21); External Data for Jira Fields (Connect R (86)
com.resolution.atlasplugins.samlsso-bamboo,SAML SSO Single Sign On for Bamboo SSO OAuth + User Sync,resolution Reichert Network Solutions GmbH,65,3,5.0,2026-08-27,,11,Single Sign On SAML SSO for Jira (SSO SA (82); SAML/OAuth SSO for JSM Customers (19); Single Sign On (SSO) via OAuth and OpenI (53); Single Sign On (SSO) via OAuth/OpenID fo (74)
net.gsolution.plugins.jira-telegram-connector,Telegram Connector for Jira,Globo Solutions,322,0,0,2026-07-13,,14,Telegram to Jira Connector (18); Power BI Connector for Jira (159); Connector for Salesforce & Jira (236); Slack Integration+ for Jira (77)
com.wombatscorp.jira-group-rename,Rename Group in Jira,Wombats Corp,48,5,5.0,2026-07-11,,4,"User/Group Export & License Optimizer fo (18); Group Sign-Off: parallel Multi-Approvals (41); SCIM Provisioning, User Sync & Group Syn (10); AURA Table Filter for Confluence (Views  (56)"
com.tse.jira.issueproperties.plugin.jira-issue-properties-plugin,Issue Properties for Jira,ILA eSolution,37,8,5.0,2026-01-12,Issue Properties for Jira Cloud,8,"Properties - Templates, Metadata & Datab (17); Email This Issue (181); Issue History for Jira (Work Item Histor (95); Issue Matrix for Jira (42)"
com.tse.confluence.purgepageversions.plugin.confluence-purge-pageversions-plugin,Purge Versions for Confluence,ILA eSolution,56,9,4.31,2026-01-15,,3,"Version Manager Pro - Simplify Project V (10); Version & Component Sync for Jira (54); Octo - Component version, Subcomponents  (16)"
com.obss.plugin.fieldSync,Field Sync,OBSS,56,9,4.31,2026-09-23,,15,Backbone Work Sync for Jira (Two Way Iss (72); Fields - Custom Fields for Jira (48); Awesome Custom Fields – Custom Fields fo (27); Jira Misc Custom Fields (JMCF) (92)
com.arijea.plugins.betterblogs,Better Blogs for Confluence,GLiNTECH - a Valiantys company,54,4,5.0,2026-06-20,Better Blogs for Confluence Cloud,9,Better Excel Exporter for Jira (254); Better PDF Exporter for Jira (467); Scroll Sites for Confluence (Help Center (111); Better Content Archiving and Analytics f (155)
com.cprime.jira.plugins.safe-translator,SAFe EPIC to Feature Translator for Jira,Appfire,51,11,4.32,2026-07-30,,12,"Deep Clone for Jira (Copy Projects, Bulk (134); Feature Bundle – Self-Service Extension  (51); Elements Copy & Sync (clone issues, proj (57); Agile Hive | SAFe Structure ART PI Plann (37)"
systems.npe.jira.prjorg,Project Groups for Jira,Rocktronic,47,5,5.0,2026-01-19,,9,"User/Group Export & License Optimizer fo (18); Group Sign-Off: parallel Multi-Approvals (41); Deep Clone for Jira (Copy Projects, Bulk (134); Projectrak (Project Portfolio Management (128)"
com.shdsd.plugin.organizationPro,OrgWise-Organization and Report for Jira,DragonSoft,32,10,5.0,2026-08-13,,0,
com.ja.jira.plugin.searchrequest,Show Saved Filter with Columns for Jira,jPlugs,69,8,3.91,2025-11-17,,7,"Rich Filters for Jira Dashboards (185); Table Filter, Charts & Spreadsheets for  (442); Filters Activity Stream (22); Quick Filters for Jira Dashboards (Chart (22)"
com.glintech.jira.plugins.compactcards,Compact Cards for Jira,GLiNTECH - a Valiantys company,60,6,4.38,2026-03-26,,6,"Agile Cards - Print Issues from Jira (70); Miro Cards for Jira (10); AURA Content Formatting Macros Tabs LaTe (212); Handy Macros for Confluence (Status, Dro (49)"
de.edrup.confluence.plugins.attachment-boxes,Attachment Boxes,Purde Software,76,2,5.0,2026-08-26,,11,Box for Confluence (10); Bulk Attachment Download (12); Cenote Lockpoint - Attachment Checkout (29); GoEdit - Simply edit attachments! (102)
de.codescape.jira.plugins.multiple-subtasks,Multiple Subtasks for Jira,codescape - Stefan Glase,102,1,5.0,2026-04-04,,4,Multiple Checklists for Jira (29); Multiple Filters Chart Gadgets (for Dash (33); Kepler - Attachment Fields | Simple & Mu (17); Templating.app🚀Project Templates & Issue (76)
com.intenso.jira.plugins.cfr.electronic-signature,Electronic Signature for Jira,Deviniti,51,7,4.46,2025-10-28,,3,Electronic Signatures (23); eSign Signatures for Jira (10); Contract Signatures for Confluence (10)
org.swift.confluence.acli,Run CLI Actions in Confluence,Appfire,88,4,3.75,2026-08-10,,4,Jira Command Line Interface (CLI) (32); Confluence Command Line Interface (CLI) (31); Actions for Jira Service Management (36); ActionableAgile® Analytics: Kanban/ Agil (32)
com.miniorange.oauth.bitbucket-oauth,mO OAuth/OpenID Connect (OIDC) for Bitbucket SSO,miniOrange,31,9,5.0,2026-07-21,,10,Single Sign On (SSO) via OAuth and OpenI (53); SAML/OAuth SSO for JSM Customers (19); Single Sign On (SSO) via OAuth/OpenID fo (74); Enhanced API Authentication for Jira wit (15)
com.tse.confluence.purgerecyclebin.plugin.confluence-purge-recyclebin-plugin,Auto Purge Trash,ILA eSolution,48,4,5.0,2026-01-14,,7,Time Off Management & Auto Assignment (15); AutoPage (Creates pages in Confluence wi (15); Flexible User License - Auto User Manage (22); Flexible User License - Auto User Manage (17)
io.innovura.plugins.colortransitions.color-workflow-actions,Color Workflow,Futurate,56,5,4.5,2026-03-05,,11,Jira Workflow Toolbox (540); Colored Label Manager - Smart Labels and (46); Jira Misc Workflow Extensions (JMWE) (534); JSU Automation Suite for Jira Workflows (298)
info.renjithv.jira.plugins.emaileditor.emaileditor-jira-plugin,Mail Template Editor for Jira,Rocktronic,93,17,2.65,2025-03-06,,12,Source Editor for Confluence (25); Templating.app🚀Project Templates & Issue (76); Enterprise Mail Handler for Jira Cloud ( (90); Issue Templates Pro - Description Templa (54)
com.shdsd.plugin.dingding-jira,DingTalk for Jira,DragonSoft,53,6,4.38,2025-12-26,,0,
no.kantega.kerberosauth.kerberosauth-plugin.bamboo,K-SSO SAML SSO OAuth Kerberos User Management for Bamboo,Kantega SSO,33,7,5.0,2026-09-18,,18,Backbone Work Sync for Jira (Two Way Iss (72); Jira Misc Workflow Extensions (JMWE) (534); Timesheets by Tempo - Jira Time Tracking (898); Checklists for Jira (Pro) by HeroCoders (264)
com.wittified.jira.delegated-admin,Delegated Project Admin Pro for Jira,Appfire,45,4,5.0,2026-08-06,Delegated Project Creator for Jira,5,"Deep Clone for Jira (Copy Projects, Bulk (134); Projectrak (Project Portfolio Management (128); Elements Copy & Sync (clone issues, proj (57); Project Role Tab for Jira (20)"
de.resolution.usersync.confluence,"User Sync: SCIM Provisioning, Group Sync for Confluence",resolution Reichert Network Solutions GmbH,35,6,5.0,2026-08-27,,11,"User Profiles for Jira (Microsoft Attrib (26); User Profiles for Confluence (Microsoft  (31); SCIM Provisioning, User Sync & Group Syn (10); Backbone Work Sync for Jira (Two Way Iss (72)"
com.redmoon.jira.secure-admin,Secure Admin - Share admin access safely and securely,Redmoon Software Ltd,35,6,5.0,2026-02-25,,5,Secure Fields - Data Security & Privacy  (30); Security & Encryption for Confluence (47); Comment Security Default (15); Security for Confluence PII & Secret Sca (15)
com.jirasudo.jira-sudo,Sudo for Jira,David Erickson,52,4,4.69,2026-03-16,,1,SprintRetro Pro – Retrospective & Metric (15)
com.miniorange.usermanagement.confluence-user-management,User Management for Confluence & Auto-deactivation,miniOrange,43,4,5.0,2026-05-27,User Management for Jira & Auto-deactivation (inactive user),8,Flexible User License - Auto User Manage (22); Flexible User License - Auto User Manage (17); User Management for Jira (bulk & timed i (25); Time Off Management & Auto Assignment (15)
com.akelesconsulting.jira.plugins.CannedSearchGadget,Canned Search Gadget,Akeles Consulting,43,4,5.0,2026-03-03,Canned Search for Confluence,8,Canned Responses Pro Templates for Jira (108); JQL Search Extensions for Jira (51); Countdown Gadget (11); Column Order Gadget (39)
com.kostebekteknoloji.plugins.jira.jira-bulk-operation-exhancer,Bulk Operation Enhancer for Jira,Köstebek Teknoloji,59,2,5.0,2026-04-04,,9,"Workflow Enhancer for Jira (43); Enhancer Plugin for Jira (70); Bulk Attachment Download (12); Deep Clone for Jira (Copy Projects, Bulk (134)"
com.nh.jira.UserAvatar,User Avatar,Pitronote,30,11,4.66,2023-10-10,,10,User Management for Jira (bulk & timed i (25); Flexible User License - Auto User Manage (22); Flexible User License - Auto User Manage (17); User Profiles for Jira (Microsoft Attrib (26)
ch.bitvoodoo.confluence.plugins.contentscheduler,Content Scheduler for Confluence,Elevatic,33,8,4.69,2025-10-22,,12,The Scheduler (68); Scroll Content Manager for Confluence (37); Custom Content for Jira (22); Better Content Archiving and Analytics f (155)
com.ila.esolution.jira.jenkinsutils.plugin.jira-jenkins-utils-plugin,Jenkins DevOps Suite for Jira,ILA eSolution,44,7,4.29,2026-01-12,,7,JSU Automation Suite for Jira Workflows (298); Azure DevOps for Jira (27); Jenkins for Jira (Official) (26); TFS4JIRA Azure DevOps integration (230)
com.hivestone.confluence.plugins.autonumberedheadings,Auto Numbered Headings,Hivestone,38,4,5.0,2026-01-26,,10,Numbered Headings (114); Easy Numbered Headings (12); Easy Heading Macro (Floating Table of Co (19); Time Off Management & Auto Assignment (15)
com.stellarity.bamboo.powershell-task,PowerShell Task,Stellarity Software,38,4,5.0,2026-03-26,,3,"Task Hub for Jira (15); Task Reminder - Slack & Mail Notificatio (14); Easy Clone: Bulk Clone Issues, Epics & S (36)"
de.scandio.bitbucket.plugins.favourites,Favorites for Bitbucket,ASK Software,63,5,3.75,2026-01-05,,9,Copy Page Tree (67); WorklogPRO - Timesheets and Cost Tracker (43); Timetracker - Time Tracking & Timesheet  (110); ikuTeam Files: Document Management Workf (152)
io.windtunnel.smb.secret-managers-plugin,Secret Managers for Bamboo,votazz,44,4,4.69,2026-02-10,,11,Security for Confluence PII & Secret Sca (15); Zephyr - Test Management and Automation  (492); Xray - Test Management for Jira (553); Comala Document Management (175)
com.kanoah.jira-checklist,Kanoah Checklist for Jira,The Adaptavist Group,45,8,4.06,2025-11-03,,14,Smart Checklists for Jira (132); Checklists for Jira (Pro) by HeroCoders (264); Multiple Checklists for Jira (29); Checklists for Jira (Enterprise) by Hero (143)
com.stiltsoft.bitbucket.submodule,Submodule Changes for Bitbucket,Stiltsoft Europe OÜ,50,4,4.38,2025-09-23,,0,
de.scandio.confluence.plugins.live-snippets,Git Snippets - Smart Git Viewer for Confluence,Lively Apps,53,2,5.0,2026-08-25,,7,"Git Integration for Jira (GitHub, GitLab (343); Git for Confluence (GitHub, GitLab, Bitb (22); GitHub Macros for Confluence (10); Jigit - GitHub, GitLab, Gerrit integrati (34)"
com.methoda.plugins.pagePreview4Jira,C4J for Confluence Page Preview In Jira,Methoda,35,4,5.0,2026-09-09,,8,"Copy Page Tree (67); AutoPage (Creates pages in Confluence wi (15); KARMA Page Builder for Confluence (Conte (164); Page Tree Creator Pro (Blueprint, Templa (22)"
org.techtime.bitbucket.plugins.usermanagement,User Management for Bitbucket (bulk & timed inactive users),TechTime Initiative Group Limited,52,2,5.0,2026-09-11,User Management for Confluence (bulk & timed inactive users),5,Flexible User License - Auto User Manage (22); My User Manager for Jira (11); Flexible User License - Auto User Manage (17); Custom Space User Management (CSUM) for  (17)
net.youngaweb.jira.yp-better-comments-with-reply,Better comments with reply,Young Plugins,50,3,4.58,2025-09-02,,9,Better PDF Exporter for Jira (467); Better Excel Exporter for Jira (254); Better Content Archiving and Analytics f (155); Comments Manager (12)
com.rauliki.JiraSupportAdminTools.JiraSupportAdminTools,Support Admin Tools for Jira,Sngular,55,4,4.06,2024-11-18,Support Admin Tools & Announcement Banner for Jira Cloud,1,"Agile Tools-Epic Tree, Links Tree, Time  (20)"
com.infosysta.jira.JAM,Attachments Manager for Jira,Futurate,32,15,4.17,2025-09-29,,9,Smart Attachments for Jira (File & Docum (80); Bulk Attachment Download (12); Cenote Lockpoint - Attachment Checkout (29); GoEdit - Simply edit attachments! (102)
de.kupper.it.atlassian.confluence.tabs,Responsive tabs,Kupper Software,53,4,4.06,2026-06-12,,6,"Canned Responses Pro Templates for Jira (108); Composition Tabs for Confluence (77); Response Templates for Jira (Canned Resp (11); Mosaic: Content Formatting Macros, Tabs  (113)"
com.easesolutions.jira.plugins.testmanagement,easeTest - Test Management for Jira (formerly T4J),Ease Solutions Consulting GmbH,33,4,5.0,2026-07-16,,3,(AI powered) Automated Release Notes & R (48); Asset Management for Jira (IT Assets & L (67); Free:(AI powered) Automated Release Note (13)
com.acidoranges.dbterminal.dbterminal,DataBase Explorer,Sevidev,39,3,5.0,2026-06-02,,4,"Links Explorer: Traceability Matrix, Hie (18); Properties - Templates, Metadata & Datab (17); PocketQuery - Connect SQL Databases & RE (79); External Data for Confluence (Visualize  (13)"
com.stagil.jira.plugins.projects,STAGIL Project Creator for Jira,STAGIL by catworkx,39,3,5.0,2025-11-04,,10,"Delegated Project Creator for Jira (33); STAGIL Navigation Menus for Jira (20); Page Tree Creator Pro (Blueprint, Templa (22); STAGIL Assets - Link & Relation Manageme (32)"
es.excentia.jira.plugins.jira-traceabilityx-plugin,TraceabilityX for Jira,excentia,26,18,4.31,2026-01-13,,4,"easeRequirements - Requirements Manageme (62); Requirements & Test Management for Jira (66); Better Commit Policy for Jira (Git, Bitb (22); Ketryx Lifecycle Management for Jira (12)"
net.savignano.s-notify.confluence.gui,S/Notify Email Encryption for Confluence,savignano software solutions,38,3,5.0,2026-06-01,,5,Email This Issue (181); Notification Assistant for Jira - Email (57); mailto.wiki - Email for Confluence (11); Simple Reminder – Email Notifications (12)
au.net.bunney.spellproof.plugins.spellproof-confluence,Spellproof for Confluence (Spell Checker),Bunney Apps,43,5,4.25,2026-07-09,,0,
com.accxia.jira.plugins.workscouncil.WorksCouncil,UnView for Jira,Accxia,46,6,3.96,2026-05-27,,13,"Sprint Review for Jira (21); QC Read and Understood for Confluence (15); Sprint Planning, Capacity and Resource P (10); AURA Table Filter for Confluence (Views  (56)"
io.suspect.jira-copy-project-plugin,Jira Copy Project Plugin,Lane Technology,69,7,2.86,2025-08-05,,12,"Deep Clone for Jira (Copy Projects, Bulk (134); Elements Copy & Sync (clone issues, proj (57); Clone Plus for Jira (58); Copy Page Tree (67)"
es.excentia.jira.plugins.excentia-admin-tools,excentia Admin Tools for Jira,excentia,36,3,5.0,2026-06-04,,1,"Agile Tools-Epic Tree, Links Tree, Time  (20)"
com.tse.confluence.spaceproperties.plugin.confluence-space-properties-plugin,Space Fields for Confluence,ILA eSolution,27,6,4.79,2026-01-14,Space Properties & Fields,13,Fields - Custom Fields for Jira (48); SubSpace Navigation for Confluence (63); Awesome Custom Fields – Custom Fields fo (27); Jira Misc Custom Fields (JMCF) (92)
net.gcore.plugins.bitbucket2msteams,Microsoft Teams Connector for Bitbucket,Globo Solutions,53,4,3.75,2026-06-29,,7,Advanced Microsoft Teams Connector for J (43); Advanced Microsoft Teams Connector for C (17); Microsoft 365 for Jira & JSM (Teams & Ou (195); Microsoft Teams for Jira & JSM (30)
com.wittified.delegated-group-management-in-confluence,Delegated Group Management in Confluence,Appfire,50,3,4.17,2026-07-29,,12,Delegated Project Creator for Jira (33); Group Sign-Off: parallel Multi-Approvals (41); User/Group Export & License Optimizer fo (18); Xray - Test Management for Jira (553)
net.kentcom.page-reminders,Page Reminders for Confluence,KC Integrations,43,2,5.0,2026-05-08,,10,"Reminders for Jira (20); Date Reminder for Confluence (12); Reminder for Jira (Follow-Ups, Deadlines (32); Simple Reminder – Email Notifications (12)"
com.shdsd.plugin.weChatWork,WeCom (WeChat Work) for Jira Service Management,DragonSoft,27,8,4.53,2025-10-29,,4,ActionableAgile® Analytics: Kanban/ Agil (32); Optimizer for Jira (Health Checks & Clea (33); Date Reminder for Confluence (12); Personal Checklist For Jira Cloud (Free) (14)
de.resolution.usersync.jira,"User Sync: SCIM Provisioning, Group Sync for Jira",resolution Reichert Network Solutions GmbH,59,1,5.0,2026-08-27,,11,"User Profiles for Jira (Microsoft Attrib (26); User Profiles for Confluence (Microsoft  (31); SCIM Provisioning, User Sync & Group Syn (10); Backbone Work Sync for Jira (Two Way Iss (72)"
com.itlab.jira.plugins.classic-transitions-view,Classic Transitions View for Jira,it.Lab,57,1,5.0,2026-08-09,,6,Create on Transition for Jira (49); Undo Transition (16); Tree View (10); Classic Settings for Next-Gen projects (10)
de.kupper.it.atlassian.confluence.permission-helper,Permission Helper,Kupper Software,57,1,5.0,2026-05-01,,0,
addonix.jira.plugins.ui-toolkit,"My UI Toolkit - JS, CSS and UX Extensions for Jira",Addonix,32,3,5.0,2026-03-12,,8,My Requests Extension for Jira Service M (34); Refined Macro Toolkit (Content Formattin (35); Software Configuration Management Toolki (22); My User Manager for Jira (11)
com.jibrok.jira.plugins.su,Switch to User and Delegating SU for Jira,JiBrok,40,2,5.0,2026-02-09,,10,Delegated Project Creator for Jira (33); User Management for Jira (bulk & timed i (25); Flexible User License - Auto User Manage (22); Flexible User License - Auto User Manage (17)
de.scandio.confluence.plugins.spaceadmin,Team Admin - Space Group Management for Confluence,Lively Apps,40,2,5.0,2026-08-25,,6,Microsoft Teams for Jira & JSM (30); Advanced Microsoft Teams Connector for J (43); ikuTeam Files: Document Management Workf (152); Advanced Microsoft Teams Connector for C (17)
org.hotovo.confluence.amazon-s3-storage-connector,Amazon S3 Connector for Confluence,TeamOps FACTORY (Solumiss Group),40,2,5.0,2026-07-28,,12,"draw.io Diagrams | UML, BPMN, AWS, ERD,  (1205); Power BI Connector for Jira (159); Connector for Salesforce & Jira (236); Slack Integration+ for Jira (77)"
net.utoolity.atlassian.bamboo.identity-federation-for-aws-bamboo,Identity Federation for AWS (Bamboo),Utoolity,160,0,0,2026-09-01,,1,"draw.io Diagrams | UML, BPMN, AWS, ERD,  (1205)"
com.empegraphics.jira.user-mentioned,User Mentioned JQL,Simtask,39,2,5.0,2026-02-28,,5,JQL Search Extensions for Jira (51); GO! JQL: Essential JQL Functions (10); User Management for Jira (bulk & timed i (25); Flexible User License - Auto User Manage (22)
com.atsistemas.jira.addons.template-me,TemplateMe! - Customized notifications,knowmad mood,34,9,3.89,2025-12-10,,13,"Deep Clone for Jira (Copy Projects, Bulk (134); Canned Responses Pro Templates for Jira (108); AURA Content Formatting Macros Tabs LaTe (212); Page Tree Creator Pro (Blueprint, Templa (22)"
com.miniorange.rest.auth.confluence-rest-api-oauth,Enhanced API Authentication for Confluence with OAuth/JWT,miniOrange,39,2,5.0,2026-09-07,Enhanced API Authentication for Jira with API Key/OAuth/JWT,7,Open API (Swagger) Integration (31); Workflow Enhancer for Jira (43); Enhancer Plugin for Jira (70); Visualize OpenAPI (Swagger) documentatio (21)
com.hivestone.confluence.plugins.copypagehier,Copy Page Hierarchy (Copy Space),Hivestone,42,4,4.06,2026-03-07,,11,"Copy Page Tree (67); Deep Clone for Jira (Copy Projects, Bulk (134); Elements Copy & Sync (clone issues, proj (57); Space Sync for Confluence (Copy & Publis (11)"
de.communardo.confluence.communardo.qms.plugin,Process Management Suite for Confluence,Elevatic,31,3,5.0,2026-02-05,,12,JSU Automation Suite for Jira Workflows (298); Business Process Manager: Productive Wor (10); Gantt Suite for Jira: project management (15); Kanban Analytics: Improve Your Delivery  (33)
com.stiltsoft.bitbucket.fileviewer,File Viewer for Bitbucket,Stiltsoft Europe OÜ,52,3,3.75,2025-10-23,,4,ikuTeam Files: Document Management Workf (152); Smart Attachments for Jira (File & Docum (80); Dependency Map for Jira (link viewer) (13); File Field | Attachment Custom Fields fo (35)
com.hivestone.confluence.plugins.delunusedattach,Delete Unused Attachments,Hivestone,53,4,3.44,2025-11-23,,5,Bulk Attachment Download (12); Cenote Lockpoint - Attachment Checkout (29); Smart Attachments for Jira (File & Docum (80); GoEdit - Simply edit attachments! (102)
vivid.trace,Vivid Trace for Jira,Vivid Inc.,24,8,4.53,2025-12-23,,8,Links Hierarchy:  Track Work item Depend (28); AURA Content Formatting Macros Tabs LaTe (212); easeRequirements - Requirements Manageme (62); Secure Fields - Data Security & Privacy  (30)
com.infosysta.jira.translation.arabic,Arabic for Jira (Language Localization & RTL Support),Futurate,46,4,3.75,2026-05-18,,0,
net.seibertmedia.confluence.appcenter,Linchpin Launchpad - Access Your Tools,Seibert,22,5,5.0,2026-06-18,,2,Gliffy Diagrams for Confluence (799); Viewtracker - Analytics for Confluence (62)
com.tse.jira.scmactivitylite.plugin.jira-scm-activity-lite-plugin,SCM Changesets Activity for Jira,ILA eSolution,25,4,5.0,2026-01-12,,2,Filters Activity Stream (22); Activity Timeline: Resource Capacity Pla (121)
com.enhancera.auditor.confauditor,Auditor for Confluence,"Enhancera, LLC",37,2,5.0,2026-01-07,,3,Revyz Command Center for Jira (Backup Co (19); AURA Workflow & Approval for Confluence  (33); Issue History for Jira (Work Item Histor (95)
com.brikit.targetedsearch,Brikit Targeted Search for Confluence,Brikit,51,1,5.0,2026-03-23,,1,JQL Search Extensions for Jira (51)
com.addonrock.jira.custom-field-pack,Custom Field Pack,Addonrock Sp. z o.o.,29,3,5.0,2025-10-03,,6,Awesome Custom Fields – Custom Fields fo (27); Jira Misc Custom Fields (JMCF) (92); Fields - Custom Fields for Jira (48); Power Custom Fields for Jira (34)
de.smartics.atlassian.confluence.smartics-atlassian-confluence-macros,Project Documentation Macros,smartics,145,0,0,2026-01-08,,17,Refined Macro Toolkit (Content Formattin (35); Comala Document Management (175); HTML Macro for Confluence (31); Documents for Jira (23)
net.brutscher.confluence.groupmentions.GroupMentions,Group Mentions,votazz,35,2,5.0,2025-12-03,,4,"User/Group Export & License Optimizer fo (18); Group Sign-Off: parallel Multi-Approvals (41); SCIM Provisioning, User Sync & Group Syn (10); AURA Table Filter for Confluence (Views  (56)"
net.seibertmedia.plugin.confluence.duplicate-content-defender,Duplicate Content Defender,Seibert,35,2,5.0,2026-08-11,,11,"Scroll Content Manager for Confluence (37); Find Duplicates: Detect Similar Issues,  (48); Duplicate: Bulk Clone Issues & Epics in  (10); Custom Content for Jira (22)"
io.windtunnel.ksb.kubernetes-plugin,Kubernetes for Bamboo,votazz,34,2,5.0,2026-02-15,,4,"Golive | Environment Planning & Deployme (39); Zephyr - Test Management and Automation  (492); OnLink Import for Assets, Entra ID, Intu (20); QMetry - Test Management for Jira (QTM4J (200)"
com.jibrok.jira.plugins.banner,Customizable Announcements for Jira,JiBrok,34,2,5.0,2026-02-09,,4,Announcer for Jira (12); Feature Bundle – Self-Service Extension  (51); Message field (12); Lively Blogs - Dynamic News and Feeds fo (15)
de.accxia.jira.apps.booster.WebBooster,WebBooster for Jira,Accxia,33,3,4.58,2025-04-29,,0,
com.softcrts.confluence.plugins.labels.restrict,Labels Restrict,SoftCrts,27,3,5.0,2025-08-05,,2,Colored Label Manager - Smart Labels and (46); Label Manager for Jira (18)
com.playsql.rytestcompliance,RY Testing and Compliance,Requirement Yogi,69,1,2.5,2026-02-13,,13,"AIO Tests: QA Testing and Test Managemen (114); Xray - Test Management for Jira (553); Zephyr - Test Management and Automation  (492); Agile Test: Enterprise QA Testing, Test  (74)"
net.koncis.atlassian.jira-issue-edit-lock,Issue Lock for Jira (who's editing),aety aps,49,6,2.92,2026-02-24,,12,Email This Issue (181); Issue History for Jira (Work Item Histor (95); Issue Matrix for Jira (42); Default Values for 'Create Issue' screen (26)
com.hivestone.confluence.plugins.spacehierarchy,Space Hierarchy & Breadcrumbs,Hivestone,19,5,5.0,2026-02-24,,9,SubSpace Navigation for Confluence (63); JXL - Sheets Hierarchy Structure Sum-up  (148); Hierarchy for Jira (Custom issue structu (15); Space Templates & Content Templates for  (16)
com.atsistemas.jira.addons.notify-me,NotifyMe! - Send emails from Jira issues,knowmad mood,19,5,5.0,2025-01-14,,12,Notification Assistant for Jira - Email (57); Inbox for Jira (smart notifications) (21); Advanced Microsoft Teams Connector for J (43); Reminders for Jira (20)
com.mohamicorp.bitbucket.plugin.crucible-review-hook,Crucible Review Hook for Bitbucket,Appfire,17,6,5.0,2026-06-05,,7,Sprint Review for Jira (21); Jira Hooks for Bitbucket (12); Approvals for Confluence (Page Review &  (21); ControlFreak - Commit Checks and Jira Ho (21)
de.viadee.confluence.managed-data-fields,Managed Data Fields,viadee Unternehmensberatung AG,32,2,5.0,2026-08-26,,11,Manage Custom Fields for Jira (13); Fields - Custom Fields for Jira (48); Awesome Custom Fields – Custom Fields fo (27); Jira Misc Custom Fields (JMCF) (92)
com.lifeincodes.issue-preview-for-jira,Issue Preview for Jira,Life in Codes,25,6,4.38,2026-04-23,,11,Email This Issue (181); Issue History for Jira (Work Item Histor (95); Issue Matrix for Jira (42); Default Values for 'Create Issue' screen (26)
com.atsistemas.jira.addons.receive-me,ReceiveMe! - Email handler for Jira,knowmad mood,25,6,4.38,2024-12-18,,3,Email This Issue (181); Trophies - Gamification for Jira (12); mailto.wiki - Email for Confluence (11)
net.gcore.plugins.wgfeedback-marketplace,Issue Feedback and Surveys for Jira,Globo Solutions,40,2,4.38,2026-08-28,,10,"Multivote & Enterprise Survey for Conflu (32); Smart Forms for Jira (JSM, JWM, Confluen (48); Customer Satisfaction (CSAT) Survey for  (43); Email This Issue (181)"
de.catworkx.confluence.plugins.catworkx-revision,Teamworkx Revision for Confluence,catworkx GmbH,43,1,5.0,2026-09-02,,10,QC Documents for Confluence Cloud (13); Smart Attachments for Jira (File & Docum (80); Optimizer for Jira (Health Checks & Clea (33); Approvals for Confluence (Page Review &  (21)
com.digixperience.atlassian.confluence.spaces-list,Advanced spaces list (Statistics),DigiXperience,64,4,1.88,2026-03-15,,9,SubSpace Navigation for Confluence (63); Advanced Portal Reports for Jira Service (48); Space Templates & Content Templates for  (16); Advanced Panelboxes for Confluence (12)
com.cprime.jira.plugins.reporting,"Power Dashboards, Reports & Gadgets",Appfire,29,2,5.0,2026-09-10,,18,"eazyBI for Jira Reports, Charts, and Das (227); Custom Charts for Jira -Reports, Dashboa (139); Performance Objectives: Charts & Reports (48); (AI powered) Automated Release Notes & R (48)"
org.techtime.bitbucket.plugins.easysso,EasySSO for Bitbucket (Kerberos/NTLM/HTTP headers/SAML SSO),TechTime Initiative Group Limited,23,3,5.0,2026-09-01,,0,
fam.atlas.push.jira-push,WebPush Notifications for Jira,Itransition Group,33,3,4.17,2026-09-16,,7,"Notification Assistant for Jira - Email (57); Inbox for Jira (smart notifications) (21); Reminder for Jira (Follow-Ups, Deadlines (32); Slack for Confluence (Chat Notifications (11)"
com.acidoranges.pincomments.pincomments,Pin Comments And Attachments,Sevidev,27,2,5.0,2026-05-12,,8,Bulk Attachment Download (12); Comments Manager (12); Smart Comments for Jira (22); Comment Security Default (15)
com.tse.confluence.pageproperties.plugin.confluence-page-properties-plugin,Page Fields,ILA eSolution,18,4,5.0,2026-01-13,,14,Fields - Custom Fields for Jira (48); Awesome Custom Fields – Custom Fields fo (27); Copy Page Tree (67); Jira Misc Custom Fields (JMCF) (92)
com.forty8fiftylabs.plugins.atlassian.smarthandler_for_mail,SmartHandler - Email logic for Jira,Forty8Fifty Labs,29,4,4.06,2026-03-02,,0,
at.celix.jira.plugins.celix-mail-history,Mail History,Communardo Austria GmbH,45,1,3.75,2026-09-09,,5,Issue History for Jira (Work Item Histor (95); Issue History Collector - See History (39); Enterprise Mail Handler for Jira Cloud ( (90); Task Reminder - Slack & Mail Notificatio (14)
com.suggestimate,SuggestiMate for Jira,"Enhancera, LLC",27,9,3.47,2026-01-07,,0,
com.itlab.jira.plugins.status-colors,Status Colors for Jira,it.Lab,34,1,5.0,2026-08-09,,10,Time in Status (208); Status Time Reports Free - Time in Statu (58); Status Time Reports - Time in Status (53); Colored Label Manager - Smart Labels and (46)
com.wittified.atl-announcer-stash,Announcer for Bitbucket Server,Appfire,43,2,3.12,2026-08-03,Announcer for Confluence,5,"Feature Bundle – Self-Service Extension  (51); Message field (12); Lively Blogs - Dynamic News and Feeds fo (15); Released Hub – AI Release Notes, Roadmap (39)"
com.ovyka.jira.satisfaction,Satisfaction survey for Jira by Ovyka,Ovyka,28,3,4.17,2025-07-09,,3,"Customer Satisfaction (CSAT) Survey for  (43); Multivote & Enterprise Survey for Conflu (32); Polls, Votes, Surveys & Community Networ (20)"
com.akeles.jira.plugins.servicedesk-approval,Bulk Approvals for Jira Service Management,Akeles Consulting,19,3,5.0,2026-05-05,,12,"Deep Clone for Jira (Copy Projects, Bulk (134); Bulk Attachment Download (12); Bulk Clone Professional for Jira (18); Extension for Jira Service Management (150)"
nl.avisi.atlassian.user-directory-api,User Directory API for Jira,Avisi Apps bv,16,4,5.0,2026-01-12,,10,Open API (Swagger) Integration (31); Visualize OpenAPI (Swagger) documentatio (21); Enhanced API Authentication for Jira wit (15); External Data for Jira Fields (Connect R (86)
com.tngtech.jira.plugins.issueprinter,Issue Printer for Jira,TNG Technology Consulting GmbH,16,4,5.0,2026-09-10,,11,Email This Issue (181); Issue History for Jira (Work Item Histor (95); Issue Matrix for Jira (42); Default Values for 'Create Issue' screen (26)
com.itlab.jira.plugins.user-picker-avatar,User Picker Avatar for Jira,it.Lab,24,2,5.0,2026-09-02,,7,Issue Picker for Jira (13); User Management for Jira (bulk & timed i (25); Flexible User License - Auto User Manage (22); Flexible User License - Auto User Manage (17)
com.akelesconsulting.jira.plugins.SQLReporter,SQL Reporter for Jira,Akeles Consulting,24,2,5.0,2025-08-21,,17,"SQL for Confluence (Pro Edition) (29); eazyBI for Jira Reports, Charts, and Das (227); Reports and Timesheets for Jira (108); Reporting for Confluence (100)"
fi.apio.asciidoc-viewer,AsciiDoc Viewer for Bitbucket,ncode,33,1,5.0,2026-09-12,,1,Dependency Map for Jira (link viewer) (13)
net.veniture.jsd.gdpr.JSDPR,GDPR for Service Management,DC Factory,21,5,4.25,2026-06-17,,10,Extension for Jira Service Management (150); Chat for Jira Service Management (57); Actions for Jira Service Management (36); Advanced Portal Reports for Jira Service (48)
com.easesolutions.jira.plugins.customfields.project-field-manager,easeContext - Context Manager for Jira,Ease Solutions Consulting GmbH,23,2,5.0,2026-06-09,,0,
com.glintech.confluence.termsandconditions.termsandconditions,Terms and Conditions for Confluence,GLiNTECH - a Valiantys company,18,4,4.69,2026-09-10,Terms and Conditions for Confluence Cloud,5,"Smart Terms Glossary (Definitions, Highl (46); Workflow Enhancer for Jira (43); Group Sign-Off: parallel Multi-Approvals (41); Approval Path for Jira (26)"
pl.softlist.confluence.lp.confluence-ukrainian-language-pack,Ukrainian Language Pack for Confluence,Softlist Sp. z o.o.,31,1,5.0,2026-06-12,,5,Service Pack for Agents (28); Lango AI Translator: Language & translat (33); Chinese (China) Language Patch for Jira (11); Translations for Confluence (35)
com.devoog.jira.plugin.translateFields,Translate Field Options for Jira,The Adaptavist Group,34,2,3.75,2025-11-05,,12,Lango AI Translator: Language & translat (33); Translations for Confluence (35); Fields - Custom Fields for Jira (48); Awesome Custom Fields – Custom Fields fo (27)
com.tngtech.confluence.plugins.gardening,Page Gardener Companion for Confluence,TNG Technology Consulting GmbH,22,2,5.0,2026-09-10,,8,"Copy Page Tree (67); AutoPage (Creates pages in Confluence wi (15); KARMA Page Builder for Confluence (Conte (164); Page Tree Creator Pro (Blueprint, Templa (22)"
com.wittified.jira.agile-board-template-builder,Agile Board Template Builder for Jira,Appfire,30,1,5.0,2026-08-06,,11,Easy Agile Programs - PI Planning Progra (46); Advanced Kanban & Agile Boards: SAFe & W (17); Templating.app🚀Project Templates & Issue (76); Issue Templates Pro - Description Templa (54)
com.miniorange.oauth.bamboo-oauth,mO OAuth/OpenID Connect (OIDC) for Bamboo SSO,miniOrange,12,5,5.0,2026-09-11,,10,Single Sign On (SSO) via OAuth and OpenI (53); SAML/OAuth SSO for JSM Customers (19); Single Sign On (SSO) via OAuth/OpenID fo (74); Enhanced API Authentication for Jira wit (15)
com.almworks.jira.bundle,Structure.Bundle by Tempo - Portfolio Management & Jira PPM,Tempo Software,84,0,0,2026-08-07,,10,Structure by Tempo - Jira Portfolio Mana (408); Gantt Charts for Structure PPM - Jira Ro (61); Timesheets by Tempo - Jira Time Tracking (898); Feature Bundle – Self-Service Extension  (51)
biz.softlist.catcher.AlertCatcher,Alert Catcher - Zabbix SIEM integration with Jira,Softlist Sp. z o.o.,16,3,5.0,2025-03-17,,0,
com.akeles.jira.plugins.TableCustomFields,Table Custom Fields for Jira,Akeles Consulting,31,3,3.33,2026-07-06,,7,Awesome Custom Fields – Custom Fields fo (27); Jira Misc Custom Fields (JMCF) (92); Fields - Custom Fields for Jira (48); Power Custom Fields for Jira (34)
de.communardo.confluence.plugins.apc,Accessibility for Confluence,Elevatic,20,2,5.0,2026-09-16,,1,Multiplier - Access Management & IGA for (19)
org.valens.dynamicPlans,"Dynamic Plans, DSL & Pipeline for Bamboo",Hutuleac Iulius,14,10,4.12,2024-03-20,,11,Dynamic Forms for Jira (58); Planning Poker ® (134); Activity Timeline: Resource Capacity Pla (121); Scrumpy Planning Poker for Jira (22)
com.almarise.gpp,Groups Plus - Attributes and delegated management,Almarise,25,3,3.75,2026-09-09,,7,Clone Plus for Jira (58); QAlity Plus - Test Management for Jira (56); SoftComply Risk Manager Plus for Advance (10); User/Group Export & License Optimizer fo (18)
com.porzelt.jira.simpletemplates.CannedIssues,Canned Issues,Maximilian Porzelt,17,3,4.67,2026-07-04,,12,Canned Responses Pro Templates for Jira (108); Email This Issue (181); Response Templates for Jira (Canned Resp (11); Issue History for Jira (Work Item Histor (95)
com.miniorange.jira.crowd.jira-crowd-sso,mO SSO connector for Crowd and Jira,miniOrange,25,1,5.0,2026-09-11,,16,Single Sign On SAML SSO for Jira (SSO SA (82); Power BI Connector for Jira (159); Connector for Salesforce & Jira (236); SAML/OAuth SSO for JSM Customers (19)
eps.focuspro.variables,Easy Variables for Confluence,EPS Software Engineering AG,25,1,5.0,2026-06-26,,11,"Easy Issue Templates for Jira (81); Easy Heading Macro (Floating Table of Co (19); Easy Numbered Headings (12); Easy Agile TeamRhythm: Story Map, Insigh (161)"
com.prontop.extra-fields-for-jira-service-desk,Ultimate Requests (for Jira Service Management),aety aps,19,4,4.06,2026-06-30,,2,My Requests Extension for Jira Service M (34); Workzone: PullRequest Workflow (23)
com.luxplugins.jira.plugin.scim-user-provisioning,SCIM User Provisioning for Jira,LuxPlugins,23,1,5.0,2026-09-16,,11,"SCIM Provisioning, User Sync & Group Syn (10); Single Sign On SAML SSO for Jira (SSO SA (82); User Management for Jira (bulk & timed i (25); Flexible User License - Auto User Manage (22)"
de.catworkx.jira.plugins.push_pull_favorites,Teamworkx Push and Pull Favorites,catworkx GmbH,33,2,2.5,2025-10-09,,5,"Workzone: PullRequest Workflow (23); Git Integration for Jira (GitHub, GitLab (343); Include from Bitbucket to Confluence (Ma (19); PR-Booster For Bitbucket (15)"
com.enhancera.confaccesslog,Access Log for Confluence,"Enhancera, LLC",21,1,5.0,2026-08-31,,1,Multiplier - Access Management & IGA for (19)
net.seibertmedia.jira.plugin.instaprinta,InstaPrinta - Issue Print Templates for Jira,Seibert,7,7,5.0,2026-01-16,,0,
net.veniture.jira.vAgent,Agent Extensions for Service Management,DC Factory,15,2,5.0,2026-06-03,,13,Extension for Jira Service Management (150); Service Pack for Agents (28); Theme Extension for Jira Service Managem (26); My Requests Extension for Jira Service M (34)
de.accxia.apps.jira.loginfree.LoginFree4JSD,LoginFree for Jira Service Management,Accxia,10,8,4.38,2025-04-14,,9,Extension for Jira Service Management (150); Chat for Jira Service Management (57); Actions for Jira Service Management (36); Advanced Portal Reports for Jira Service (48)
com.miniorange.confluence.crowd.confluence-crowd-sso,mO SSO Connector for Crowd and Confluence,miniOrange,20,1,5.0,2026-03-16,,16,Single Sign On SAML SSO for Jira (SSO SA (82); Power BI Connector for Jira (159); Connector for Salesforce & Jira (236); SAML/OAuth SSO for JSM Customers (19)
eu.toimproveit.saml.jira.SAML4JIRA,SAML (SSO) Single Sign-On for Jira,2improveIT,18,2,4.38,2026-03-04,,11,Single Sign On SAML SSO for Jira (SSO SA (82); SAML/OAuth SSO for JSM Customers (19); Translations for Confluence (35); Copy Page Tree (67)
io.innovura.plugins.tinker-for-jsd,Tinker for JSM - Toolbox,Futurate,8,5,5.0,2025-10-20,,15,Queues for Jira & JSM (47); Discord for Jira & JSM (12); Microsoft Teams for Jira & JSM (30); Microsoft 365 for Jira & JSM (Teams & Ou (195)
de.stagil.jira.stagil-database-sync,STAGIL Database Synchronizer,STAGIL by catworkx,8,5,5.0,2026-09-16,,6,"STAGIL Navigation Menus for Jira (20); Properties - Templates, Metadata & Datab (17); STAGIL Assets - Link & Relation Manageme (32); PocketQuery - Connect SQL Databases & RE (79)"
tr.com.obss.atlassian.delegation,Keychain - Delegation for Jira,OBSS,14,2,5.0,2026-03-04,,0,
com.hivestone.confluence.plugins.conditionalmultiexcerpt,Conditional Multiexcerpt,Hivestone,14,2,5.0,2026-03-07,,5,MultiExcerpt (72); Workflow Enhancer for Jira (43); Group Sign-Off: parallel Multi-Approvals (41); Approval Path for Jira (26)
com.qotilabs.confluence.rich-filters-macro-plugin,Rich Filters::Reports and Charts for Confluence,Appfire,56,0,0,2025-08-05,Rich Filters for Jira Dashboards,6,"Table Filter, Charts & Spreadsheets for  (442); Filters Activity Stream (22); Quick Filters for Jira Dashboards (Chart (22); Smart Tables for Confluence (Table Filte (17)"
com.tse.confluence.ldapgroupsync.plugin.confluence-ldap-group-sync-plugin,User Groups Sync for Confluence,ILA eSolution,9,4,5.0,2026-01-21,,10,"SCIM Provisioning, User Sync & Group Syn (10); User/Group Export & License Optimizer fo (18); User Profiles for Jira (Microsoft Attrib (26); User Profiles for Confluence (Microsoft  (31)"
ch.bitvoodoo.confluence.plugins.advanced-search,Advanced Search for Confluence,Elevatic,54,0,0,2025-11-05,,7,JQL Search Extensions for Jira (51); Advanced Portal Reports for Jira Service (48); Advanced Panelboxes for Confluence (12); Advanced Microsoft Teams Connector for J (43)
io.aety.favfjsd,Feedback and Voting for JSM,aety aps,10,3,5.0,2025-09-19,,13,"Smart Forms for Jira (JSM, JWM, Confluen (48); Polls, Votes, Surveys & Community Networ (20); Released Hub – AI Release Notes, Roadmap (39); Queues for Jira & JSM (47)"
com.ila.esolution.jira.adgroupsync.plugin.jira-ad-group-sync-plugin,User Groups Sync for Jira,ILA eSolution,10,3,5.0,2026-01-12,,10,"SCIM Provisioning, User Sync & Group Syn (10); User/Group Export & License Optimizer fo (18); User Profiles for Jira (Microsoft Attrib (26); User Profiles for Confluence (Microsoft  (31)"
nl.avisi.atlassian.confluence.user-directory-api,User Directory API for Confluence,Avisi Apps bv,8,4,5.0,2026-01-12,,10,Open API (Swagger) Integration (31); Visualize OpenAPI (Swagger) documentatio (21); Enhanced API Authentication for Jira wit (15); External Data for Jira Fields (Connect R (86)
com.akeles.jira.plugins.JiraUserAuditor,User Auditor for Jira,Akeles Consulting,17,1,5.0,2026-06-23,,9,User Management for Jira (bulk & timed i (25); Flexible User License - Auto User Manage (22); Flexible User License - Auto User Manage (17); User Profiles for Jira (Microsoft Attrib (26)
org.hotovo.jira.amazon-s3-storage-connector-for-jira,Amazon S3 Connector for Jira,TeamOps FACTORY (Solumiss Group),12,2,5.0,2026-03-03,,12,"draw.io Diagrams | UML, BPMN, AWS, ERD,  (1205); Power BI Connector for Jira (159); Connector for Salesforce & Jira (236); Slack Integration+ for Jira (77)"
com.porzelt.jira.optimize.Optimize,Optimize,Maximilian Porzelt,9,3,5.0,2024-06-24,,4,"Optimizer for Jira (Health Checks & Clea (33); User/Group Export & License Optimizer fo (18); Doctor Pro: Audit, Optimize & Manage Con (10); Revyz Command Center for Jira (Backup Co (19)"
com.itlab.jira.plugins.maintenance-mode,Maintenance for Jira,it.Lab,16,1,5.0,2026-08-09,,8,Easy Calendar Integration for Jira (Sync (17); Awesome Custom Fields – Custom Fields fo (27); JSU Automation Suite for Jira Workflows (298); JXL - Sheets Hierarchy Structure Sum-up  (148)
com.enhancera.jiraaccesslog,Access Log for Jira,"Enhancera, LLC",48,0,0,2026-08-31,,1,Multiplier - Access Management & IGA for (19)
biz.everit.confluence.license-optimizer,License Optimizer for Confluence,EverIT by catworkx,47,0,0,2026-04-08,,7,"User/Group Export & License Optimizer fo (18); IT Assets, License - Asset Management fo (71); Asset Management for Jira (IT Assets & L (67); Flexible User License - Auto User Manage (22)"
de.kupper.it.atlassian.confluence.categorise.spaces,Categorise spaces,Kupper Software,14,2,4.38,2026-02-23,,5,SubSpace Navigation for Confluence (63); Space Templates & Content Templates for  (16); Space Sync for Confluence (Copy & Publis (11); Custom Space User Management (CSUM) for  (17)
com.miniorange.twofactor.bitbucket-twofactor,mO 2FA for Bitbucket (Two Factor Authentication),miniOrange,46,0,0,2026-08-04,,5,"Fields - Custom Fields for Jira (48); Pivot Report: Roll Up Epic Issues, Workl (80); Single Sign On (SSO) via OAuth/OpenID fo (74); Single Sign On (SSO) via OAuth and OpenI (53)"
com.softcrts.eventsmeetings.plugins.events.meetings.confluence,Events and Meetings For Confluence,SoftCrts,46,0,0,2026-07-22,,4,Meetical Calendar & AI Meetings (Outlook (39); MANTRA Intranet | News Events Theme Mobi (100); AI Scrum Master - Standup Meetings & Tim (127); AgileMinutes - Meeting Minutes for Jira (17)
de.resolution.albauth.jira,AWS SSO ALB & Amazon Authentication for Jira User Sync,resolution Reichert Network Solutions GmbH,15,1,5.0,2026-09-07,,5,"draw.io Diagrams | UML, BPMN, AWS, ERD,  (1205); Single Sign On SAML SSO for Jira (SSO SA (82); SAML/OAuth SSO for JSM Customers (19); Single Sign On (SSO) via OAuth and OpenI (53)"
de.resolution.vanityurl,Link Shortener & URL Redirects for Confluence,resolution Reichert Network Solutions GmbH,45,0,0,2026-09-08,,6,Link Management - Broken Link Detection  (10); Advanced Link Manager for Jira (Dependen (10); Dependency Map for Jira (link viewer) (13); Links Hierarchy:  Track Work item Depend (28)
com.infosysta.confluence.arabic-for-confluence,Arabic for Confluence,Futurate,15,1,5.0,2026-06-08,,0,
at.celix.jira.plugins.zones,Zones,Communardo Austria GmbH,15,1,5.0,2026-04-02,,7,"Agile Poker for Jira - Planning & Estima (110); Gantt Charts, Forecasting, Roadmap, Kanb (12); Multiple Checklists for Jira (29); Async Poker: Planning Poker & Estimation (45)"
net.gsolution.plugins.jira-msteams-connector,Microsoft Teams Connector for Jira,Globo Solutions,19,2,3.12,2026-05-06,,7,Advanced Microsoft Teams Connector for J (43); Advanced Microsoft Teams Connector for C (17); Microsoft 365 for Jira & JSM (Teams & Ou (195); Microsoft Teams for Jira & JSM (30)
org.evoja.bitbucket.advanced-logging,Advanced Logging for Bitbucket,Evoja,44,0,0,2025-07-10,,8,Advanced Portal Reports for Jira Service (48); Advanced Panelboxes for Confluence (12); Advanced Microsoft Teams Connector for J (43); Advanced Microsoft Teams Connector for C (17)
jiraissuecardprinter.jiraissuecardprinter,QR Issue Card Printer for Jira,Sngular,11,4,4.06,2026-04-02,QR Issue Card Printer for Jira Cloud,7,Agile Cards - Print Issues from Jira (70); Email This Issue (181); Miro Cards for Jira (10); Issue History for Jira (Work Item Histor (95)
com.akeles.jira.plugins.issue-archiver,Issue Archiver & Attachment Housekeeper for Jira,Akeles Consulting,14,1,5.0,2026-05-19,,12,Better Content Archiving and Analytics f (155); Bulk Attachment Download (12); Cenote Lockpoint - Attachment Checkout (29); Email This Issue (181)
com.stellarity.bamboo.ftp-task,FTP Task,Stellarity Software,42,0,0,2026-02-09,,3,"Task Hub for Jira (15); Task Reminder - Slack & Mail Notificatio (14); Easy Clone: Bulk Clone Issues, Epics & S (36)"
com.jplugs.slatimer,SLA Timer for Jira,jPlugs,15,2,3.75,2026-01-23,,5,Time to SLA (238); Countdown Timer (40); SLA Time and Report for Jira (SLA Manage (130); SLA PowerBox - On Time Service Delivery (33)
jp.ricksoft.plugins.alfresco-for-confluence,Alfresco Connector for Confluence,"Ricksoft, Inc.",6,4,5.0,2026-08-27,,16,Power BI Connector for Jira (159); Connector for Salesforce & Jira (236); Slack Integration+ for Jira (77); Power BI Connector - Connect Power BI an (59)
com.herzum.jira.plugins.herzum-quick-linker,Herzum Quick Linker,Herzum,6,4,5.0,2025-05-20,,5,Quick Filters for Jira Dashboards (Chart (22); Navigation Menus for Confluence (quick & (17); Smart Checklists for Jira (132); Multivote & Enterprise Survey for Conflu (32)
de.accxia.apps.jira.sw.tools.StoryPoints,StoryPoints & Agile Tools for Jira,Accxia,13,1,5.0,2023-03-01,,9,"Agile Tools-Epic Tree, Links Tree, Time  (20); ActionableAgile® Analytics: Kanban/ Agil (32); Agile Retrospectives for Jira (23); Agile Retrospectives for Confluence (14)"
com.shdsd.plugin.feiShu-jira,FeiShu for Jira,DragonSoft,38,0,0,2026-08-14,,0,
com.whitesoftware.jira.cmdb-extensions,jCMDB Asset Management,White Software,8,4,4.38,2026-02-09,,10,"Asset Management for Jira (IT Assets & L (67); IT Assets, License - Asset Management fo (71); Snipe-IT for Jira (Asset Management, JSM (12); Light Asset Management for Jira (26)"
com.itlab.jira.plugins.project-documentation,Project Documentation for Jira,it.Lab,12,1,5.0,2026-08-09,,14,Comala Document Management (175); Documents for Jira (23); Comala Document Control (24); Smart Configuration: Documentation for J (46)
com.moveworkforward.bamboo.slack-notifier,Slack Connector for Bamboo,Move Work Forward,12,1,5.0,2026-01-14,,14,Slack Integration+ for Jira (77); Slack Integration for Jira (17); Power BI Connector for Jira (159); Connector for Salesforce & Jira (236)
de.devopssystems.confluence.hooks.bitbucket.confluence-hooks-for-bitbucket,Smart Hooks for Confluence in Bitbucket,DevOpsSystems GmbH,12,1,5.0,2025-12-10,,14,Smart Checklists for Jira (132); Jira Hooks for Bitbucket (12); Smart Configuration: Documentation for J (46); Smart Issue Templates for Jira (56)
eu.mirrorlake.plugins.jira2excel,Mirrorlake Excel Importer,Mirrorlake Software,12,1,5.0,2026-01-14,,5,"Mirrorlake Pivot Charts (13); Better Excel Exporter for Jira (254); Excel-like Tables for Confluence (Spread (27); Table Filter, Charts & Spreadsheets for  (442)"
com.fulstech.jira-latex,LaTeX Math for Jira Data Center,Fulstech,35,0,0,2026-01-28,LaTeX Math for Jira Cloud,4,"LaTeX Math+ for Confluence (33); LaTeX Math (40); Mosaic: Content Formatting Macros, Tabs  (113); AURA Content Formatting Macros Tabs LaTe (212)"
com.izymes.stash-reminders,Reminders for Bitbucket,Izymes Pty Ltd,35,0,0,2026-09-09,,5,"Reminders for Jira (20); Date Reminder for Confluence (12); Reminder for Jira (Follow-Ups, Deadlines (32); Simple Reminder – Email Notifications (12)"
com.mgmtp.confluence.app.confluence-browse-people-permission,Browse People Permission for Confluence,mgm technology partners,8,2,5.0,2026-03-30,,0,
de.resolution.httpheaderauth.jira,HTTP Header Authentication for Jira,resolution Reichert Network Solutions GmbH,8,2,5.0,2026-09-07,,6,Enhanced API Authentication for Jira wit (15); Single Sign On (SSO) via OAuth/OpenID fo (74); Single Sign On (SSO) via OAuth and OpenI (53); AURA Content Formatting Macros Tabs LaTe (212)
com.itlab.confluence.plugins.source-editor,Page Source Editor for Confluence,it.Lab,11,1,5.0,2025-10-01,,9,Source Editor for Confluence (25); Customfield Editor for Jira (29); Copy Page Tree (67); KARMA Page Builder for Confluence (Conte (164)
nl.avisi.atlassian.stash.user-directory-api,User Directory API for Bitbucket,Avisi Apps bv,5,4,5.0,2026-01-12,,10,Open API (Swagger) Integration (31); Visualize OpenAPI (Swagger) documentatio (21); Enhanced API Authentication for Jira wit (15); External Data for Jira Fields (Connect R (86)
de.resolution.albauth.confluence,AWS SSO ALB & Amazon Authentication for Confluence User Sync,resolution Reichert Network Solutions GmbH,10,1,5.0,2026-09-07,,5,"draw.io Diagrams | UML, BPMN, AWS, ERD,  (1205); Single Sign On SAML SSO for Jira (SSO SA (82); SAML/OAuth SSO for JSM Customers (19); Single Sign On (SSO) via OAuth and OpenI (53)"
de.mid.oslc-connector-for-confluence,OSLC Connector for Confluence,MID GmbH,10,1,5.0,2026-09-21,,16,Power BI Connector for Jira (159); Connector for Salesforce & Jira (236); Slack Integration+ for Jira (77); Power BI Connector - Connect Power BI an (59)
net.veniture.confluence.vSearchHighlighter,Colour & Search Extension for Confluence,DC Factory,10,1,5.0,2025-06-04,,7,JQL Search Extensions for Jira (51); Jira Misc Workflow Extensions (JMWE) (534); Extension for Jira Service Management (150); Theme Extension for Jira Service Managem (26)
com.hivestone.confluence.plugins.linkreport,Link Error Report for Confluence,Hivestone,10,5,3.25,2026-03-07,,15,"HubSpot CRM for Jira Report, Issue Link  (11); eazyBI for Jira Reports, Charts, and Das (227); Reports and Timesheets for Jira (108); Reporting for Confluence (100)"
com.itlab.jira.plugins.issue-linked-event,Issue Link Filter for Jira,it.Lab,10,1,5.0,2026-08-09,,7,"Rich Filters for Jira Dashboards (185); Tissue - Table of linked Issues (13); Table Filter, Charts & Spreadsheets for  (442); HubSpot CRM for Jira Report, Issue Link  (11)"
com.pitronote.jira.Delegated_Administration,Delegated Administration for Jira,Pitronote,7,2,5.0,2026-03-30,,7,Delegated Project Creator for Jira (33); Custom Space User Management (CSUM) for  (17); Group Sign-Off: parallel Multi-Approvals (41); Customfield Editor for Jira (29)
com.deview-studios.atlassian.confluence.private-ai,Private AI for Confluence,Deview Studios,29,0,0,2026-07-09,,9,AI for Confluence Cloud (44); AI Copilot for Jira (18); AI for Jira Cloud (19); (AI powered) Automated Release Notes & R (48)
net.veniture.jira.read-indicator,Issue Read Status,DC Factory,10,5,3.0,2025-11-19,,12,Time in Status (208); Status Time Reports - Time in Status (53); Status Time Reports Free - Time in Statu (58); QC Read and Understood for Confluence (15)
com.methoda.plugins.administerFields,Custom Fields Administrator For Jira Project,Methoda,9,1,5.0,2026-06-24,,6,Awesome Custom Fields – Custom Fields fo (27); Jira Misc Custom Fields (JMCF) (92); Fields - Custom Fields for Jira (48); Power Custom Fields for Jira (34)
com.stellarity.bamboo.boosttest-task,Boost::Test Task,Stellarity Software,9,1,5.0,2025-12-15,,11,PR-Booster For Bitbucket (15); Worklog Time Tracking in Jira & Timeshee (19); Enhancer Plugin for Jira (70); Connector for Salesforce & Jira (236)
jp.ricksoft.plugins.alfresco-for-jira,Alfresco Connector for Jira,"Ricksoft, Inc.",4,5,4.75,2026-08-27,,17,Power BI Connector for Jira (159); Connector for Salesforce & Jira (236); Slack Integration+ for Jira (77); Power BI Connector - Connect Power BI an (59)
ge.twinit.llc.twinitmigration,Insight Assets Cloud Migration Assistant,Twinit,27,0,0,2026-08-12,Insight Assets Backup & Migration,10,"IT Assets, License - Asset Management fo (71); Asset Management for Jira (IT Assets & L (67); Snipe-IT for Jira (Asset Management, JSM (12); Easy Agile TeamRhythm: Story Map, Insigh (161)"
de.resolution.user-deactivator.bitbucket,User Management - License & User Deactivator for Bitbucket,resolution Reichert Network Solutions GmbH,27,0,0,2026-09-09,User Management and License Optimizer for Jira & Confluence,6,User Management for Jira (bulk & timed i (25); Flexible User License - Auto User Manage (22); My User Manager for Jira (11); Flexible User License - Auto User Manage (17)
org.techtime.bamboo.plugins.easysso,EasySSO for Bamboo (Kerberos/NTLM/HTTP headers/SAML SSO),TechTime Initiative Group Limited,6,2,5.0,2026-09-01,,3,"Zephyr - Test Management and Automation  (492); OnLink Import for Assets, Entra ID, Intu (20); QMetry - Test Management for Jira (QTM4J (200)"
de.mid.oslc-connector-for-jira,OSLC Connector for Jira,MID GmbH,8,1,5.0,2026-09-22,,16,Power BI Connector for Jira (159); Connector for Salesforce & Jira (236); Slack Integration+ for Jira (77); Power BI Connector - Connect Power BI an (59)
com.brikit.pinboards,Brikit Pinboards for Confluence,Brikit,8,1,5.0,2026-03-23,,9,Agile Cards - Print Issues from Jira (70); Composition Tabs for Confluence (77); Work Time Calendar - Time Tracking for J (75); Gantt Suite for Jira: project management (15)
de.kupper.it.atlassian.confluence.rsvp,Events and Community (RSVP),Kupper Software,8,1,5.0,2026-07-09,,2,"MANTRA Intranet | News Events Theme Mobi (100); Polls, Votes, Surveys & Community Networ (20)"
de.accxia.apps.jira.enhancedportal.PortalStyler,Portal Styler for JSM,Accxia,23,0,0,2026-07-20,,9,"view26 Charts, Portal Reports & Dashboar (29); JSM Mobile - Service Management Portal (16); Advanced Portal Reports for Jira Service (48); Queues for Jira & JSM (47)"
net.seibertmedia.jira.plugins.epic-panel-plugin,Custom Epic Panel,Seibert,23,0,0,2026-01-16,,13,"Deep Clone for Jira (Copy Projects, Bulk (134); Awesome Custom Fields – Custom Fields fo (27); Jira Misc Custom Fields (JMCF) (92); Elements Copy & Sync (clone issues, proj (57)"
com.tngtech.confluence.plugins.confluence-translator-plugin,Next Generation Translator for Confluence,TNG Technology Consulting GmbH,5,2,5.0,2026-09-10,,5,Lango AI Translator: Language & translat (33); Translations for Confluence (35); Interlingo - Translator for Confluence (10); Classic Settings for Next-Gen projects (10)
net.brutscher.confluence.editortemplates.EditorTemplates,Editor Templates,IT-Beratung Dirk Brutscher,7,1,5.0,2025-12-03,,14,Source Editor for Confluence (25); Templating.app🚀Project Templates & Issue (76); Issue Templates Pro - Description Templa (54); Customfield Editor for Jira (29)
de.resolution.apitokenauth.bitbucket,API Token Authentication for Bitbucket,resolution Reichert Network Solutions GmbH,7,1,5.0,2026-08-27,,6,Enhanced API Authentication for Jira wit (15); Open API (Swagger) Integration (31); Visualize OpenAPI (Swagger) documentatio (21); External Data for Jira Fields (Connect R (86)
com.luxplugins.jira.plugin.scim-user-provisioning-for-confluence,SCIM User Provisioning for Confluence,LuxPlugins,7,1,5.0,2026-09-16,,11,"SCIM Provisioning, User Sync & Group Syn (10); Single Sign On SAML SSO for Jira (SSO SA (82); User Management for Jira (bulk & timed i (25); Flexible User License - Auto User Manage (22)"
com.enhancera.pii.pii4conf,PII Protector for Confluence,"Enhancera, LLC",22,0,0,2026-08-14,PII Protector for Jira,3,"Security for Confluence PII & Secret Sca (15); Data Protection Toolkit: GDPR, PII & DLP (12); Compliance for Confluence (DLP, Classifi (11)"
net.seibertmedia.confluence.plugin.termsofuse-plugin,Terms of Use,Seibert,22,0,0,2025-09-09,,2,"Smart Terms Glossary (Definitions, Highl (46); Reporting for Confluence (100)"
com.stiltsoft.bitbucket.teamcity,TeamCity Integration for Bitbucket,Stiltsoft Europe OÜ,21,0,0,2025-09-23,TeamCity Integration for Jira,15,Slack Integration+ for Jira (77); Open API (Swagger) Integration (31); Toggl Integration for Jira (37); Power BI Connector for Jira (159)
com.stellarity.bamboo.googletest-task,GoogleTest Task,Stellarity Software,21,0,0,2025-12-15,,3,"Task Hub for Jira (15); Task Reminder - Slack & Mail Notificatio (14); Easy Clone: Bulk Clone Issues, Epics & S (36)"
com.kostebekteknoloji.plugins.jira.jira-service-desk-toolbox,Toolbox for Jira Service Management,Köstebek Teknoloji,20,0,0,2025-09-29,,10,Jira Workflow Toolbox (540); Extension for Jira Service Management (150); Chat for Jira Service Management (57); Actions for Jira Service Management (36)
kz.als.hiding_sections_and_fields,"Hiding sections and fields, read-only fields",ALS Development,6,1,5.0,2026-07-23,,10,Fields - Custom Fields for Jira (48); Awesome Custom Fields – Custom Fields fo (27); Jira Misc Custom Fields (JMCF) (92); Message field (12)
com.wombatscorp.confluence-group-rename,Rename Group in Confluence,Wombats Corp,6,1,5.0,2026-07-13,,4,"User/Group Export & License Optimizer fo (18); Group Sign-Off: parallel Multi-Approvals (41); SCIM Provisioning, User Sync & Group Syn (10); AURA Table Filter for Confluence (Views  (56)"
eu.kyona.miniwiki,MiniWiki - file & wiki explorer for Jira,kyona group,6,1,5.0,2025-07-21,,0,
eu.toimproveit.saml.confluence.SAML4Confluence,SAML (SSO) Single Sign-On for Confluence,2improveIT,19,0,0,2026-06-11,,11,Single Sign On SAML SSO for Jira (SSO SA (82); SAML/OAuth SSO for JSM Customers (19); Translations for Confluence (35); Copy Page Tree (67)
com.brikit.blueprintmaker,Brikit Blueprint Maker,Brikit,19,0,0,2026-03-23,,6,"Page Tree Creator Pro (Blueprint, Templa (22); Group Sign-Off: parallel Multi-Approvals (41); Work Time Calendar - Time Tracking for J (75); Gantt Suite for Jira: project management (15)"
pl.uniteam.showmemore,"Show Me More - your board, your way",Uniteam,3,3,5.0,2026-07-06,,1,"Better Commit Policy for Jira (Git, Bitb (22)"
com.coresoftlabs.announcement-feeds,Announcement Feeds - Smart Banners,Almarise,4,2,5.0,2025-07-17,,3,Announcer for Jira (12); Lively Blogs - Dynamic News and Feeds fo (15); Feature Bundle – Self-Service Extension  (51)
com.almarise.apps.idea-hub,Idea Hub - Initiatives and Product Discovery in Jira,Almarise,18,0,0,2026-09-17,,6,"Task Hub for Jira (15); GitHub Macros for Confluence (10); GitHub & Jira integration (18); Dashboard Hub Pro (Charts, Reports, Time (82)"
de.edrup.confluence.plugins.simple-anonymizer,Simple User Anonymizer (GDPR),Purde Software,18,0,0,2026-05-21,,6,Simple Tasklists (17); Simple Timesheet & Worklog Dashboard Gad (11); Simple Reminder – Email Notifications (12); User Management for Jira (bulk & timed i (25)
com.addteq.jira.plugin.accessibility.addteq-jira-unstoppable,UnStoppable for Jira,Addteq Inc,18,0,0,2026-05-26,,0,
de.kupper.it.atlassian.confluence.panels,Panels,Kupper Software,17,0,0,2026-06-13,,2,AURA Content Formatting Macros Tabs LaTe (212); Advanced Panelboxes for Confluence (12)
kr.osci.apps.flex_bitbucket,Flexible User License - Auto User Management for Bitbucket,OSCi (Open Source Consulting),5,1,5.0,2026-04-03,Flexible CSV/XLSX Bulk User Import for Jira,7,"User/Group Export & License Optimizer fo (18); IT Assets, License - Asset Management fo (71); User Management for Jira (bulk & timed i (25); Asset Management for Jira (IT Assets & L (67)"
com.shdsd.confluence.plugin.reportWise,Weekly Report,DragonSoft,5,1,5.0,2025-08-01,,19,"eazyBI for Jira Reports, Charts, and Das (227); Reports and Timesheets for Jira (108); Reporting for Confluence (100); Worklogs - Time Tracking, Time Reports,  (101)"
de.accxia.apps.confluence.webbooster.WebBooster4Confluence,WebBooster for Confluence,Accxia,5,1,5.0,2023-04-12,,0,
de.syracom.bitbucket.plugins.securelogin,Secure Login (2FA) for Bitbucket,syracom AG,5,1,5.0,2026-09-10,,5,Secure Fields - Data Security & Privacy  (30); Security & Encryption for Confluence (47); Comment Security Default (15); Security for Confluence PII & Secret Sca (15)
com.cprime.jira.plugins.globalsso-for-jira,Global SSO Single SignOn for Jira (SAML),Appfire,5,1,5.0,2026-05-12,,12,Single Sign On SAML SSO for Jira (SSO SA (82); Single Sign On (SSO) via OAuth and OpenI (53); Single Sign On (SSO) via OAuth/OpenID fo (74); SAML/OAuth SSO for JSM Customers (19)
com.accxia.jira.plugins.maintenance.Maintenance,Maintenance Mode for Jira (the Original),Accxia,16,0,0,2025-04-16,,8,Company Calendar for Jira (38); Easy Heading Macro (Floating Table of Co (19); LaTeX Math+ for Confluence (33); Magic Estimations - Async and Planning P (37)
de.kupper.it.atlassian.confluence.widgets,Widgets,Kupper Software,16,0,0,2026-06-14,,6,"Countdown Timer (40); Status & Progress Report, Sum Up Dashboa (10); Quick Filters for Jira Dashboards (Chart (22); Time & Cost Tracker for Jira (Timesheet  (17)"
net.veniture.confluence.Translator,Translator for Confluence,DC Factory,3,2,5.0,2024-06-27,,4,Lango AI Translator: Language & translat (33); Translations for Confluence (35); Interlingo - Translator for Confluence (10); Group Sign-Off: parallel Multi-Approvals (41)
pl.softlist.calls.finesse.callcenter-integration,Cisco Finesse integration for Jira,Softlist Sp. z o.o.,3,2,5.0,2026-05-15,,16,Slack Integration+ for Jira (77); Open API (Swagger) Integration (31); Toggl Integration for Jira (37); Power BI Connector for Jira (159)
net.seibertmedia.confluence.macro-manager,Macro Security Manager for Confluence (Compliance),kencha Software,6,1,3.75,2026-02-10,,14,Refined Macro Toolkit (Content Formattin (35); HTML Macro for Confluence (31); Secure Fields - Data Security & Privacy  (30); Security & Encryption for Confluence (47)
com.caritteprod.group-ambassadors-conf,Group Ambassadors for Confluence,Jaanga,7,1,2.5,2026-07-10,Group Ambassadors - Delegate Group Management & Membership,4,"User/Group Export & License Optimizer fo (18); Group Sign-Off: parallel Multi-Approvals (41); SCIM Provisioning, User Sync & Group Syn (10); AURA Table Filter for Confluence (Views  (56)"
com.deview-studios.atlassian.jira.ai-issue-generator,AI Issue Breakdown Assistant for Jira (Cloud & Private AI),Deview Studios,14,0,0,2026-07-06,Issue AI Analytics for Jira (Cloud & Private AI),10,AI for Confluence Cloud (44); AI Copilot for Jira (18); AI for Jira Cloud (19); (AI powered) Automated Release Notes & R (48)
net.globosolutions.plugins.bitbucket2telegram,Telegram Connector for Bitbucket,Globo Solutions,14,0,0,2026-06-29,,14,Telegram to Jira Connector (18); Power BI Connector for Jira (159); Connector for Salesforce & Jira (236); Slack Integration+ for Jira (77)
com.mgmtp.jira.app.user-data-cleanup.jira-user-cleanup,User Data Cleanup for Jira,mgm technology partners,3,4,4.06,2026-05-28,,10,Optimizer for Jira (Health Checks & Clea (33); User Management for Jira (bulk & timed i (25); Flexible User License - Auto User Manage (22); Flexible User License - Auto User Manage (17)
com.itlab.jira.plugins.attachment-downloader,Attachment Downloader for Jira,it.Lab,4,1,5.0,2026-08-09,,8,Bulk Attachment Download (12); Cenote Lockpoint - Attachment Checkout (29); GoEdit - Simply edit attachments! (102); Smart Attachments for Jira (File & Docum (80)
com.itlab.jira.plugins.select2,Select2 Transformer for Jira,it.Lab,4,1,5.0,2026-08-09,,6,Scroll PDF Exporter for Confluence (228); Scaffolding Forms & Templates for Conflu (124); Issue Matrix for Jira (42); JSM Mobile - Service Management Portal (16)
com.shdsd.plugin.sync-to-jira,Sync to Jira,DragonSoft,4,1,5.0,2025-09-08,,13,"Backbone Work Sync for Jira (Two Way Iss (72); Elements Copy & Sync (clone issues, proj (57); User Profiles for Jira (Microsoft Attrib (26); Work Sync for Jira (Connector) FORGE (24)"
de.kupper.it.atlassian.confluence.carousel,Responsive Carousel,Kupper Software,13,0,0,2022-10-27,,5,Canned Responses Pro Templates for Jira (108); Response Templates for Jira (Canned Resp (11); Process Templates for Jira (Issue Templa (23); Instant Websites for Confluence (15)
com.cprime.confluence.plugins.globalsso-for-confluence,Global SSO for Confluence,Appfire,4,2,3.75,2026-05-12,,10,Single Sign On SAML SSO for Jira (SSO SA (82); SAML/OAuth SSO for JSM Customers (19); Single Sign On (SSO) via OAuth and OpenI (53); Single Sign On (SSO) via OAuth/OpenID fo (74)
com.shdsd.plugin.watermarkForJira,Watermark for Jira and JSM,DragonSoft,12,0,0,2026-04-15,,15,Queues for Jira & JSM (47); Microsoft Teams for Jira & JSM (30); Discord for Jira & JSM (12); Microsoft 365 for Jira & JSM (Teams & Ou (195)
com.miniorange.twofactor.bamboo-twofactor,mO 2FA for Bamboo (Two Factor Authentication),miniOrange,12,0,0,2026-07-20,,8,"Fields - Custom Fields for Jira (48); Pivot Report: Roll Up Epic Issues, Workl (80); Single Sign On (SSO) via OAuth/OpenID fo (74); Zephyr - Test Management and Automation  (492)"
net.koncis.listedit,Easy List Edit (for Jira),Condoctor ApS,12,0,0,2026-03-04,,10,GoEdit - Simply edit attachments! (102); SQL for Confluence (Pro Edition) (29); Easy Issue Templates for Jira (81); My ToDo Checklist - Fast Inline ToDo Lis (47)
com.miniorange.userprofile.confluence.userprofile-confluence,Custom profile attributes and LDAP sync for Confluence,miniOrange,2,2,5.0,2026-05-28,,15,User Profiles for Jira (Microsoft Attrib (26); User Profiles for Confluence (Microsoft  (31); Entra ID (Azure AD) Attributes Sync for  (21); Awesome Custom Fields – Custom Fields fo (27)
bamboo-unified-connector,"Microsoft Teams, Slack, Google Chat integration for Bamboo",Move Work Forward,3,1,5.0,2026-01-14,Advanced Microsoft Teams Connector for Confluence,5,Microsoft Teams for Jira & JSM (30); Microsoft 365 for Jira & JSM (Teams & Ou (195); Slack Integration+ for Jira (77); Slack Integration for Jira (17)
com.shdsd.jira.plugin.ProjectProps,Project Properties Extension for Jira,DragonSoft,3,1,5.0,2025-07-03,,11,"Jira Misc Workflow Extensions (JMWE) (534); Properties - Templates, Metadata & Datab (17); JQL Search Extensions for Jira (51); Extension for Jira Service Management (150)"
com.digixperience.atlassian.confluence.community,"Community (Ask, Discuss and Innovate)",DigiXperience,3,1,5.0,2023-03-08,,5,"Polls, Votes, Surveys & Community Networ (20); Intercom for Jira (18); MANTRA Intranet | News Events Theme Mobi (100); Telegram to Jira Connector (18)"
com.ovyka.jira.ovpronotifier,Advanced Notifications for Jira by Ovyka,Ovyka,3,1,5.0,2025-10-10,,12,Notification Assistant for Jira - Email (57); Inbox for Jira (smart notifications) (21); Advanced Portal Reports for Jira Service (48); Advanced Microsoft Teams Connector for J (43)
de.xalt.confluence.plugins.advanced-tabs,Advanced Tabs - Tabbed Page Navigation For Confluence,XALT Business Consulting GmbH,10,0,0,2025-11-13,,11,"Composition Tabs for Confluence (77); Advanced Portal Reports for Jira Service (48); Mosaic: Content Formatting Macros, Tabs  (113); AURA Content Formatting Macros Tabs LaTe (212)"
com.glintech.jira.plugins.terms-and-conditions-for-jira,Terms and Conditions for Jira,GLiNTECH - a Valiantys company,10,0,0,2026-03-03,Terms and Conditions for Confluence Cloud,5,"Smart Terms Glossary (Definitions, Highl (46); Workflow Enhancer for Jira (43); Group Sign-Off: parallel Multi-Approvals (41); Approval Path for Jira (26)"
com.fulstech.jira-checklist,Checklist Custom Field for Jira Data Center,Fulstech,9,0,0,2026-02-13,,10,Awesome Custom Fields – Custom Fields fo (27); Jira Misc Custom Fields (JMCF) (92); Fields - Custom Fields for Jira (48); Power Custom Fields for Jira (34)
com.empyra.upl.UserPropertyListenerforJira,User Property Listener for Jira,appserve.ai – a division of Empyra,1,3,5.0,2026-07-17,,5,"Properties - Templates, Metadata & Datab (17); User Management for Jira (bulk & timed i (25); Flexible User License - Auto User Manage (22); Flexible User License - Auto User Manage (17)"
com.jbehaveforjira.plugin,JBehave for Jira,SpecBright,1,4,4.69,2026-04-09,,1,Behave Pro: BDD in Jira with Cucumber (45)
de.resolution.httpheaderauth.confluence,HTTP Header Authentication for Confluence,resolution Reichert Network Solutions GmbH,8,0,0,2026-09-07,,6,Enhanced API Authentication for Jira wit (15); Single Sign On (SSO) via OAuth/OpenID fo (74); Single Sign On (SSO) via OAuth and OpenI (53); AURA Content Formatting Macros Tabs LaTe (212)
com.dsr.atlassian.jira.custom-field-protector-jira-plugin,Delta Guard: security for custom fields in Jira,DSR Corporation,2,1,5.0,2026-06-01,,0,
de.t2consult.atlassian.jira.announceit,Announce It for Jira,t2consult,2,1,5.0,2026-06-26,Announce It Lite for Jira,6,Announcer for Jira (12); Feature Bundle – Self-Service Extension  (51); Message field (12); Lively Blogs - Dynamic News and Feeds fo (15)
bitbucket-google-chat-integration,Google Chat integration for Bitbucket,votazz,2,1,5.0,2025-11-19,,9,Google Drive Connector for Jira Automati (14); Google Drive Connector in Confluence (51); Google Sheets for Confluence (Workspace  (19); Google Drive Connector for Confluence (14)
ch.infometis.jira.tdo,Test Data Orchestrator,Infometis,2,1,5.0,2025-11-06,,12,"AIO Tests: QA Testing and Test Managemen (114); Xray - Test Management for Jira (553); Zephyr - Test Management and Automation  (492); Agile Test: Enterprise QA Testing, Test  (74)"
de.catworkx.jira.plugins.scheduled-operations-layer,Teamworkx Connector for Jira,catworkx GmbH,7,0,0,2025-10-16,,16,Power BI Connector for Jira (159); Connector for Salesforce & Jira (236); Slack Integration+ for Jira (77); Power BI Connector - Connect Power BI an (59)
net.utoolity.atlassian.bamboo.automation-with-aws-bamboo,Automation with AWS (Bamboo),Utoolity,7,0,0,2026-09-01,,11,"JSU Automation Suite for Jira Workflows (298); draw.io Diagrams | UML, BPMN, AWS, ERD,  (1205); Zephyr - Test Management and Automation  (492); Google Drive Connector for Jira Automati (14)"
com.itlab.jira.plugins.workflow-booster,Workflow Booster for Jira,it.Lab,1,2,5.0,2026-08-09,,12,Jira Workflow Toolbox (540); PR-Booster For Bitbucket (15); Jira Misc Workflow Extensions (JMWE) (534); JSU Automation Suite for Jira Workflows (298)
de.kyona.todoboard,MyToDo Board for Jira,kyona group,1,2,5.0,2024-02-14,,3,Advanced Kanban & Agile Boards: SAFe & W (17); Easy Agile Programs - PI Planning Progra (46); Hill Chart for Jira (Shape Up Board) (10)
net.brokenbuild.dc.burn-chart,Burnup Burndown chart gadget (forecast on Jira DC Dashboard),Broken Build,6,0,0,2026-09-16,Burnup Burndown charts: forecasting in Jira Dashboard gadget,8,"Custom Charts for Jira -Reports, Dashboa (139); eazyBI for Jira Reports, Charts, and Das (227); Great Gadgets: Agile Dashboard Charts, M (49); Table Filter, Charts & Spreadsheets for  (442)"
net.brokenbuild.dc.cycle-time,"Cycle Time Gadgets: Time in Status, Trend report for Jira",Broken Build,6,0,0,2026-09-14,"Time in Status report, Cycle Time & Lead Time Chart for Jira",13,"Agile Charts - WIP, Cycle & Lead Time, T (18); Time in Status (208); Status Time Reports Free - Time in Statu (58); Status Time Reports - Time in Status (53)"
asset-history,Assets History for Jira,SaaSJet,6,0,0,2026-07-22,,10,"Issue History for Jira (Work Item Histor (95); Issue History Collector - See History (39); IT Assets, License - Asset Management fo (71); Asset Management for Jira (IT Assets & L (67)"
com.miniorange.usermanagement.bitbucket-user-management,Automated User Management & Auto-deactivation for Bitbucket,miniOrange,6,0,0,2026-09-18,,10,Zephyr - Test Management and Automation  (492); User Management for Jira (bulk & timed i (25); JSU Automation Suite for Jira Workflows (298); Flexible User License - Auto User Manage (22)
com.whitesoftware.confluence.navigator-for-confluence,Navigator for Confluence,White Software,6,0,0,2026-02-09,Navigator for Jira,7,Navitabs - Navigation Macros for Conflue (45); SubSpace Navigation for Confluence (63); STAGIL Navigation Menus for Jira (20); Navigation Menus for Confluence (quick & (17)
com.miniorange.bitbucket.crowd.bitbucket-crowd-sso,mO SSO connector for Crowd and Bitbucket,miniOrange,6,0,0,2026-08-24,,16,Single Sign On SAML SSO for Jira (SSO SA (82); Power BI Connector for Jira (159); Connector for Salesforce & Jira (236); SAML/OAuth SSO for JSM Customers (19)
com.addteq.confluence.plugin.unstoppable.unstoppable-confluence,Unstoppable for Confluence,Addteq Inc,6,0,0,2026-03-20,,0,
de.kupper.it.atlassian.confluence.bulk.space.categories,Bulk Space Categories (labels),Kupper Software,6,0,0,2023-11-19,,9,"Deep Clone for Jira (Copy Projects, Bulk (134); Bulk Attachment Download (12); SubSpace Navigation for Confluence (63); Bulk Clone Professional for Jira (18)"
net.utoolity.atlassian.jira.identity-federation-for-aws-jira,Identity Federation for AWS (Jira),Utoolity,6,0,0,2026-09-01,,1,"draw.io Diagrams | UML, BPMN, AWS, ERD,  (1205)"
com.sevidev.advanced.issue.history,Advanced Issue History,Sevidev,5,0,0,2026-06-02,,7,Issue History for Jira (Work Item Histor (95); Issue History Collector - See History (39); Advanced Export – Scheduled Work Items R (19); Advanced Portal Reports for Jira Service (48)
net.savignano.s-notify.bitbucket.gui,S/Notify Email Encryption for Bitbucket,savignano software solutions,5,0,0,2025-10-14,,5,Email This Issue (181); Notification Assistant for Jira - Email (57); mailto.wiki - Email for Confluence (11); Simple Reminder – Email Notifications (12)
com.ovyka.jira.ovelasticlink,BI Indexer: ElasticSearch for Jira by Ovyka,Ovyka,5,0,0,2024-01-19,,4,"Power BI Connector for Jira (159); Power BI Connector - Connect Power BI an (59); eazyBI for Jira Reports, Charts, and Das (227); Power BI for Confluence (Embed and Share (18)"
com.medeuit.jira.project-administration-access,Project Administration Access,Medeu IT,1,1,5.0,2026-02-20,,7,"Multiplier - Access Management & IGA for (19); Deep Clone for Jira (Copy Projects, Bulk (134); Projectrak (Project Portfolio Management (128); Delegated Project Creator for Jira (33)"
com.borg.bitbucket.stop-the-line,Stop The Line for Bitbucket,Sveasoft,1,1,5.0,2026-03-20,,8,"Jira Command Line Interface (CLI) (32); Confluence Command Line Interface (CLI) (31); Issue Templates Agent (fields, structure (49); Table Filter, Charts & Spreadsheets for  (442)"
com.almarise.apps.communities,Communities for Jira,Almarise,1,1,5.0,2026-09-17,,5,"Polls, Votes, Surveys & Community Networ (20); Intercom for Jira (18); MANTRA Intranet | News Events Theme Mobi (100); Telegram to Jira Connector (18)"
com.mgmtp.jira.app.group-master.jira-group-master,Group Master for Jira,mgm technology partners,4,0,0,2026-09-10,,5,"AI Scrum Master - Standup Meetings & Tim (127); User/Group Export & License Optimizer fo (18); Group Sign-Off: parallel Multi-Approvals (41); SCIM Provisioning, User Sync & Group Syn (10)"
io.innovura.plugins.avatari,Avatari | Avatar Generator,Futurate,4,0,0,2024-02-06,,0,
com.acis.rm,Quality Risk Manager,Acis,4,0,0,2026-08-30,,6,"SoftComply Risk Manager for Basic Produc (14); SoftComply Risk Manager Plus for Advance (10); Risk Register, Risk Management for Jira  (17); Risk Register (48)"
com.miniorange.password.password-policy,Advanced Password Policy Manager for Jira,miniOrange,4,0,0,2023-07-12,,9,"Password for Confluence (17); Better Commit Policy for Jira (Git, Bitb (22); Advanced Portal Reports for Jira Service (48); Advanced Panelboxes for Confluence (12)"
org.techtime.bitbucket.plugins.easytime,EasyTime Automatic Tracker for Bitbucket Time Tracking,TechTime Initiative Group Limited,4,0,0,2025-10-02,EasyTime Automatic Tracker for Confluence Time Tracking,5,Capacity Tracker (36); Time Tracker for Jira Cloud & DC (298); Clockwork Lite Time Tracker - Time Track (112); WorklogPRO - Timesheets and Cost Tracker (43)
net.brutscher.confluence.searchbelow.SearchBelow,Search Below,IT-Beratung Dirk Brutscher,4,0,0,2025-12-03,,1,JQL Search Extensions for Jira (51)
com.jsoft.jira.plugins.jira-ms365,Microsoft 365 Connector for Jira,J Soft,4,0,0,2026-04-17,,8,Microsoft 365 for Jira & JSM (Teams & Ou (195); Advanced Microsoft Teams Connector for J (43); Advanced Microsoft Teams Connector for C (17); Microsoft Teams for Jira & JSM (30)
com.miniorange.bamboo.crowd.bamboo-crowd-sso,mO SSO connector for Crowd and Bamboo,miniOrange,4,0,0,2026-08-21,,16,Single Sign On SAML SSO for Jira (SSO SA (82); Power BI Connector for Jira (159); Connector for Salesforce & Jira (236); SAML/OAuth SSO for JSM Customers (19)
de.resolution.usersync.bitbucket,"User Sync: SCIM Provisioning, Group Sync for Bitbucket",resolution Reichert Network Solutions GmbH,4,0,0,2026-08-28,,11,"User Profiles for Jira (Microsoft Attrib (26); User Profiles for Confluence (Microsoft  (31); SCIM Provisioning, User Sync & Group Syn (10); Backbone Work Sync for Jira (Two Way Iss (72)"
net.utoolity.atlassian.jira.automation-with-aws-jira,Automation with AWS (Jira),Utoolity,4,0,0,2026-09-01,,11,"JSU Automation Suite for Jira Workflows (298); draw.io Diagrams | UML, BPMN, AWS, ERD,  (1205); Zephyr - Test Management and Automation  (492); Google Drive Connector for Jira Automati (14)"
de.t2consult.atlassian.jira.dynamic,Dynamic UI for Jira,t2consult,3,0,0,2025-12-30,,3,"Dynamic Forms for Jira (58); Draw UI Wireframes, Mockup, Prototype &  (13); Lively Blogs - Dynamic News and Feeds fo (15)"
com.mgmtp.jira.app.group-master.confluence-group-master,Group Master for Confluence,mgm technology partners,3,0,0,2026-09-10,,5,"AI Scrum Master - Standup Meetings & Tim (127); User/Group Export & License Optimizer fo (18); Group Sign-Off: parallel Multi-Approvals (41); SCIM Provisioning, User Sync & Group Syn (10)"
kr.osci.apps.flex_jsm,Flexible User License - Auto User Management for JSM,OSCi (Open Source Consulting),3,0,0,2026-09-08,Flexible CSV/XLSX Bulk User Import for Jira,7,"User/Group Export & License Optimizer fo (18); IT Assets, License - Asset Management fo (71); User Management for Jira (bulk & timed i (25); Asset Management for Jira (IT Assets & L (67)"
com.sodius.oslc.app.confluence,SodiusWillert OSLC Connect for Confluence,SodiusWillert,3,0,0,2026-03-31,SodiusWillert OSLC Connect for Jira,16,Power BI Connector for Jira (159); Connector for Salesforce & Jira (236); Slack Integration+ for Jira (77); Power BI Connector - Connect Power BI an (59)
de.devopssystems.defaulttasks.bitbucket.default-task-bitbucket,Smart Default Tasks for Pull Requests,DevOpsSystems GmbH,3,0,0,2026-03-09,,13,Smart Checklists for Jira (132); Comment Security Default (15); Default Values for 'Create Issue' screen (26); Task Hub for Jira (15)
de.smartics.userscripts-for-confluence,Userscripts for Confluence,smartics,3,0,0,2026-09-04,,0,
com.brikit.contentflow,Brikit Content Flow,Brikit,3,0,0,2025-01-17,,11,Scroll Content Manager for Confluence (37); Custom Content for Jira (22); KARMA Page Builder for Confluence (Conte (164); Better Content Archiving and Analytics f (155)
cea4b4d2-9e2c-4c93-bfa5-0b944b0876d0.stash,Kantega User Management & License Optimizer for Bitbucket,Kantega SSO,2,0,0,2026-07-03,Kantega User Management & License Optimizer for Confluence,6,User Management for Jira (bulk & timed i (25); Flexible User License - Auto User Manage (22); My User Manager for Jira (11); Flexible User License - Auto User Manage (17)
com.teamswork.export.owly-jira-data-exporter,Owly Json Data Exporter for Jira,"Teams, Work. Ltd",2,0,0,2026-05-16,,9,Scroll PDF Exporter for Confluence (228); External Data for Jira Fields (Connect R (86); Scroll Word Exporter for Confluence (136); Markdown Exporter for Confluence (22)
net.brokenbuild.dc.cumulative-flow,Cumulative Flow Diagrams/CFD for Scrum/Kanban (Agile Charts),Broken Build,2,0,0,2026-07-29,Cumulative Flow Diagrams/CFD for Jira (Agile Charts Gadgets),11,"Gliffy Diagrams for Confluence (799); draw.io Diagrams for Jira (350); Mermaid Diagrams for Confluence (23); draw.io Diagrams | UML, BPMN, AWS, ERD,  (1205)"
de.t2consult.atlassian.jira.attachmentscanner,Attachment Scanner for Jira,t2consult,2,0,0,2025-10-30,,10,Bulk Attachment Download (12); Cenote Lockpoint - Attachment Checkout (29); GoEdit - Simply edit attachments! (102); Smart Attachments for Jira (File & Docum (80)
eu.toimproveit.atlassian.terminal4bitbucket,Terminal for Bitbucket,2improveIT,2,0,0,2025-10-22,,6,"OnLink Import for Assets, Entra ID, Intu (20); Smart Courses for Confluence (LMS, Quizz (51); Smart Terms Glossary (Definitions, Highl (46); IZI for Confluence (LMS, Training Course (34)"
de.resolution.usersync.bamboo,"User Sync: SCIM Provisioning, Group Sync for Bamboo",resolution Reichert Network Solutions GmbH,2,0,0,2026-08-28,,11,"User Profiles for Jira (Microsoft Attrib (26); User Profiles for Confluence (Microsoft  (31); SCIM Provisioning, User Sync & Group Syn (10); Backbone Work Sync for Jira (Two Way Iss (72)"
eu.toimproveit.saml.bitbucket.SAML4Bitbucket,SAML (SSO) Single Sign-On for Bitbucket,2improveIT,2,0,0,2025-02-14,,11,Single Sign On SAML SSO for Jira (SSO SA (82); SAML/OAuth SSO for JSM Customers (19); Translations for Confluence (35); Copy Page Tree (67)
com.itlab.jira.plugins.dashboard-booster,Dashboard Booster for Jira,it.Lab,0,1,5.0,2026-08-09,,15,"Rich Filters for Jira Dashboards (185); PR-Booster For Bitbucket (15); eazyBI for Jira Reports, Charts, and Das (227); Dashboard Hub for Confluence (Reports, D (10)"
com.accxia.sd.doubleprotect,DoubleProtect,Accxia-US,0,1,5.0,2025-09-12,,0,
com.alphalyrae.likertsurvey,Likert Rating Survey,Alpha Lyrae Systems,0,1,5.0,2021-10-08,,3,"Multivote & Enterprise Survey for Conflu (32); Customer Satisfaction (CSAT) Survey for  (43); Polls, Votes, Surveys & Community Networ (20)"
eu.toimproveit.saml.bamboo.SAML4Bamboo,SAML (SSO) Single Sign-On for Bamboo,2improveIT,0,1,5.0,2025-02-14,,11,Single Sign On SAML SSO for Jira (SSO SA (82); SAML/OAuth SSO for JSM Customers (19); Translations for Confluence (35); Copy Page Tree (67)
com.miniorange.migration.jira-migration-assistant,"DLP- Sensitive Data ( PII, GDPR ) Scanner & Cleaner for Jira",miniOrange,1,0,0,2026-07-06,,4,"Nightfall AI DLP for Confluence (10); Compliance for Confluence (DLP, Classifi (11); Data Protection Toolkit: GDPR, PII & DLP (12); Nightfall AI DLP for Jira (11)"
com.churrie.confluenceOnewaySync,One-Way Sync for Confluence,Churrie Works Inc,1,0,0,2026-02-21,,8,"Deep Clone for Jira (Copy Projects, Bulk (134); Elements Copy & Sync (clone issues, proj (57); Clone Plus for Jira (58); Bulk Clone Professional for Jira (18)"
com.dsr.atlassian.jira.jira-tree-plugin,Sigma Tree: WBS tasks structure for Jira,DSR Corporation,1,0,0,2025-12-10,,5,"Copy Page Tree (67); Tree View (10); Agile Tools-Epic Tree, Links Tree, Time  (20); Page Tree Creator Pro (Blueprint, Templa (22)"
com.plateer.matilda.smart-license-for-jira,Smart License Manager for Jira,Plateer,1,0,0,2026-06-24,,14,"Asset Management for Jira (IT Assets & L (67); Smart Checklists for Jira (132); IT Assets, License - Asset Management fo (71); Smart Attachments for Jira (File & Docum (80)"
net.brokenbuild.dc.monte-carlo-chart,Monte Carlo simulations for Jira (Agile Charts Reports KPIs),Broken Build,1,0,0,2026-09-16,Monte Carlo Simulations & Capacity Planning for Scrum/Kanban,5,"Gantt Charts, Forecasting, Roadmap, Kanb (12); ActionableAgile® Analytics: Kanban/ Agil (32); Agile Reports & Gadgets: 30+ delivery he (21); Simple Reminder – Email Notifications (12)"
net.brokenbuild.dc.custom-chart,Created vs Resolved charts for Jira (Agile Gadgets Reports),Broken Build,1,0,0,2026-09-24,"Created vs Resolved charts for Scrum, Kanban (Agile Reports)",7,Create on Transition for Jira (49); TeamTime | Resource Reports: Estimate vs (18); Default Values for 'Create Issue' screen (26); Elements Publish (Confluence pages creat (14)
net.brokenbuild.dc.wip-chart,Agile WIP Aging & Run charts for Jira (Gadgets Reports KPIs),Broken Build,1,0,0,2026-09-17,,13,"Advanced Kanban & Agile Boards: SAFe & W (17); Agile Charts - WIP, Cycle & Lead Time, T (18); ActionableAgile® Analytics: Kanban/ Agil (32); Great Gadgets: Agile Dashboard Charts, M (49)"
tn.arribatt.jira.saveAsDraft,Save as Draft – For lengthy forms,Arribatt,1,0,0,2025-12-04,,9,Comala Publishing (40); Actions for Jira Service Management (36); Numbered Headings (114); Space Sync for Confluence (Copy & Publis (11)
de.accxia.jira.addon.access.AccxiaGenericJiraAccess,Generic Access for Jira,Accxia,1,0,0,2026-07-29,,2,Multiplier - Access Management & IGA for (19); AI Test Case and User Story Issue Auto G (11)
com.infosysta.session.sessionManagement,Session Manager for Confluence,Futurate,1,0,0,2026-08-12,,16,Xray - Test Management for Jira (553); Zephyr - Test Management and Automation  (492); Comala Document Management (175); Scroll Content Manager for Confluence (37)
com.xdevpod.Translate-for-Jira,Translate for Jira,XDevPod,1,0,0,2026-07-01,,4,Lango AI Translator: Language & translat (33); Translations for Confluence (35); Interlingo - Translator for Confluence (10); Group Sign-Off: parallel Multi-Approvals (41)
com.methoda.addons.add-another,Add Another - Multiple Issue Creation,Methoda,1,0,0,2026-08-11,,6,"Just Add+ Embed Markdown, Diagrams, & Co (50); PlantUML Diagrams for Confluence I UML,  (50); Mermaid Diagrams for Confluence (23); ControlFreak - Commit Checks and Jira Ho (21)"
com.keplertechnologies.multiFactorAuthForJira,Kepler - Multi-Factor Authentication For Jira,Kepler Technologies,1,0,0,2025-12-31,Kepler - Merging Documents | Ms Office & Pdf,1,Power Custom Fields for Jira (34)
com.sevidev.jira.newspopup.announcementsforjira,Announcements for Jira,Sevidev,1,0,0,2024-09-20,,6,Announcer for Jira (12); Feature Bundle – Self-Service Extension  (51); Message field (12); Lively Blogs - Dynamic News and Feeds fo (15)
com.infosysta.jira.UserAccessControl,Session Manager for Jira,Futurate,1,0,0,2026-08-12,,16,Xray - Test Management for Jira (553); Zephyr - Test Management and Automation  (492); Comala Document Management (175); Scroll Content Manager for Confluence (37)
eu.toimproveit.atlassian.terminal4jira,Terminal for Jira,2improveIT,1,0,0,2025-10-22,,6,"OnLink Import for Assets, Entra ID, Intu (20); Smart Courses for Confluence (LMS, Quizz (51); Smart Terms Glossary (Definitions, Highl (46); IZI for Confluence (LMS, Training Course (34)"
com.shdsd.plugin.AutoStatus,Automatic Status for Jira,DragonSoft,1,0,0,2022-10-18,,8,Time in Status (208); Status Time Reports Free - Time in Statu (58); Status Time Reports - Time in Status (53); Timepiece - Time in Status for Jira (270)
com.acis.tm,Template Manager,Acis,1,0,0,2026-06-19,,14,Templating.app🚀Project Templates & Issue (76); Issue Templates Pro - Description Templa (54); Space Templates & Content Templates for  (16); Easy Issue Templates for Jira (81)
com.akelesconsulting.jira.plugins.groupcfpicker,Group Alias Picker,Akeles Consulting,1,0,0,2023-12-11,,5,"Issue Picker for Jira (13); User/Group Export & License Optimizer fo (18); Group Sign-Off: parallel Multi-Approvals (41); SCIM Provisioning, User Sync & Group Syn (10)"
com.luxplugins.bitbucket.plugin.scim-for-bitbucket,SCIM User Provisioning for Bitbucket,LuxPlugins,1,0,0,2026-09-16,,11,"SCIM Provisioning, User Sync & Group Syn (10); Single Sign On SAML SSO for Jira (SSO SA (82); User Management for Jira (bulk & timed i (25); Flexible User License - Auto User Manage (22)"
com.miniorange.usersync.miniorange-usersync-bitbucket,"mO SCIM Provisioning, User Sync & Group Sync for Bitbucket",miniOrange,1,0,0,2026-09-16,"mO SCIM Provisioning, User Sync & Group Sync for Confluence",10,"SCIM Provisioning, User Sync & Group Syn (10); Single Sign On SAML SSO for Jira (SSO SA (82); Fields - Custom Fields for Jira (48); Single Sign On (SSO) via OAuth/OpenID fo (74)"
io.kazimir.epicwatcher,Epic watcher,Doitb,1,0,0,2025-09-19,,9,"Deep Clone for Jira (Copy Projects, Bulk (134); Elements Copy & Sync (clone issues, proj (57); Clone Expert for Jira Templates, Epics a (20); Process Templates for Jira (Issue Templa (23)"
com.miniorange.git.authentication.bitbucket-git-authentication,Git Client Authentication via SSO for Bitbucket,miniOrange,1,0,0,2026-09-15,,8,"Git Integration for Jira (GitHub, GitLab (343); Git for Confluence (GitHub, GitLab, Bitb (22); Jigit - GitHub, GitLab, Gerrit integrati (34); Just Add+ Embed Markdown, Diagrams, & Co (50)"
com.celestecs.jira.celestecs-jql-extensions,CelesteCS JQL Extensions for Jira,Celeste Creative Solutions,1,0,0,2021-06-10,,8,JQL Search Extensions for Jira (51); Jira Misc Workflow Extensions (JMWE) (534); Extension for Jira Service Management (150); GO! JQL: Essential JQL Functions (10)
de.catworkx.jira.plugins.project-configuration-publisher,Teamworkx Configuration Publisher,catworkx GmbH,1,0,0,2026-03-02,,9,Comala Publishing (40); Configuration Manager for Jira (CMJ) (145); Smart Configuration: Documentation for J (46); Software Configuration Management Toolki (22)
io.kazimir.controlfreak,Control Freak,Doitb,1,0,0,2025-09-19,,2,ControlFreak - Commit Checks and Jira Ho (21); Comala Document Control (24)
com.mgmtp.jira.plugin.workflow-graphic-plugin,Link Workflow Graphic for Jira,mgm technology partners,1,0,0,2025-04-29,,10,Jira Workflow Toolbox (540); Jira Misc Workflow Extensions (JMWE) (534); JSU Automation Suite for Jira Workflows (298); Link Management - Broken Link Detection  (10)
com.cprime.bitbucket.plugins.globalsso-for-bitbucket,Global SSO for Bitbucket,Appfire,1,0,0,2026-05-12,,10,Single Sign On SAML SSO for Jira (SSO SA (82); SAML/OAuth SSO for JSM Customers (19); Single Sign On (SSO) via OAuth and OpenI (53); Single Sign On (SSO) via OAuth/OpenID fo (74)
com.churrie.classifierForJira,"Classifier Bridge For Jira, 2 way Sync and Json Intake",Churrie Works Inc,0,0,0,2026-07-07,,0,
com.teamswork.export.owly-confluence-data-exporter,Owly Json Data Exporter for Confluence,"Teams, Work. Ltd",0,0,0,2026-05-04,,9,Scroll PDF Exporter for Confluence (228); External Data for Jira Fields (Connect R (86); Scroll Word Exporter for Confluence (136); Markdown Exporter for Confluence (22)
com.dsr.atlassian.jira.timesheet-jira-plugin,Pi Track: Smart timetracking for Jira,DSR Corporation,0,0,0,2026-09-16,,14,Timesheet Tracking for Jira (251); Timesheets by Tempo - Jira Time Tracking (898); Easy Agile Programs - PI Planning Progra (46); Clockwork Pro for Jira Time Tracking and (140)
com.miniorange.migration.confluence-migration-assistant,"DLP - Sensitive Data (PII, GDPR) Scanner for Confluence",miniOrange,0,0,0,2026-07-08,,4,"Nightfall AI DLP for Confluence (10); Compliance for Confluence (DLP, Classifi (11); Data Protection Toolkit: GDPR, PII & DLP (12); Nightfall AI DLP for Jira (11)"
com.churrie.classifierForConfluence,Classifier - Page Classification for Confluence,Churrie Works Inc,0,0,0,2026-07-15,,6,"Compliance for Confluence (DLP, Classifi (11); Timesheets by Tempo - Jira Time Tracking (898); Rich Filters for Jira Dashboards (185); Projectrak (Project Portfolio Management (128)"
com.plateer.matilda.smart-license-for-confluence,Smart License Manager for Confluence,Plateer,0,0,0,2026-06-24,,14,"Asset Management for Jira (IT Assets & L (67); IT Assets, License - Asset Management fo (71); Smart Checklists for Jira (132); Smart Attachments for Jira (File & Docum (80)"
net.brokenbuild.dc.throughput-chart,Throughput Charts for Jira teams (Agile Graphs Metrics KPIs),Broken Build,0,0,0,2026-08-25,"Throughput Charts for Scrum, Kanban, SAFe (Gadgets Reports)",11,"eazyBI for Jira Reports, Charts, and Das (227); Microsoft Teams for Jira & JSM (30); Advanced Microsoft Teams Connector for J (43); Custom Charts for Jira -Reports, Dashboa (139)"
com.medeuit.jira.servicedesk-portal-extension,Service Desk Portal Extension,Medeu IT,0,0,0,2026-08-17,,6,"Refined Sites for JSM (Theme ITSM, HR, H (55); Advanced Portal Reports for Jira Service (48); JSM Mobile - Service Management Portal (16); view26 Charts, Portal Reports & Dashboar (29)"
com.medeuit.jira.ticket-actions,Ticket Actions,Medeu IT,0,0,0,2025-09-26,,3,Actions for Jira Service Management (36); ActionableAgile® Analytics: Kanban/ Agil (32); Ticket Routing & Auto Assignment for Jir (10)
com.smateso.plugins.confluence.03-group-permission-copy,Group Permission Copy for Confluence,EB Cloud Engineering,0,0,0,2026-07-20,,10,"Deep Clone for Jira (Copy Projects, Bulk (134); Elements Copy & Sync (clone issues, proj (57); Clone Plus for Jira (58); Copy Page Tree (67)"
pl.softlist.jira.lp.jira-kazakh-language-pack,Kazakh Language Pack for Jira,Softlist Sp. z o.o.,0,0,0,2025-08-07,,5,Service Pack for Agents (28); Lango AI Translator: Language & translat (33); Chinese (China) Language Patch for Jira (11); Translations for Confluence (35)
de.t2consult.atlassian.confluence.attachmentscanner,Attachment Scanner for Confluence,t2consult,0,0,0,2026-08-03,,10,Bulk Attachment Download (12); Cenote Lockpoint - Attachment Checkout (29); GoEdit - Simply edit attachments! (102); Smart Attachments for Jira (File & Docum (80)
com.sevidev.confluence.newspopup.announcementsforconfluence,Announcements for Confluence,Sevidev,0,0,0,2023-10-04,,6,Announcer for Jira (12); Feature Bundle – Self-Service Extension  (51); Message field (12); Lively Blogs - Dynamic News and Feeds fo (15)
eu.toimproveit.atlassian.terminal4bamboo,Terminal for Bamboo,2improveIT,0,0,0,2025-10-22,,8,"OnLink Import for Assets, Entra ID, Intu (20); Zephyr - Test Management and Automation  (492); Smart Courses for Confluence (LMS, Quizz (51); Smart Terms Glossary (Definitions, Highl (46)"
eu.toimproveit.atlassian.terminal4confluence,Terminal for Confluence,2improveIT,0,0,0,2025-10-22,,6,"OnLink Import for Assets, Entra ID, Intu (20); Smart Courses for Confluence (LMS, Quizz (51); Smart Terms Glossary (Definitions, Highl (46); IZI for Confluence (LMS, Training Course (34)"
com.miniorange.license.manager.jira.licensemanager-jira,Centralized License Manager for Jira,miniOrange,0,0,0,2025-04-30,,12,"Asset Management for Jira (IT Assets & L (67); IT Assets, License - Asset Management fo (71); Flexible User License - Auto User Manage (22); Flexible User License - Auto User Manage (17)"
com.colossean.fancyfields,Fancy Fields for Jira,Colossean,0,0,0,2026-01-20,,10,Fields - Custom Fields for Jira (48); Awesome Custom Fields – Custom Fields fo (27); Jira Misc Custom Fields (JMCF) (92); Message field (12)
com.miniorange.rest.auth.bitbucket-rest-api,Enhanced API Authentication for Bitbucket with OAuth/JWT,miniOrange,0,0,0,2026-06-20,Enhanced API Authentication for Jira with API Key/OAuth/JWT,7,Open API (Swagger) Integration (31); Workflow Enhancer for Jira (43); Enhancer Plugin for Jira (70); Visualize OpenAPI (Swagger) documentatio (21)
