url,nom,prix,scopes,scopes_anciens,statut
https://slack.com/marketplace/A024R9PQM-zapier,Zapier & Slack Integration | Slack Marketplace,Free and paid plans available,canvases:read canvases:write channels:history channels:join channels:manage channels:read channels:write chat:write chat:write.customize chat:write.public commands emoji:read files:read files:write groups:history groups:read groups:write im:read im:write mcp:connect mpim:read mpim:write reactions:read reactions:write reminders:read reminders:write search:read stars:read team:read users.profile:read users.profile:write users:read users:read.email,,
https://slack.com/marketplace/A024V4Y32-rollbar,Rollbar & Slack Integration | Slack Marketplace,Free and paid plans available,channels:read chat:write chat:write.public groups:read,,
https://slack.com/marketplace/A026TMMGZ-envoy,Envoy & Slack Integration | Slack Marketplace,Paid with free trial,channels:read chat:write commands files:read groups:read im:history team:read users.profile:read users.profile:write users:read users:read.email,,
https://slack.com/marketplace/A028EET9K-reamaze,Reamaze & Slack Integration | Slack Marketplace,Paid with free trial,channels:read chat:write chat:write.public groups:read users:read users:read.email,,
https://slack.com/marketplace/A028LGAFF-ifttt,IFTTT & Slack Integration | Slack Marketplace,,identify ifttt,identify,
https://slack.com/marketplace/A029JSE6S-woopra,Woopra & Slack Integration | Slack Marketplace,Free and paid plans available,channels:read chat:write chat:write.public groups:read,,
https://slack.com/marketplace/A02MQ7G50-groove,Groove & Slack Integration | Slack Marketplace,,channels:read channels:write chat:write:bot identify users:read users:read.email,identify,
https://slack.com/marketplace/A02NEMM42-sketchboard,Sketchboard & Slack Integration | Slack Marketplace,Free and paid plans available,channels:read chat:write commands files:write groups:read users:read users:read.email,,
https://slack.com/marketplace/A03BS4Q25-chatlio,Chatlio & Slack Integration | Slack Marketplace,Paid with free trial,channels:history channels:join channels:manage channels:read channels:write chat:write chat:write.customize commands files:read files:write users:read users:read.email,,
https://slack.com/marketplace/A03EA2WU3-google-cloud-monitoring,Google Cloud Monitoring & Slack Integration | Slack Marketplace,Free,chat:write chat:write.customize chat:write.public,,
https://slack.com/marketplace/A03EEEKAC-sunshine-conversations,Sunshine Conversations & Slack Integration | Slack Marketplace,Paid with free trial,channels:read channels:write chat:write:bot commands identify reactions:write users:read users:read.email,identify,
https://slack.com/marketplace/A03HHTUN5-appbot-app-review-alerts-replies,Appbot: App review alerts & replies & Slack Integration | Slack Marketplace,Paid with free trial,incoming-webhook,,
https://slack.com/marketplace/A040V0NDN-jell,Jell & Slack Integration | Slack Marketplace,Paid with free trial,channels:read chat:write chat:write.customize chat:write.public commands email files:read groups:read im:history im:read im:write mpim:history mpim:read mpim:write openid profile team:read users:read users:read.email,,
https://slack.com/marketplace/A0420JJBG-meistertask,MeisterTask & Slack Integration | Slack Marketplace,Free and paid plans available,channels:join channels:read chat:write commands groups:read im:write links:read links:write users:read,,
https://slack.com/marketplace/A049DK44V-basicops,BasicOps & Slack Integration | Slack Marketplace,Paid with free trial,channels:read channels:write chat:write commands groups:read team:read users:read users:read.email,,
https://slack.com/marketplace/A04E6JX41-polly,Polly & Slack Integration | Slack Marketplace,Free and paid plans available,app_mentions:read channels:join channels:read chat:write chat:write.public commands email emoji:read groups:read identity.basic im:history im:read im:write links.embed:write links:read links:write mcp:connect mpim:read mpim:write openid profile reactions:read team:read usergroups:read users:read users:read.email workflow.steps:execute,,
https://slack.com/marketplace/A04HFQ65G-ghost-inspector,Ghost Inspector & Slack Integration | Slack Marketplace,Paid with free trial,chat:write chat:write.customize chat:write.public,,
https://slack.com/marketplace/A04N642T5-nevercode,Nevercode & Slack Integration | Slack Marketplace,Paid with free trial,chat:write:bot,,
https://slack.com/marketplace/A04TY9R1W-weekdone,Weekdone & Slack Integration | Slack Marketplace,Free and paid plans available,app_mentions:read channels:read chat:write chat:write.public commands groups:read im:history im:read im:write users:write,,
https://slack.com/marketplace/A055DTB1N-harmonia,Harmonia & Slack Integration | Slack Marketplace,Free and paid plans available,channels:read chat:write chat:write.customize chat:write.public identify im:read im:write mpim:read mpim:write team:read users:read,identify,
https://slack.com/marketplace/A0659EDGA-asknicely,AskNicely & Slack Integration | Slack Marketplace,Paid,channels:manage channels:read chat:write chat:write.public groups:read,,
https://slack.com/marketplace/A06GEEMJM-biztera,Biztera & Slack Integration | Slack Marketplace,Paid with free trial,chat:write chat:write.customize chat:write.public commands incoming-webhook users:read users:read.email,,
https://slack.com/marketplace/A06GPJ1FT-tonkean,Tonkean & Slack Integration | Slack Marketplace,Paid,app_mentions:read channels:history channels:manage channels:read chat:write chat:write.customize chat:write.public commands files:read groups:read groups:write im:history im:read im:write mpim:write reactions:write team:read usergroups:read usergroups:write users:read users:read.email,,
https://slack.com/marketplace/A06JN7G0Z-fullstory,Fullstory & Slack Integration | Slack Marketplace,Free and paid plans available,channels:read chat:write chat:write.public groups:read,,
https://slack.com/marketplace/A06MBNBND-yarn,Yarn & Slack Integration | Slack Marketplace,,commands identify,identify,
https://slack.com/marketplace/A074YH40Z-trello,Trello & Slack Integration | Slack Marketplace,Free,channels:history channels:read channels:write chat:write chat:write.public commands dnd:read emoji:read files:read groups:history groups:read groups:write im:history im:write links:read links:write mpim:history reactions:read reactions:write reminders:write search:read stars:read team:read users:read users:read.email,,
https://slack.com/marketplace/A0789LKLZ-app-monitoring-by-appfigures,App Monitoring by Appfigures & Slack Integration | Slack Marketplace,Paid with free trial,incoming-webhook,,
https://slack.com/marketplace/A07M3FSPK-slaask,Slaask & Slack Integration | Slack Marketplace,,bot channels:history channels:read channels:write chat:write:bot chat:write:user commands dnd:read emoji:read files:read files:write:user groups:history groups:read identity.basic identity.email im:history im:read im:write mpim:history mpim:read mpim:write pins:read pins:write reactions:read reactions:write rtm:stream stars:read stars:write team:read usergroups:read users:read users:read.email users:write,bot,classic
https://slack.com/marketplace/A08CX8F9V-betterworks,Betterworks & Slack Integration | Slack Marketplace,Paid,channels:read chat:write commands im:write users:read users:read.email,,
https://slack.com/marketplace/A08HJAPG9-airtable,Airtable & Slack Integration | Slack Marketplace,Free and paid plans available,app_mentions:read assistant:write channels:history channels:read chat:write chat:write.customize chat:write.public groups:history groups:read groups:write im:history im:read incoming-webhook links:read links:write reactions:write usergroups:read users:read users:read.email,,
https://slack.com/marketplace/A08K8F6UD-cronitor,Cronitor & Slack Integration | Slack Marketplace,Paid with free trial,incoming-webhook,,
https://slack.com/marketplace/A08MGBLJV-zeplin,Zeplin & Slack Integration | Slack Marketplace,Free,emoji:read incoming-webhook links:read links:write,,
https://slack.com/marketplace/A08Q84QDV-dropbox-sign,Dropbox Sign & Slack Integration | Slack Marketplace,Free,incoming-webhook,,
https://slack.com/marketplace/A08R17T9P-veryfi-receipts-expenses,Veryfi Receipts & Expenses & Slack Integration | Slack Marketplace,Paid with free trial,channels:manage channels:read chat:write files:write groups:read team:read,,
https://slack.com/marketplace/A09DAFV7W-pluga,Pluga & Slack Integration | Slack Marketplace,Free and paid plans available,channels:read chat:write chat:write.customize chat:write.public groups:read,,
https://slack.com/marketplace/A09KA6CEQ-dead-mans-snitch,Dead Man's Snitch & Slack Integration | Slack Marketplace,Free and paid plans available,commands incoming-webhook,,
https://slack.com/marketplace/A09L8EGTZ-chatra,Chatra & Slack Integration | Slack Marketplace,Free and paid plans available,incoming-webhook,,
https://slack.com/marketplace/A09M09E8Y-rescuetime,RescueTime & Slack Integration | Slack Marketplace,Paid with free trial,dnd:write users.profile:read users.profile:write users:write,,
https://slack.com/marketplace/A0A0APS3U-nikatime,NikaTime & Slack Integration | Slack Marketplace,Paid with free trial,app_mentions:read chat:write commands dnd:read im:history im:read im:write team:read users.profile:read users:read users:read.email,,
https://slack.com/marketplace/A0A2X8LCB-workboard,Workboard & Slack Integration | Slack Marketplace,Free,bot channels:history channels:read chat:write:bot chat:write:user commands dnd:read emoji:read files:read files:write:user groups:history groups:read im:history im:read im:write mpim:history mpim:read mpim:write pins:read pins:write reactions:read reactions:write rtm:stream stars:read stars:write team:read usergroups:read users:read users:read.email users:write,bot,classic
https://slack.com/marketplace/A0A3TRQ3V-checkmarket,CheckMarket & Slack Integration | Slack Marketplace,Paid with free trial,identify incoming-webhook,identify,
https://slack.com/marketplace/A0B0SL8FQ-updownio,updown.io & Slack Integration | Slack Marketplace,Paid with free trial,incoming-webhook,,
https://slack.com/marketplace/A0BQ20KCL-workato,Workato & Slack Integration | Slack Marketplace,Paid with free trial,channels:history channels:read channels:write chat:write groups:history groups:read groups:write im:history im:read im:write mpim:history mpim:read mpim:write search:read.im search:read.mpim search:read.private search:read.public users:read users:read.email,,
https://slack.com/marketplace/A0BS9FH3M-perdoo,Perdoo & Slack Integration | Slack Marketplace,Free,channels:read chat:write chat:write.public groups:read im:history im:write users:read users:read.email,,
https://slack.com/marketplace/A0BTQ0LN4-feedly,Feedly & Slack Integration | Slack Marketplace,Included with service subscription,channels:read chat:write chat:write.public commands users:read users:read.email,,
https://slack.com/marketplace/A0C0YV1DJ-toggl-plan,Toggl Plan & Slack Integration | Slack Marketplace,Paid with free trial,incoming-webhook,,
https://slack.com/marketplace/A0CG6KDEY-xplenty,Xplenty & Slack Integration | Slack Marketplace,,identify incoming-webhook,identify,
https://slack.com/marketplace/A0CJMFPPT-favro,Favro & Slack Integration | Slack Marketplace,Paid with free trial,identity.basic identity.team incoming-webhook links:read links:write,,
https://slack.com/marketplace/A0D5CSR6U-dns-check,DNS Check & Slack Integration | Slack Marketplace,,identify incoming-webhook,identify,
https://slack.com/marketplace/A0D9KAFL7-brandfolder,Brandfolder & Slack Integration | Slack Marketplace,,bot channels:history channels:read chat:write:bot chat:write:user commands dnd:read emoji:read files:read files:write:user groups:history groups:read im:history im:read im:write incoming-webhook links:read links:write mpim:history mpim:read mpim:write pins:read pins:write reactions:read reactions:write rtm:stream stars:read stars:write team:read usergroups:read users:read users:read.email users:write,bot,classic
https://slack.com/marketplace/A0D9P0LKH-wakatime,WakaTime & Slack Integration | Slack Marketplace,,channels:read chat:write:bot identify im:write,identify,
https://slack.com/marketplace/A0DB5GQPN-luciq-ai,Luciq AI & Slack Integration | Slack Marketplace,Free and paid plans available,chat:write chat:write.public incoming-webhook links.embed:write links:read team:read users:read users:read.email,,
https://slack.com/marketplace/A0DDRP63D-conclude,Conclude & Slack Integration | Slack Marketplace,Free and paid plans available,app_mentions:read bookmarks:read bookmarks:write channels:history channels:manage channels:read channels:write chat:write chat:write.customize chat:write.public commands dnd:read email files:read files:write groups:history groups:read groups:write im:history im:read im:write openid pins:read pins:write profile reactions:read reactions:write team:read usergroups:read users.profile:read users:read users:read.email users:write,,
https://slack.com/marketplace/A0DE316BV-screenful,Screenful & Slack Integration | Slack Marketplace,Paid with free trial,channels:join channels:read chat:write files:write,,
https://slack.com/marketplace/A0DGF0H1T-small-improvements,Small Improvements & Slack Integration | Slack Marketplace,Paid with free trial,channels:read chat:write chat:write.public commands reactions:read users:read users:read.email,,
https://slack.com/marketplace/A0DPHKK7Z-robin,Robin & Slack Integration | Slack Marketplace,Paid with free trial,channels:history channels:read chat:write chat:write.public commands email groups:history groups:read im:history im:read im:write incoming-webhook mpim:history mpim:read mpim:write openid profile team:read users:read users:read.email users:write,,
https://slack.com/marketplace/A0E57HPCM-shortcut,Shortcut & Slack Integration | Slack Marketplace,Free and paid plans available,app_mentions:read channels:history channels:join chat:write commands identity.basic im:history im:read im:write incoming-webhook links:read links:write openid reactions:read users:read users:read.email,,
https://slack.com/marketplace/A0E7XRQQH-tap-my-back-employee-recognition,Tap My Back - Employee Recognition & Slack Integration | Slack Marketplace,Free and paid plans available,chat:write commands im:history incoming-webhook users:read users:read.email,,
https://slack.com/marketplace/A0EC0SPRN-absenceio,absence.io & Slack Integration | Slack Marketplace,Free and paid plans available,channels:join channels:read chat:write commands email groups:read im:read incoming-webhook openid profile users:read users:read.email,,
https://slack.com/marketplace/A0EP69E58-tatsu,Tatsu & Slack Integration | Slack Marketplace,Paid with free trial,channels:read chat:write chat:write.customize chat:write.public commands files:read groups:read im:history im:read im:write mpim:read team:read users.profile:read users:read users:read.email workflow.steps:execute,,
https://slack.com/marketplace/A0ETUNFEW-simple-in-out,Simple In/Out & Slack Integration | Slack Marketplace,Paid with free trial,commands incoming-webhook,,
https://slack.com/marketplace/A0EVCDGU8-buddy,Buddy & Slack Integration | Slack Marketplace,Free and paid plans available,channels:read chat:write files:write groups:read team:read users:read,,
https://slack.com/marketplace/A0F65KFND-stunning,Stunning & Slack Integration | Slack Marketplace,Free,identify incoming-webhook,identify,
https://slack.com/marketplace/A0F7VRFKN-jenkins-ci,Jenkins CI & Slack Integration | Slack Marketplace,,,,
https://slack.com/marketplace/A0F7VRG6Q-outgoing-webhooks,Outgoing WebHooks & Slack Integration | Slack Marketplace,,,,
https://slack.com/marketplace/A0F7VRGVA-runscope-legacy,Runscope (Legacy) & Slack Integration | Slack Marketplace,,,,
https://slack.com/marketplace/A0F7VRHCL-statuspage-team-notifications,Statuspage Team Notifications & Slack Integration | Slack Marketplace,,,,
https://slack.com/marketplace/A0F7XDU93-hubot,Hubot & Slack Integration | Slack Marketplace,,,,
https://slack.com/marketplace/A0F7XDUAZ-incoming-webhooks,Incoming WebHooks & Slack Integration | Slack Marketplace,,,,
https://slack.com/marketplace/A0F7XDUJH-lita,Lita & Slack Integration | Slack Marketplace,,,,
https://slack.com/marketplace/A0F7YS25R-bots,Bots & Slack Integration | Slack Marketplace,,,,
https://slack.com/marketplace/A0F7YS2CB-buildkite-legacy,Buildkite (Legacy) & Slack Integration | Slack Marketplace,,,,
https://slack.com/marketplace/A0F7YS2SX-github-enterprise-server,GitHub Enterprise Server & Slack Integration | Slack Marketplace,,,,
https://slack.com/marketplace/A0F7YS351-google-meet,Google Meet & Slack Integration | Slack Marketplace,,,,
https://slack.com/marketplace/A0F7YS56X-semaphore-legacy,Semaphore (Legacy) & Slack Integration | Slack Marketplace,,,,
https://slack.com/marketplace/A0F7YS675-userlike-legacy,Userlike (Legacy) & Slack Integration | Slack Marketplace,,,,
https://slack.com/marketplace/A0F8147RP-airbrake,Airbrake & Slack Integration | Slack Marketplace,,,,
https://slack.com/marketplace/A0F8148AV-blossom-legacy,Blossom (Legacy) & Slack Integration | Slack Marketplace,,,,
https://slack.com/marketplace/A0F81496D-email,Email & Slack Integration | Slack Marketplace,,,,
https://slack.com/marketplace/A0F814AV7-pingdom,Pingdom & Slack Integration | Slack Marketplace,,,,
https://slack.com/marketplace/A0F81FKT8-codeship,Codeship & Slack Integration | Slack Marketplace,,,,
https://slack.com/marketplace/A0F81FMAA-logentries-legacy,Logentries (Legacy) & Slack Integration | Slack Marketplace,,,,
https://slack.com/marketplace/A0F81FMT8-papertrail,Papertrail & Slack Integration | Slack Marketplace,,,,
https://slack.com/marketplace/A0F81FP4N-travis-ci,Travis CI & Slack Integration | Slack Marketplace,,,,
https://slack.com/marketplace/A0F81R5AB-code-climate-legacy,Code Climate (Legacy) & Slack Integration | Slack Marketplace,,,,
https://slack.com/marketplace/A0F81R5CP-crashlytics,Crashlytics & Slack Integration | Slack Marketplace,,,,
https://slack.com/marketplace/A0F81R747-nagios,Nagios & Slack Integration | Slack Marketplace,,,,
https://slack.com/marketplace/A0F81R7U7-rss,RSS & Slack Integration | Slack Marketplace,,,,
https://slack.com/marketplace/A0F827G56-amazon-sqs,Amazon SQS & Slack Integration | Slack Marketplace,,,,
https://slack.com/marketplace/A0F827J2C-giphy,Giphy & Slack Integration | Slack Marketplace,,,,
https://slack.com/marketplace/A0F827JC8-gosquared-legacy,GoSquared (Legacy) & Slack Integration | Slack Marketplace,,,,
https://slack.com/marketplace/A0F827LTA-subversion,Subversion & Slack Integration | Slack Marketplace,,,,
https://slack.com/marketplace/A0F82E57C-box-file-picker,Box File Picker & Slack Integration | Slack Marketplace,,,,
https://slack.com/marketplace/A0F82E726-mailchimp,Mailchimp & Slack Integration | Slack Marketplace,,,,
https://slack.com/marketplace/A0F82E8CA-slash-commands,Slash Commands & Slack Integration | Slack Marketplace,,,,
https://slack.com/marketplace/A0F8XLBU6-calamari,Calamari & Slack Integration | Slack Marketplace,Paid with free trial,channels:read channels:write chat:write commands dnd:read email files:read groups:read groups:write identity.basic identity.email identity.team im:history im:read im:write mpim:read mpim:write openid profile team:read users.profile:read users.profile:write users:read users:read.email,,
https://slack.com/marketplace/A0FHVR2R0-guru,Guru & Slack Integration | Slack Marketplace,Paid with free trial,app_mentions:read canvases:read canvases:write channels:history channels:read chat:write chat:write.public commands groups:history groups:read groups:write im:history im:read im:write links:read links:write mcp:connect mpim:history mpim:read reactions:read reactions:write search:read.files search:read.im search:read.mpim search:read.private search:read.public search:read.users users:read users:read.email,,
https://slack.com/marketplace/A0FK7BQMB-samanage,Samanage & Slack Integration | Slack Marketplace,,identify incoming-webhook,identify,
https://slack.com/marketplace/A0FLEFJR3-chartbeat,Chartbeat & Slack Integration | Slack Marketplace,Paid,commands identify incoming-webhook team:read,identify,
https://slack.com/marketplace/A0FNGS7UZ-prodpad,ProdPad & Slack Integration | Slack Marketplace,Paid with free trial,app_mentions:read channels:history channels:join channels:read chat:write chat:write.public commands email files:read groups:history groups:read im:history im:read im:write links:read links:write mpim:history mpim:read mpim:write openid profile users:read users:read.email,,
https://slack.com/marketplace/A0FTZT2SU-repuso,Repuso & Slack Integration | Slack Marketplace,Paid with free trial,channels:read chat:write chat:write.public groups:read,,
https://slack.com/marketplace/A0G0Q15F1-arc-analytics,Arc Analytics & Slack Integration | Slack Marketplace,Free and paid plans available,commands identity.avatar identity.basic identity.email identity.team incoming-webhook users:read users:read.email,,
https://slack.com/marketplace/A0G4336GN-manifestly-checklists-and-tasks,Manifestly Checklists and Tasks & Slack Integration | Slack Marketplace,Paid with free trial,channels:read chat:write chat:write.public commands groups:read identity.avatar identity.basic identity.email identity.team im:write links:read links:write team:read users:read users:read.email,,
https://slack.com/marketplace/A0G4ZP5GV-doorbell,Doorbell & Slack Integration | Slack Marketplace,Free and paid plans available,incoming-webhook users:read users:read.email,,
https://slack.com/marketplace/A0G8S1LSC-lucidchart,Lucidchart & Slack Integration | Slack Marketplace,Free and paid plans available,channels:read chat:write chat:write.customize chat:write.public commands files:write groups:read im:history im:write links:read links:write mcp:connect remote_files:write team:read users:read users:read.email,,
https://slack.com/marketplace/A0G8X1REV-employee-advocacy-by-sprout-social,Employee Advocacy by Sprout Social & Slack Integration | Slack Marketplace,Included with service subscription,channels:read chat:write chat:write.public commands users:read users:read.email,,
https://slack.com/marketplace/A0GAW4S5P-happyfox-chat,HappyFox Chat & Slack Integration | Slack Marketplace,Paid with free trial,incoming-webhook,,
https://slack.com/marketplace/A0GMBGE69-timetastic,Timetastic & Slack Integration | Slack Marketplace,Paid with free trial,chat:write chat:write.customize commands im:write incoming-webhook users:read users:read.email,,
https://slack.com/marketplace/A0GPS7HLM-uptrends,Uptrends & Slack Integration | Slack Marketplace,Paid with free trial,incoming-webhook,,
https://slack.com/marketplace/A0GU27WR1-workleap-officevibe,Workleap Officevibe & Slack Integration | Slack Marketplace,Free and paid plans available,channels:read chat:write commands email groups:read im:read im:write mpim:read openid profile team:read users:read users:read.email,,
https://slack.com/marketplace/A0H4MTN4T-front,Front & Slack Integration | Slack Marketplace,Paid with free trial,channels:history channels:read chat:write chat:write.public commands groups:history groups:read im:history im:read mpim:history users:read users:read.email,,
https://slack.com/marketplace/A0H4VM9FG-tettra-wiki,Tettra Wiki & Slack Integration | Slack Marketplace,Paid with free trial,app_mentions:read channels:history channels:join channels:read chat:write chat:write.customize chat:write.public commands email groups:history groups:read im:history im:read im:write incoming-webhook links:read links:write mpim:read mpim:write openid profile team:read users.profile:read users:read users:read.email,,
https://slack.com/marketplace/A0H53JS82-package-zen,Package Zen & Slack Integration | Slack Marketplace,Paid with free trial,app_mentions:read chat:write im:history users:read users:read.email,,
https://slack.com/marketplace/A0H615TC3-redbooth,Redbooth & Slack Integration | Slack Marketplace,Paid with free trial,chat:write commands im:write incoming-webhook,,
https://slack.com/marketplace/A0H67RAG0-standup-polls-surveys-by-geekbot,"Standup, Polls & Surveys by Geekbot & Slack Integration | Slack Marketplace",Free and paid plans available,channels:history channels:read channels:write chat:write chat:write.customize commands dnd:read files:read groups:history groups:read groups:write.invites im:history im:read im:write mpim:history mpim:read mpim:write reactions:read reactions:write team:read users:read users:read.email users:write,,
https://slack.com/marketplace/A0HBTUUPK-workast,Workast & Slack Integration | Slack Marketplace,Free and paid plans available,channels:manage channels:read chat:write chat:write.public commands email groups:read identity.basic identity.email im:history im:read im:write links:read links:write openid profile reactions:read team:read users:read users:read.email workflow.steps:execute,,
https://slack.com/marketplace/A0HFW7MR6-simple-poll,Simple Poll & Slack Integration | Slack Marketplace,Free and paid plans available,app_mentions:read channels:join channels:read chat:write commands email groups:read identity.basic identity.email im:read im:write mpim:read openid profile team:read users:read workflow.steps:execute,,
https://slack.com/marketplace/A0HP2JH6Z-betty,Betty & Slack Integration | Slack Marketplace,Free,chat:write im:write users:read users:read.email,,
https://slack.com/marketplace/A0HPQ0RDG-firefliesai,Fireflies.ai & Slack Integration | Slack Marketplace,Free and paid plans available,app_mentions:read channels:history channels:read chat:write chat:write.public files:read groups:history groups:read im:read incoming-webhook mpim:read reactions:read reactions:write search:read.public usergroups:read users:read users:read.email,,
https://slack.com/marketplace/A0HRANGC8-pulseway,Pulseway & Slack Integration | Slack Marketplace,,identify incoming-webhook,identify,
https://slack.com/marketplace/A0HUMK35J-lattice,Lattice & Slack Integration | Slack Marketplace,Paid,app_mentions:read channels:history channels:read chat:write chat:write.customize chat:write.public commands emoji:read groups:history groups:read im:history im:read incoming-webhook mcp:connect mpim:history mpim:read reactions:read usergroups:read users:read users:read.email,,
https://slack.com/marketplace/A0HVDHQ8Z-workbot,Workbot & Slack Integration | Slack Marketplace,Paid with free trial,app_mentions:read channels:read chat:write files:read files:write groups:read identity.basic identity.email identity.team im:history im:write mpim:read users:read users:read.email,,
https://slack.com/marketplace/A0J4UNFLN-heytaco,HeyTaco & Slack Integration | Slack Marketplace,Paid with free trial,channels:history channels:join channels:manage channels:read channels:write chat:write commands email emoji:read groups:history groups:read groups:write im:history im:read im:write mpim:history mpim:read mpim:write openid profile reactions:read team:read users:read users:read.email users:write,,
https://slack.com/marketplace/A0J6STP1A-greenhouse,Greenhouse & Slack Integration | Slack Marketplace,Paid,incoming-webhook,,
https://slack.com/marketplace/A0JNRNYAJ-sl-reseplaneraren,SL reseplaneraren & Slack Integration | Slack Marketplace,Free,commands incoming-webhook,,
https://slack.com/marketplace/A0K3CQWSG-continu,Continu & Slack Integration | Slack Marketplace,Included with service subscription,app_mentions:read channels:join channels:read chat:write chat:write.customize files:write groups:read im:history im:read im:write mpim:read mpim:write users:read users:read.email,,
https://slack.com/marketplace/A0K7BALJ1-dicebot,Dicebot & Slack Integration | Slack Marketplace,Free,commands,,
https://slack.com/marketplace/A0K920H5W-checkfront-online-bookings,Checkfront Online Bookings & Slack Integration | Slack Marketplace,,chat:write:bot identify,identify,
https://slack.com/marketplace/A0K9R12P2-app-radar-insights,App Radar Insights & Slack Integration | Slack Marketplace,Free and paid plans available,identify incoming-webhook,identify,
https://slack.com/marketplace/A0KL9NYFJ-hourstack,HourStack & Slack Integration | Slack Marketplace,Paid with free trial,commands,,
https://slack.com/marketplace/A0L1PN278-castle-legacy,Castle (legacy) & Slack Integration | Slack Marketplace,Free and paid plans available,incoming-webhook,,
https://slack.com/marketplace/A0L2KMHK2-device-magic,Device Magic & Slack Integration | Slack Marketplace,Paid with free trial,files:write incoming-webhook,,
https://slack.com/marketplace/A0L4BKBG9-dropbox-paper,Dropbox Paper & Slack Integration | Slack Marketplace,,bot channels:history channels:read chat:write:bot chat:write:user commands dnd:read emoji:read files:read files:write:user groups:history groups:read im:history im:read im:write links:read links:write mpim:history mpim:read mpim:write pins:read pins:write reactions:read reactions:write rtm:stream stars:read stars:write team:read usergroups:read users:read users:read.email users:write,bot,classic
https://slack.com/marketplace/A0L4C9VPU-sympli-handoff,Sympli Handoff & Slack Integration | Slack Marketplace,Free and paid plans available,incoming-webhook,,
https://slack.com/marketplace/A0L6ELY4E-standupbot,StandupBot & Slack Integration | Slack Marketplace,Paid with free trial,channels:join channels:read chat:write chat:write.customize commands dnd:read email groups:read im:history im:read im:write openid profile team:read users.profile:read users:read users:read.email,,
https://slack.com/marketplace/A0L99V1K9-setmore,Setmore & Slack Integration | Slack Marketplace,Free and paid plans available,commands incoming-webhook,,
https://slack.com/marketplace/A0L9H2PPW-motivosity,Motivosity & Slack Integration | Slack Marketplace,Paid,commands incoming-webhook users:read users:read.email,,
https://slack.com/marketplace/A0LFAJC75-scrum-mate,Scrum Mate & Slack Integration | Slack Marketplace,Paid with free trial,channels:read chat:write chat:write.public groups:read team:read users:read,,
https://slack.com/marketplace/A0LFBGJ2H-desk-yogi,Desk Yogi & Slack Integration | Slack Marketplace,Paid,channels:read chat:write incoming-webhook users:read users:write,,
https://slack.com/marketplace/A0LHTUMUH-practitest-test-case-management,PractiTest Test Case Management & Slack Integration | Slack Marketplace,Paid with free trial,incoming-webhook,,
https://slack.com/marketplace/A0M11DHLP-teamphoria,Teamphoria & Slack Integration | Slack Marketplace,Paid with free trial,channels:read chat:write chat:write.public commands groups:read users:read users:read.email,,
https://slack.com/marketplace/A0M22HR1P-quip,Quip & Slack Integration | Slack Marketplace,Paid,channels:read channels:write chat:write chat:write.customize commands groups:read groups:write identity.avatar identity.basic identity.email identity.team im:read im:write links:read links:write mpim:read mpim:write team:read users:read users:read.email workflow.steps:execute,,
https://slack.com/marketplace/A0M2LQBB6-zoho-expense,Zoho Expense & Slack Integration | Slack Marketplace,,commands identify incoming-webhook,identify,
https://slack.com/marketplace/A0M2RV5TL-zoho-invoice,Zoho Invoice & Slack Integration | Slack Marketplace,Free and paid plans available,incoming-webhook,,
https://slack.com/marketplace/A0M2TP6PJ-zoho-billing,Zoho Billing & Slack Integration | Slack Marketplace,Free,incoming-webhook,,
https://slack.com/marketplace/A0M93D0UB-shred,Shred & Slack Integration | Slack Marketplace,Paid with free trial,commands,,
https://slack.com/marketplace/A0MEQBTD3-appfollow-review-updates-monitor,AppFollow: Review & Updates Monitor & Slack Integration | Slack Marketplace,Free and paid plans available,channels:read chat:write chat:write.public commands groups:read identity.avatar identity.basic identity.email identity.team incoming-webhook team:read,,
https://slack.com/marketplace/A0MFXBHRU-standup-jack,Standup Jack & Slack Integration | Slack Marketplace,Paid with free trial,channels:read channels:write chat:write chat:write.customize groups:read groups:write im:history im:read im:write reactions:read reactions:write team:read users:read users:write,,
https://slack.com/marketplace/A0MGEUABB-satismeter,SatisMeter & Slack Integration | Slack Marketplace,Paid with free trial,chat:write chat:write.customize chat:write.public incoming-webhook,,
https://slack.com/marketplace/A0MMZ4R3R-peakon,Peakon & Slack Integration | Slack Marketplace,Paid,chat:write im:write users:read users:read.email,,
https://slack.com/marketplace/A0MN96M70-poeditor,POEditor & Slack Integration | Slack Marketplace,Free and paid plans available,incoming-webhook,,
https://slack.com/marketplace/A0NAR0BN3-applivery,Applivery & Slack Integration | Slack Marketplace,Free,identify incoming-webhook,identify,
https://slack.com/marketplace/A0NSTB8R3-todoist,Todoist & Slack Integration | Slack Marketplace,Free and paid plans available,commands identify,identify,
https://slack.com/marketplace/A0P128LKU-brand24,Brand24 & Slack Integration | Slack Marketplace,Paid with free trial,identify incoming-webhook,identify,
https://slack.com/marketplace/A0P706Y1E-i-done-this,I Done This & Slack Integration | Slack Marketplace,,channels:read chat:write:bot commands identity.basic incoming-webhook,,
https://slack.com/marketplace/A0PD1KMUZ-ez-notify-by-highview-apps,EZ Notify by Highview Apps & Slack Integration | Slack Marketplace,Paid with free trial,chat:write chat:write.public commands incoming-webhook,,
https://slack.com/marketplace/A0PHW22DR-bonusly,Bonusly & Slack Integration | Slack Marketplace,Paid with free trial,app_mentions:read channels:join channels:read chat:write chat:write.public commands emoji:read groups:read im:history im:write incoming-webhook links.embed:write links:read links:write reactions:read team:read users:read users:read.email,,
https://slack.com/marketplace/A0PKPSG8H-slimwiki,SlimWiki & Slack Integration | Slack Marketplace,,commands identify,identify,
https://slack.com/marketplace/A0PSKV32Q-baremetrics,Baremetrics & Slack Integration | Slack Marketplace,Paid with free trial,chat:write commands identify incoming-webhook,identify,
https://slack.com/marketplace/A0QAZV90X-birthdaybot,BirthdayBot & Slack Integration | Slack Marketplace,Free and paid plans available,app_mentions:read assistant:write channels:join channels:manage channels:read chat:write chat:write.customize commands files:read files:write groups:read im:history mpim:write openid reactions:read team:read users.profile:read users:read users:read.email,,
https://slack.com/marketplace/A0QKJAXHT-live-chat,Live Chat & Slack Integration | Slack Marketplace,Paid with free trial,channels:history channels:manage channels:read channels:write chat:write commands files:read files:write im:history incoming-webhook users.profile:read,,
https://slack.com/marketplace/A0R39N144-assertible,Assertible & Slack Integration | Slack Marketplace,,identify incoming-webhook,identify,
https://slack.com/marketplace/A0R7RE9CZ-slickplan,Slickplan & Slack Integration | Slack Marketplace,Free and paid plans available,channels:read chat:write groups:read,,
https://slack.com/marketplace/A0RJ8290D-pubble,Pubble & Slack Integration | Slack Marketplace,Free,incoming-webhook,,
https://slack.com/marketplace/A0S34F541-gamemonk,GameMonk & Slack Integration | Slack Marketplace,,bot channels:history channels:read chat:write:bot dnd:read emoji:read files:read files:write:user groups:history groups:read im:history im:read im:write mpim:history mpim:read mpim:write pins:read pins:write reactions:read reactions:write rtm:stream stars:read stars:write team:read usergroups:read users:read users:read.email users:write,bot,classic
https://slack.com/marketplace/A0S35UGTC-teamline,Teamline & Slack Integration | Slack Marketplace,Paid with free trial,app_mentions:read channels:history channels:read channels:write chat:write chat:write.customize chat:write.public commands files:read files:write groups:history groups:read groups:write im:history im:read im:write mpim:history mpim:read mpim:write reactions:read reactions:write team:read users:read users:read.email,,
https://slack.com/marketplace/A0S4MRT1V-jibble,Jibble & Slack Integration | Slack Marketplace,Free and paid plans available,channels:history chat:write commands identity.basic identity.email im:history im:write incoming-webhook users:read users:read.email,,
https://slack.com/marketplace/A0TA67CSU-qwilr,Qwilr & Slack Integration | Slack Marketplace,,identify incoming-webhook,identify,
https://slack.com/marketplace/A0TPLQHF0-sysdig,Sysdig & Slack Integration | Slack Marketplace,Paid with free trial,channels:read incoming-webhook,,
https://slack.com/marketplace/A0UUXHH7Y-textline,Textline & Slack Integration | Slack Marketplace,Paid with free trial,channels:join channels:manage channels:read chat:write groups:read team:read users:read users:read.email,,
https://slack.com/marketplace/A0V4UV606-trakstar-hire,Trakstar Hire & Slack Integration | Slack Marketplace,Free,chat:write im:write users:read users:read.email,,
https://slack.com/marketplace/A0VN4GMBL-reviewbot-app-reviews,ReviewBot – App Reviews & Slack Integration | Slack Marketplace,Paid with free trial,chat:write incoming-webhook,,
https://slack.com/marketplace/A0W3UMKBQ-outline,Outline & Slack Integration | Slack Marketplace,Paid with free trial,commands identity.avatar identity.basic identity.email identity.team incoming-webhook links:read links:write,,
https://slack.com/marketplace/A0X49NVPX-cloze,Cloze & Slack Integration | Slack Marketplace,Paid with free trial,channels:history channels:read chat:write groups:history groups:read im:history im:read mpim:history mpim:read search:read team:read users:read users:read.email,,
https://slack.com/marketplace/A0XEESALV-ovatu-alerts,Ovatu Alerts & Slack Integration | Slack Marketplace,,incoming-webhook users:read users:read.email,,
https://slack.com/marketplace/A0XRA2LCB-snippetsbot,SnippetsBot & Slack Integration | Slack Marketplace,,bot channels:history channels:read chat:write:bot dnd:read emoji:read files:read files:write:user groups:history groups:read im:history im:read im:write mpim:history mpim:read mpim:write pins:read pins:write reactions:read reactions:write rtm:stream stars:read stars:write team:read usergroups:read users:read users:read.email users:write,bot,classic
https://slack.com/marketplace/A0XUM74MC-snapcomms,SnapComms & Slack Integration | Slack Marketplace,,channels:write chat:write:bot chat:write:user identify,identify,
https://slack.com/marketplace/A0Y666US0-intervals,Intervals & Slack Integration | Slack Marketplace,Paid with free trial,incoming-webhook,,
https://slack.com/marketplace/A0Z9RG265-jira-integration,Jira Integration+ & Slack Integration | Slack Marketplace,Paid with free trial,channels:history channels:manage channels:read channels:write chat:write chat:write.customize commands email emoji:read files:read groups:history groups:read groups:write im:history im:read im:write mpim:history mpim:read openid pins:write profile reactions:read reactions:write team:read users.profile:read users:read users:read.email workflow.steps:execute,,
https://slack.com/marketplace/A0ZJS6Z7E-translate,Translate & Slack Integration | Slack Marketplace,Free and paid plans available,app_mentions:read channels:history channels:read chat:write chat:write.customize commands groups:history groups:read im:history im:read im:write mpim:history mpim:read team:read users:read,,
https://slack.com/marketplace/A0ZP4FD0B-seismic-knowledge,Seismic Knowledge & Slack Integration | Slack Marketplace,Paid with free trial,admin.teams:read admin.usergroups:read admin.users:read channels:history channels:join channels:manage channels:read chat:write commands files:read groups:history groups:read groups:write identity.avatar identity.basic identity.email identity.team im:history im:read im:write mpim:history mpim:read reactions:read reactions:write team:read usergroups:read users.profile:read users:read users:read.email,,
https://slack.com/marketplace/A0ZPSSHPS-fortay,Fortay & Slack Integration | Slack Marketplace,Paid,bot channels:history channels:read chat:write:bot dnd:read emoji:read files:read files:write:user groups:history groups:read identify im:history im:read im:write mpim:history mpim:read mpim:write pins:read pins:write reactions:read reactions:write rtm:stream stars:read stars:write team:read usergroups:read users:read users:read.email users:write,bot identify,classic
https://slack.com/marketplace/A114NAT0R-talkdesk,Talkdesk & Slack Integration | Slack Marketplace,Paid,channels:read chat:write chat:write.public groups:read im:read mpim:read team:read users:read users:read.email,,
https://slack.com/marketplace/A11MJ51SR-donut,Donut & Slack Integration | Slack Marketplace,Free and paid plans available,channels:history channels:join channels:manage channels:read chat:write chat:write.public commands emoji:read files:read files:write groups:history groups:read groups:write im:history im:read im:write mpim:history mpim:read mpim:write openid reactions:read team:read users:read users:read.email,,
https://slack.com/marketplace/A13LDCBAQ-domainr,Domainr & Slack Integration | Slack Marketplace,Free,commands,,
https://slack.com/marketplace/A149N1LCQ-dataminr,Dataminr & Slack Integration | Slack Marketplace,Included with service subscription,channels:read groups:read incoming-webhook,,
https://slack.com/marketplace/A15J0KPGF-digital-pigeon,Digital Pigeon & Slack Integration | Slack Marketplace,Paid with free trial,email identity.basic identity.email incoming-webhook openid profile,,
https://slack.com/marketplace/A16NRL7JA-questetra-bpm-suite,Questetra BPM Suite & Slack Integration | Slack Marketplace,Paid with free trial,chat:write files:write,,
https://slack.com/marketplace/A17FCNLKX-sunsama,Sunsama & Slack Integration | Slack Marketplace,Paid with free trial,app_mentions:read channels:join channels:manage channels:read chat:write commands dnd:write groups:read im:history im:read im:write links:read links:write mpim:history mpim:read mpim:write search:read.im search:read.mpim search:read.private search:read.public team:read users.profile:read users.profile:write users:read users:read.email users:write,,
https://slack.com/marketplace/A17UQT5L2-thinkst-canary,Thinkst Canary & Slack Integration | Slack Marketplace,Included with service subscription,incoming-webhook,,
https://slack.com/marketplace/A1APPMGCF-zoominfo,ZoomInfo & Slack Integration | Slack Marketplace,Paid,channels:read chat:write chat:write.public commands groups:read im:read im:write links:read links:write mcp:connect team:read users:read users:read.email,,
https://slack.com/marketplace/A1BFDR28J-reacji-channeler,Reacji Channeler & Slack Integration | Slack Marketplace,Free,channels:read chat:write:bot commands reactions:read,,
https://slack.com/marketplace/A1DPJ5HJT-dynamic-signal,Dynamic Signal & Slack Integration | Slack Marketplace,Paid,channels:read chat:write team:read,,
https://slack.com/marketplace/A1DSBBJRF-zoho-projects,Zoho Projects & Slack Integration | Slack Marketplace,Free,channels:read chat:write chat:write.customize chat:write.public commands groups:read,,
https://slack.com/marketplace/A1EA96H24-culture-amp,Culture Amp & Slack Integration | Slack Marketplace,Paid,channels:history channels:read chat:write commands im:history im:read im:write reactions:read reactions:write users.profile:read users:read users:read.email,,
https://slack.com/marketplace/A1F3K62E4-team-oclock,Team O'clock & Slack Integration | Slack Marketplace,Free and paid plans available,chat:write chat:write.public commands identity.avatar identity.basic identity.email identity.team users.profile:read users:read users:read.email,,
https://slack.com/marketplace/A1F8RQ33J-sensor-tower-alerts,Sensor Tower Alerts & Slack Integration | Slack Marketplace,Free,channels:read chat:write chat:write.public groups:read,,
https://slack.com/marketplace/A1FKYAUUX-pagerduty,PagerDuty & Slack Integration | Slack Marketplace,Paid with free trial,app_mentions:read assistant:write bookmarks:write channels:history channels:join channels:manage channels:read chat:write chat:write.public commands files:read groups:history groups:read groups:write im:history im:read im:write links:read links:write mcp:connect mpim:read pins:write reactions:read reactions:write team:read users:read users:read.email workflow.steps:execute,,
https://slack.com/marketplace/A1G1P8R3L-everwall,Everwall & Slack Integration | Slack Marketplace,,bot channels:history channels:read channels:write chat:write:bot dnd:read emoji:read files:read files:write:user groups:history groups:read im:history im:read im:write mpim:history mpim:read mpim:write pins:read pins:write reactions:read reactions:write rtm:stream stars:read stars:write team:read usergroups:read users:read users:read.email users:write,bot,classic
https://slack.com/marketplace/A1GQ4MX6G-wrike,Wrike & Slack Integration | Slack Marketplace,Free and paid plans available,channels:read chat:write chat:write.public commands groups:read im:read incoming-webhook links:read links:write team:read users:read users:read.email,,
https://slack.com/marketplace/A1GQA48F9-jiminny,Jiminny & Slack Integration | Slack Marketplace,Paid with free trial,channels:read chat:write chat:write.public groups:read im:read im:write incoming-webhook users:read users:read.email,,
https://slack.com/marketplace/A1H4XL8QP-cucumberstudio-agile-test-manager,CucumberStudio - agile test manager & Slack Integration | Slack Marketplace,Free,channels:read commands identify incoming-webhook team:read,identify,
https://slack.com/marketplace/A1K9VAUA1-victorops,VictorOps & Slack Integration | Slack Marketplace,Paid with free trial,channels:history channels:join channels:manage channels:read channels:write chat:write chat:write.customize commands groups:history groups:read groups:write identity.basic team:read,,
https://slack.com/marketplace/A1KBFDRGR-mode,Mode & Slack Integration | Slack Marketplace,Paid with free trial,channels:read chat:write chat:write.public groups:read links:read links:write team:read users:read,,
https://slack.com/marketplace/A1KECFX89-hoopla,Hoopla & Slack Integration | Slack Marketplace,Included with service subscription,channels:history channels:join channels:manage channels:read chat:write chat:write.public commands files:write groups:history groups:read groups:write reactions:read remote_files:read remote_files:share remote_files:write team:read usergroups:read users.profile:read users:read users:read.email,,
https://slack.com/marketplace/A1L3ZBM7G-vacation-tracker-pto-leave,Vacation Tracker | PTO & Leave & Slack Integration | Slack Marketplace,Free and paid plans available,channels:read channels:write chat:write commands email groups:read groups:write im:history openid profile team:read users.profile:write users:read users:read.email,,
https://slack.com/marketplace/A1LE4DYCQ-slashgif,SlashGIF & Slack Integration | Slack Marketplace,Free,commands,,
https://slack.com/marketplace/A1PHW6YLX-livewebinarcom,LiveWebinar.com & Slack Integration | Slack Marketplace,,commands incoming-webhook,,
https://slack.com/marketplace/A1PP4K7CG-healthchecksio,Healthchecks.io & Slack Integration | Slack Marketplace,Free and paid plans available,incoming-webhook,,
https://slack.com/marketplace/A1Q4DGRGW-workramp,WorkRamp & Slack Integration | Slack Marketplace,Free,channels:history channels:read chat:write chat:write.customize chat:write.public im:history im:read team:read users:read users:read.email,,
https://slack.com/marketplace/A1QFL1HAA-butterfly,Butterfly & Slack Integration | Slack Marketplace,Paid with free trial,chat:write chat:write.customize im:history im:read im:write team:read users:read users:read.email users:write,,
https://slack.com/marketplace/A1SCJH1K7-buzzback,Buzzback & Slack Integration | Slack Marketplace,,bot channels:history channels:read chat:write:bot dnd:read emoji:read files:read files:write:user groups:history groups:read im:history im:read im:write incoming-webhook mpim:history mpim:read mpim:write pins:read pins:write reactions:read reactions:write rtm:stream stars:read stars:write team:read usergroups:read users:read users:read.email users:write,bot,classic
https://slack.com/marketplace/A1SPU6ZED-onpage,OnPage & Slack Integration | Slack Marketplace,Free and paid plans available,app_mentions:read channels:history channels:join channels:manage channels:read chat:write chat:write.public commands groups:history groups:read team:read usergroups:read users:read,,
https://slack.com/marketplace/A1SR1NN5C-bettercloud,BetterCloud & Slack Integration | Slack Marketplace,,admin channels:history channels:read channels:write chat:write:bot chat:write:user files:read files:write:user groups:history groups:read groups:write pins:write reminders:write stars:write team:read usergroups:read usergroups:write users.profile:read users.profile:write users:read users:read.email users:write,,
https://slack.com/marketplace/A1T7V1Y5A-inmoment,InMoment & Slack Integration | Slack Marketplace,Free and paid plans available,channels:read chat:write chat:write.customize chat:write.public groups:read team:read,,
https://slack.com/marketplace/A1TPC7361-crisp,Crisp & Slack Integration | Slack Marketplace,Paid with free trial,channels:history channels:join channels:manage channels:read chat:write chat:write.customize commands files:write groups:history groups:read im:history users:read,,
https://slack.com/marketplace/A1UA1U049-outplanr,Outplanr & Slack Integration | Slack Marketplace,,channels:read channels:write chat:write:bot commands identify team:read users:read users:read.email,identify,
https://slack.com/marketplace/A1V48DNGK-vibecatch,VibeCatch & Slack Integration | Slack Marketplace,Paid,channels:read chat:write groups:read im:read im:write incoming-webhook mpim:read,,
https://slack.com/marketplace/A1X4WCTD0-hive,Hive & Slack Integration | Slack Marketplace,Paid with free trial,channels:read chat:write commands groups:read im:read mpim:read users:read users:read.email,,
https://slack.com/marketplace/A1XNNPZFC-attendancebot-pto-time-tracking,AttendanceBot – PTO & Time Tracking & Slack Integration | Slack Marketplace,Free and paid plans available,app_mentions:read channels:read chat:write email files:read files:write groups:read im:history im:read im:write openid profile team:read users.profile:read users.profile:write users:read users:read.email,,
https://slack.com/marketplace/A1XUTR4D6-bob,Bob & Slack Integration | Slack Marketplace,Paid with free trial,chat:write commands im:history im:write incoming-webhook mcp:connect users:read users:read.email,,
https://slack.com/marketplace/A1Y4CRW72-mcafee-skyhigh-for-slack,McAfee Skyhigh for Slack & Slack Integration | Slack Marketplace,Free,admin auditlogs:read bot channels:history channels:read channels:write chat:write:bot discovery:read discovery:write dnd:read emoji:read files:read files:write:user groups:history groups:read groups:write identity.basic im:history im:read im:write mpim:history mpim:read mpim:write pins:read pins:write reactions:read reactions:write rtm:stream stars:read stars:write team:read usergroups:read users:read users:read.email users:write,bot,classic
https://slack.com/marketplace/A1YC1J8TH-trackingtime,TrackingTime & Slack Integration | Slack Marketplace,Free and paid plans available,commands,,
https://slack.com/marketplace/A214NCJF2-icanhazdadjoke,icanhazdadjoke & Slack Integration | Slack Marketplace,Free,commands,,
https://slack.com/marketplace/A22354MPX-karma,Karma & Slack Integration | Slack Marketplace,Paid with free trial,channels:history channels:read channels:write chat:write chat:write.public commands emoji:read groups:history groups:read im:history im:read im:write mpim:history mpim:read mpim:write openid reactions:read team:read usergroups:read users:read users:read.email,,
https://slack.com/marketplace/A22FY11NX-spock-leave-tracker,Spock - Leave Tracker & Slack Integration | Slack Marketplace,Free and paid plans available,app_mentions:read channels:join channels:manage channels:read chat:write commands dnd:read files:write groups:read im:history im:read im:write openid reactions:read reactions:write team:read users.profile:read users.profile:write users:read users:read.email,,
https://slack.com/marketplace/A22HJAR7C-papyrs,Papyrs & Slack Integration | Slack Marketplace,Paid with free trial,channels:read commands email openid profile,,
https://slack.com/marketplace/A22HM1G2K-liveagent,LiveAgent & Slack Integration | Slack Marketplace,Paid with free trial,channels:read chat:write chat:write.public groups:read im:history im:write users:read,,
https://slack.com/marketplace/A23RJRJ6A-bigtime,BigTime & Slack Integration | Slack Marketplace,,chat:write:bot users:read users:read.email,,
https://slack.com/marketplace/A24D29E1M-marbot,marbot & Slack Integration | Slack Marketplace,Paid with free trial,app_mentions:read channels:read chat:write dnd:read groups:read im:history im:write team:read users:read,,
https://slack.com/marketplace/A25RJFEMT-acall,ACALL & Slack Integration | Slack Marketplace,Free,bot channels:history channels:read channels:write chat:write:bot dnd:read emoji:read files:read files:write:user groups:history groups:read im:history im:read im:write mpim:history mpim:read mpim:write pins:read pins:write reactions:read reactions:write rtm:stream stars:read stars:write team:read usergroups:read users:read users:read.email users:write,bot,classic
https://slack.com/marketplace/A285G3KMH-ip2location,IP2Location & Slack Integration | Slack Marketplace,Free,commands,,
https://slack.com/marketplace/A286WATV2-opsgenie-for-alert-management,Opsgenie for Alert Management & Slack Integration | Slack Marketplace,Free and paid plans available,channels:join channels:read chat:write commands groups:read groups:write im:read im:write incoming-webhook mpim:read mpim:write,,
https://slack.com/marketplace/A2BE93PKN-simployer-employee-surveys,Simployer Employee Surveys & Slack Integration | Slack Marketplace,Free,app_mentions:read channels:read chat:write chat:write.customize chat:write.public groups:read im:history im:read im:write mpim:read mpim:write team:read users:read users:read.email users:write,,
https://slack.com/marketplace/A2C2L1NR0-blogin,BlogIn & Slack Integration | Slack Marketplace,Paid with free trial,channels:read chat:write chat:write.public commands email groups:read incoming-webhook links:read links:write openid profile team:read users:read users:read.email,,
https://slack.com/marketplace/A2D02016F-99designs,99designs & Slack Integration | Slack Marketplace,,incoming-webhook,,
https://slack.com/marketplace/A2D6T5WPQ-asciibot,AsciiBot & Slack Integration | Slack Marketplace,Paid with free trial,commands,,
https://slack.com/marketplace/A2DD8K1ST-customerio,Customer.io & Slack Integration | Slack Marketplace,Paid with free trial,channels:read chat:write chat:write.public incoming-webhook users:read,,
https://slack.com/marketplace/A2E29P8BD-connect-zendesk-and-slack-both-ways,Connect Zendesk and Slack both ways & Slack Integration | Slack Marketplace,,channels:history channels:read channels:write chat:write:bot users:read users:read.email,,
https://slack.com/marketplace/A2ECGEU3V-smarsh-archiving-compliance,Smarsh - Archiving & Compliance & Slack Integration | Slack Marketplace,Paid,discovery:read,,
https://slack.com/marketplace/A2GH6EY8N-hanzo-illuminate,Hanzo Illuminate & Slack Integration | Slack Marketplace,Included with service subscription,admin.legal_holds:read admin.legal_holds:write auditlogs:read discovery:read,,
https://slack.com/marketplace/A2GL4FKCZ-brch,Bïrch & Slack Integration | Slack Marketplace,Paid with free trial,app_mentions:read channels:read chat:write commands groups:read identity.basic identity.email im:history im:read im:write mpim:read team:read users:read,,
https://slack.com/marketplace/A2H7KHQCW-ipushpull,ipushpull & Slack Integration | Slack Marketplace,Paid with free trial,app_mentions:read channels:read chat:write commands im:history im:read users:read,,
https://slack.com/marketplace/A2J6HGDB2-global-relay-archive-for-slack,Global Relay Archive for Slack & Slack Integration | Slack Marketplace,Paid,discovery:read,,
https://slack.com/marketplace/A2JKFS6LS-,짤봇 & Slack Integration | Slack Marketplace,,commands,,
https://slack.com/marketplace/A2KC568FP-microsoft-azure-ad-provisioning,Microsoft Azure AD Provisioning & Slack Integration | Slack Marketplace,Paid with free trial,admin usergroups:read usergroups:write,,
https://slack.com/marketplace/A2L2MC5EE-expensetron,ExpenseTron & Slack Integration | Slack Marketplace,Paid with free trial,app_mentions:read chat:write files:read files:write identity.basic identity.email im:history im:read im:write team:read users:read users:read.email,,
https://slack.com/marketplace/A2LJCT3GR-greetbot,GreetBot & Slack Integration | Slack Marketplace,Free and paid plans available,channels:read chat:write chat:write.public commands email groups:read im:history im:write mpim:write openid profile team:read users:read,,
https://slack.com/marketplace/A2M0R2E73-hr-partner-bot-assistant,HR Partner Bot Assistant & Slack Integration | Slack Marketplace,,bot channels:history channels:read chat:write:bot dnd:read emoji:read files:read files:write:user groups:history groups:read identity.basic im:history im:read im:write mpim:history mpim:read mpim:write pins:read pins:write reactions:read reactions:write rtm:stream stars:read stars:write team:read usergroups:read users:read users:read.email users:write,bot,classic
https://slack.com/marketplace/A2M2PF734-spoiler,Spoiler & Slack Integration | Slack Marketplace,Free,commands,,
https://slack.com/marketplace/A2NN9T8AX-teamtailor,Teamtailor & Slack Integration | Slack Marketplace,Included with service subscription,incoming-webhook,,
https://slack.com/marketplace/A2PCV9BFF-findmyshift,Findmyshift & Slack Integration | Slack Marketplace,Free and paid plans available,channels:history chat:write chat:write.customize im:history im:read im:write team:read users:read users:read.email,,
https://slack.com/marketplace/A2PRCNRFE-imgflip,imgflip & Slack Integration | Slack Marketplace,,commands,,
https://slack.com/marketplace/A2QQDH5FT-supportbee,SupportBee & Slack Integration | Slack Marketplace,,incoming-webhook,,
https://slack.com/marketplace/A2R4SL3JB-golinks,GoLinks & Slack Integration | Slack Marketplace,Free,channels:history channels:join channels:manage channels:read chat:write commands groups:history groups:read im:history im:read im:write links:read mpim:history mpim:read reactions:read team:read users.profile:read,,
https://slack.com/marketplace/A2R7YFAP5-roadmap,Roadmap & Slack Integration | Slack Marketplace,Paid with free trial,commands identity.avatar identity.basic identity.email identity.team incoming-webhook,,
https://slack.com/marketplace/A2RPP3NFR-jira-cloud,Jira Cloud & Slack Integration | Slack Marketplace,Free,app_mentions:read channels:history channels:join channels:manage channels:read channels:write chat:write chat:write.public commands dnd:read files:read groups:history groups:read groups:write im:history im:read im:write links:read links:write mpim:history mpim:read mpim:write reactions:read reactions:write team:read users.profile:read users:read users:read.email,,
https://slack.com/marketplace/A2T3PB2D9-gift-card-wiki,Gift Card Wiki & Slack Integration | Slack Marketplace,,commands incoming-webhook,,
https://slack.com/marketplace/A2T97FAEP-progress-plum,Progress Plum & Slack Integration | Slack Marketplace,,bot channels:history channels:read chat:write:bot dnd:read emoji:read files:read files:write:user groups:history groups:read identity.basic identity.email im:history im:read im:write mpim:history mpim:read mpim:write pins:read pins:write reactions:read reactions:write rtm:stream stars:read stars:write team:read usergroups:read users:read users:read.email users:write,bot,classic
https://slack.com/marketplace/A2TEUPXUJ-makeplans,MakePlans & Slack Integration | Slack Marketplace,Paid with free trial,incoming-webhook,,
https://slack.com/marketplace/A2U37QJ21-winningtemp,Winningtemp & Slack Integration | Slack Marketplace,Free,channels:read chat:write chat:write.customize chat:write.public groups:read incoming-webhook,,
https://slack.com/marketplace/A2U8M78RH-codefactor,CodeFactor & Slack Integration | Slack Marketplace,Free and paid plans available,incoming-webhook,,
https://slack.com/marketplace/A2UASALAZ-internetvista-website-monitoring,internetVista | website monitoring & Slack Integration | Slack Marketplace,Free and paid plans available,incoming-webhook,,
https://slack.com/marketplace/A2UFCN34H-cisco-cloudlock,Cisco Cloudlock & Slack Integration | Slack Marketplace,Paid with free trial,chat:write discovery:read discovery:write,,
https://slack.com/marketplace/A2V8A7EP6-arrivy,Arrivy & Slack Integration | Slack Marketplace,Free,incoming-webhook,,
https://slack.com/marketplace/A2VG0CJAE-dealbot-by-pipedrive,Dealbot by Pipedrive & Slack Integration | Slack Marketplace,Paid with free trial,channels:join channels:read chat:write chat:write.public commands groups:read groups:write incoming-webhook,,
https://slack.com/marketplace/A2VL3KL65-flow,Flow & Slack Integration | Slack Marketplace,,chat:write:bot commands dnd:read dnd:write,,
https://slack.com/marketplace/A2VMCLGTU-dropmark,Dropmark & Slack Integration | Slack Marketplace,Paid with free trial,incoming-webhook,,
https://slack.com/marketplace/A2X5HJYBU-teampay,Teampay & Slack Integration | Slack Marketplace,Paid,bot channels:history channels:read chat:write:bot dnd:read emoji:read files:read files:write:user groups:history groups:read identity.basic im:history im:read im:write incoming-webhook mpim:history mpim:read mpim:write pins:read pins:write reactions:read reactions:write rtm:stream stars:read stars:write team:read usergroups:read users:read users:read.email users:write,bot,classic
https://slack.com/marketplace/A3366DDMZ-egnyte,Egnyte & Slack Integration | Slack Marketplace,Paid with free trial,channels:read chat:write commands groups:read links:read links:write mpim:read team:read users:read,,
https://slack.com/marketplace/A33L9PR0X-mezmo,Mezmo & Slack Integration | Slack Marketplace,Paid with free trial,channels:read groups:read im:read incoming-webhook mpim:read,,
https://slack.com/marketplace/A33M0EXH7-cloudamqp,CloudAMQP & Slack Integration | Slack Marketplace,Free,incoming-webhook,,
https://slack.com/marketplace/A342A2L2U-botzee,Botzee & Slack Integration | Slack Marketplace,Free,app_mentions:read channels:history channels:read chat:write commands groups:history groups:read im:history im:read im:write mpim:history mpim:read team:read users:read users:read.email,,
https://slack.com/marketplace/A355V71K7-standuply-poll-survey-todo-bot,Standup.ly: Poll & Survey ToDo Bot & Slack Integration | Slack Marketplace,Free and paid plans available,app_mentions:read channels:read chat:write chat:write.customize chat:write.public commands email files:read files:write groups:read im:history im:read im:write links:read links:write mpim:read openid profile reactions:read reactions:write team:read users:read users:read.email,,
https://slack.com/marketplace/A35LU4FHU-genea-access-control,Genea Access Control & Slack Integration | Slack Marketplace,Paid,bot channels:history channels:read chat:write:bot commands dnd:read emoji:read files:read files:write:user groups:history groups:read im:history im:read im:write incoming-webhook mpim:history mpim:read mpim:write pins:read pins:write reactions:read reactions:write rtm:stream stars:read stars:write team:read usergroups:read users:read users:read.email users:write,bot,classic
https://slack.com/marketplace/A3788D7PW-team-timezone,Team TimeZone & Slack Integration | Slack Marketplace,Paid with free trial,channels:history channels:read chat:write commands dnd:read emoji:read groups:history groups:read mpim:history mpim:read usergroups:read users.profile:read users:read users:read.email,,
https://slack.com/marketplace/A37JHBS0G-zylo,Zylo & Slack Integration | Slack Marketplace,Paid,chat:write im:write team:read users:read users:read.email,,
https://slack.com/marketplace/A386Y5UMB-netskope-for-slack-enterprise,Netskope for Slack Enterprise & Slack Integration | Slack Marketplace,Free and paid plans available,admin.conversations:read admin.users:read auditlogs:read channels:read channels:write chat:write discovery:read discovery:write files:read files:write groups:read groups:write im:read im:write mpim:write,,
https://slack.com/marketplace/A38LR324W-coupamessenger,CoupaMessenger & Slack Integration | Slack Marketplace,Free,chat:write dnd:read im:history im:read im:write users:read users:read.email,,
https://slack.com/marketplace/A38UH2K43-arctera-merge1,Arctera Merge1 & Slack Integration | Slack Marketplace,Paid,auditlogs:read discovery:read,,
https://slack.com/marketplace/A3929QF8W-shortio,Short.io & Slack Integration | Slack Marketplace,Free and paid plans available,commands incoming-webhook,,
https://slack.com/marketplace/A39DCBWE6-checkcentral,CheckCentral & Slack Integration | Slack Marketplace,Free and paid plans available,commands incoming-webhook,,
https://slack.com/marketplace/A3C8YDXRC-elmahio,elmah.io & Slack Integration | Slack Marketplace,Paid with free trial,incoming-webhook,,
https://slack.com/marketplace/A3C9DJTQ9-bucketlist,Bucketlist & Slack Integration | Slack Marketplace,Paid with free trial,channels:history channels:join chat:write commands incoming-webhook reactions:read users:read users:read.email,,
https://slack.com/marketplace/A3D2PUEHG-bugsnag,Bugsnag & Slack Integration | Slack Marketplace,Free and paid plans available,incoming-webhook,,
https://slack.com/marketplace/A3E2CU2CC-raygun,Raygun & Slack Integration | Slack Marketplace,Paid with free trial,channels:read chat:write chat:write.public groups:read identity.basic incoming-webhook,,
https://slack.com/marketplace/A3G4A68V9-clickup,ClickUp & Slack Integration | Slack Marketplace,Free and paid plans available,canvases:read canvases:write channels:history channels:join channels:read channels:write chat:write chat:write.public commands emoji:read files:read groups:history groups:read groups:write im:history im:read im:write links:read links:write mpim:history mpim:read mpim:write reactions:read reactions:write search:read.files search:read.im search:read.mpim search:read.private search:read.public search:read.users users.profile:read users.profile:write users:read users:read.email,,
https://slack.com/marketplace/A3GQD720J-spinify,Spinify & Slack Integration | Slack Marketplace,Paid,channels:read chat:write chat:write.public commands groups:read users:read users:read.email,,
https://slack.com/marketplace/A3H1HDP8V-minterio,Minter.io & Slack Integration | Slack Marketplace,Paid with free trial,incoming-webhook,,
https://slack.com/marketplace/A3LEVEG95-devskiller,DevSkiller & Slack Integration | Slack Marketplace,Paid with free trial,chat:write incoming-webhook users:read users:read.email,,
https://slack.com/marketplace/A3LN30B7T-jitsi-meet,Jitsi Meet & Slack Integration | Slack Marketplace,,bot channels:history channels:read chat:write:bot commands dnd:read emoji:read files:read files:write:user groups:history groups:read im:history im:read im:write mpim:history mpim:read mpim:write pins:read pins:write reactions:read reactions:write rtm:stream stars:read stars:write team:read usergroups:read users:read users:read.email users:write,bot,classic
https://slack.com/marketplace/A3P00V6BE-justcall,JustCall & Slack Integration | Slack Marketplace,Paid with free trial,channels:history channels:read chat:write chat:write.customize chat:write.public commands files:read files:write groups:history groups:read,,
https://slack.com/marketplace/A3P8N9JMD-randomcoffee,RandomCoffee & Slack Integration | Slack Marketplace,Free and paid plans available,channels:join channels:manage channels:read chat:write chat:write.public commands email groups:read im:read im:write mpim:read mpim:write openid profile team:read users:read users:read.email,,
https://slack.com/marketplace/A3SR2TPQR-zube,Zube & Slack Integration | Slack Marketplace,Free and paid plans available,incoming-webhook,,
https://slack.com/marketplace/A3U9HQCM9-chatbridge,Chat:Bridge & Slack Integration | Slack Marketplace,Paid,channels:history channels:join channels:manage channels:read chat:write commands files:read files:write groups:history groups:read im:history im:read im:write pins:write team:read usergroups:read users:read,,
https://slack.com/marketplace/A3Y1X4NG5-helpdocs,HelpDocs & Slack Integration | Slack Marketplace,,chat:write:bot commands identity.avatar identity.basic identity.email identity.team incoming-webhook,,
https://slack.com/marketplace/A3YF6DAG0-kaomoji,Kaomoji & Slack Integration | Slack Marketplace,Free,chat:write commands,,
https://slack.com/marketplace/A3YMKCATZ-expiration-reminder,Expiration Reminder & Slack Integration | Slack Marketplace,,bot channels:history channels:read chat:write:bot dnd:read emoji:read files:read files:write:user groups:history groups:read im:history im:read im:write mpim:history mpim:read mpim:write pins:read pins:write reactions:read reactions:write rtm:stream stars:read stars:write team:read usergroups:read users:read users:read.email users:write,bot,classic
https://slack.com/marketplace/A3YV79REW-salesmate,Salesmate & Slack Integration | Slack Marketplace,Free,channels:read channels:write chat:write commands groups:read im:read users:read,,
https://slack.com/marketplace/A40SFFY3H-salesloft,Salesloft & Slack Integration | Slack Marketplace,Paid,channels:read chat:write chat:write.public users:read users:read.email,,
https://slack.com/marketplace/A41LLMMJL-madcap-flare-online,MadCap Flare Online & Slack Integration | Slack Marketplace,Free,channels:read groups:read incoming-webhook,,
https://slack.com/marketplace/A41RC8CAD-zoe,Zoe & Slack Integration | Slack Marketplace,Free and paid plans available,channels:history channels:read chat:write groups:history groups:read im:history im:read im:write incoming-webhook mpim:history mpim:read users:read,,
https://slack.com/marketplace/A42DEVAF5-kaomojimoe,Kaomoji.moe & Slack Integration | Slack Marketplace,Free,chat:write commands identity.avatar identity.basic identity.team,,
https://slack.com/marketplace/A43GYLH2M-productplan,ProductPlan & Slack Integration | Slack Marketplace,Paid with free trial,channels:read chat:write chat:write.public groups:read,,
https://slack.com/marketplace/A443AUQ5N-trackssl,trackssl & Slack Integration | Slack Marketplace,,incoming-webhook,,
https://slack.com/marketplace/A449FHZRQ-kixie,Kixie & Slack Integration | Slack Marketplace,,incoming-webhook,,
https://slack.com/marketplace/A44PZQW83-dailybot-standups-ai-agents,Dailybot Standups & AI Agents & Slack Integration | Slack Marketplace,Free and paid plans available,app_mentions:read channels:join channels:read chat:write chat:write.customize chat:write.public commands email files:read groups:read im:history im:read im:write mpim:read mpim:write openid profile team:read usergroups:read users.profile:read users:read users:read.email,,
https://slack.com/marketplace/A452R7K17-lametric,LaMetric & Slack Integration | Slack Marketplace,Free,channels:history channels:read chat:write commands im:history im:read users:read,,
https://slack.com/marketplace/A454FNE64-standup-alice,Standup Alice & Slack Integration | Slack Marketplace,Paid with free trial,channels:read chat:write commands groups:read identity.avatar identity.basic identity.team im:history im:read im:write reactions:write users:read users:read.email,,
https://slack.com/marketplace/A46SZ7X41-hrvey,Hrvey & Slack Integration | Slack Marketplace,Free and paid plans available,channels:join channels:read chat:write chat:write.public commands files:read groups:read identity.avatar identity.basic identity.email identity.team im:history im:read im:write team:read users:read users:read.email,,
https://slack.com/marketplace/A46U37BCY-bloomberg-vault-for-slack,Bloomberg Vault for Slack & Slack Integration | Slack Marketplace,Included with service subscription,discovery:read team:read,,
https://slack.com/marketplace/A475N93NU-copper,Copper & Slack Integration | Slack Marketplace,Paid with free trial,channels:join channels:manage channels:read chat:write groups:read incoming-webhook,,
https://slack.com/marketplace/A47KWM6Q4-chronicle,Chronicle & Slack Integration | Slack Marketplace,Paid with free trial,admin channels:history channels:manage channels:read channels:write channels:write.invites chat:write email emoji:read files:read groups:history groups:read groups:write groups:write.invites im:history openid profile team:read users.profile:read users:read users:read.email users:write,,
https://slack.com/marketplace/A48N2P2RL-echobot,echobot & Slack Integration | Slack Marketplace,Free,channels:history chat:write chat:write.customize,,
https://slack.com/marketplace/A48SSMR0F-workstreams,Workstreams & Slack Integration | Slack Marketplace,Free and paid plans available,app_mentions:read channels:history channels:join channels:manage channels:read channels:write chat:write chat:write.customize chat:write.public commands dnd:read email emoji:read files:read files:write groups:history groups:read groups:write im:history im:read im:write links:read links:write mpim:history mpim:read mpim:write openid pins:write profile reactions:read reactions:write reminders:read reminders:write remote_files:read remote_files:share remote_files:write team:read usergroups:read users.profile:read users:read users:read.email workflow.steps:execute,,
https://slack.com/marketplace/A495QM3L0-zoho-crm,Zoho CRM & Slack Integration | Slack Marketplace,Paid with free trial,channels:read chat:write chat:write.customize chat:write.public commands files:write groups:read team:read users.profile:read users:read,,
https://slack.com/marketplace/A49H5LY7L-itopiabot,itopiaBot & Slack Integration | Slack Marketplace,,channels:read chat:write:bot groups:read,,
https://slack.com/marketplace/A49L9N70F-ctoai,CTO.ai & Slack Integration | Slack Marketplace,Free and paid plans available,channels:history channels:join channels:read chat:write commands groups:history groups:read im:history im:read users:read,,
https://slack.com/marketplace/A4AD2HSMU-teambuddy,TeamBuddy & Slack Integration | Slack Marketplace,Paid with free trial,chat:write identity.avatar identity.basic identity.email identity.team team:read users.profile:read users:read users:read.email,,
https://slack.com/marketplace/A4ADZPBC4-honeycomb,Honeycomb & Slack Integration | Slack Marketplace,Free and paid plans available,channels:read chat:write groups:read im:read links:read links:write mpim:read,,
https://slack.com/marketplace/A4BDDF8SU-chiefonboarding,ChiefOnboarding & Slack Integration | Slack Marketplace,,bot channels:history channels:read chat:write:bot commands dnd:read emoji:read files:read files:write:user groups:history groups:read im:history im:read im:write mpim:history mpim:read mpim:write pins:read pins:write reactions:read reactions:write rtm:stream stars:read stars:write team:read usergroups:read users:read users:read.email users:write,bot,classic
https://slack.com/marketplace/A4C6CSAFM-sisense-for-cloud-data-teams,Sisense for Cloud Data Teams & Slack Integration | Slack Marketplace,Included with service subscription,chat:write im:history links:read links:write,,
https://slack.com/marketplace/A4DKZ1EB1-songlink,Songlink & Slack Integration | Slack Marketplace,Free,commands,,
https://slack.com/marketplace/A4E44TP7F-eden,Eden & Slack Integration | Slack Marketplace,Free and paid plans available,app_mentions:read chat:write chat:write.public commands groups:read im:history im:write team:read users:read users:read.email users:write,,
https://slack.com/marketplace/A4FK4DD0W-urleme,urle.me & Slack Integration | Slack Marketplace,,commands,,
https://slack.com/marketplace/A4G60UAAZ--wlog,/wlog & Slack Integration | Slack Marketplace,,channels:read channels:write chat:write:bot commands team:read users.profile:read users.profile:write users:read,,
https://slack.com/marketplace/A4GD3QC5Q-unipos,Unipos & Slack Integration | Slack Marketplace,Paid,chat:write:bot commands incoming-webhook users:read users:read.email,,
https://slack.com/marketplace/A4GFQ1P2Q-tellent-recruitee,Tellent Recruitee & Slack Integration | Slack Marketplace,Paid with free trial,incoming-webhook,,
https://slack.com/marketplace/A4H22BDGC-pretixeu,pretix.eu & Slack Integration | Slack Marketplace,Free and paid plans available,incoming-webhook,,
https://slack.com/marketplace/A4J3Y22D9-mpzmail,MPZMail & Slack Integration | Slack Marketplace,Free and paid plans available,channels:read chat:write chat:write.public dnd:read groups:read im:history im:read im:write team:read users:read,,
https://slack.com/marketplace/A4JSF48A3-onna,Onna & Slack Integration | Slack Marketplace,Paid with free trial,channels:history channels:read files:read groups:history groups:read im:history im:read mpim:history mpim:read team:read users:read users:read.email,,
https://slack.com/marketplace/A4KAKTZPZ-timebot,TimeBot & Slack Integration | Slack Marketplace,Free and paid plans available,app_mentions:read channels:join channels:read chat:write commands groups:read im:history im:read mpim:read mpim:write openid team:read users.profile:write users:read users:read.email,,
https://slack.com/marketplace/A4LV0TKR9-mural,Mural & Slack Integration | Slack Marketplace,Free and paid plans available,chat:write,,
https://slack.com/marketplace/A4NSFGKBJ-booky,Booky & Slack Integration | Slack Marketplace,Free,commands links:read links:write,,
https://slack.com/marketplace/A4PRC25CM-gyroscope,Gyroscope & Slack Integration | Slack Marketplace,,commands incoming-webhook,,
https://slack.com/marketplace/A4QSHMZE0-fellow,Fellow & Slack Integration | Slack Marketplace,Free and paid plans available,app_mentions:read channels:read chat:write chat:write.public commands dnd:read emoji:read groups:read im:history im:read im:write links:read links:write mpim:read mpim:write team:read users.profile:read users.profile:write users:read users:read.email,,
https://slack.com/marketplace/A4QUDGTTK-axure-cloud,Axure Cloud & Slack Integration | Slack Marketplace,Free,incoming-webhook,,
https://slack.com/marketplace/A4S0SKU3C-pulsar,Pulsar & Slack Integration | Slack Marketplace,,channels:history channels:read channels:write chat:write:bot,,
https://slack.com/marketplace/A4SHSLEVA-decision-bot,Decision Bot & Slack Integration | Slack Marketplace,Free,chat:write chat:write.public commands team:read,,
https://slack.com/marketplace/A4TSF7SR5-slab,Slab & Slack Integration | Slack Marketplace,Free and paid plans available,channels:join channels:read chat:write commands identity.basic im:history im:read im:write links:read links:write search:read users:read users:read.email,,
https://slack.com/marketplace/A4U3T03L5-lifesize,Lifesize & Slack Integration | Slack Marketplace,Free and paid plans available,calls:read calls:write channels:read chat:write commands im:history im:read users:read,,
https://slack.com/marketplace/A4UPMFDD4-suitest,Suitest & Slack Integration | Slack Marketplace,Free,incoming-webhook,,
https://slack.com/marketplace/A4VFJ3ULU-dataparser,DataParser & Slack Integration | Slack Marketplace,Paid,admin.app_activities:read discovery:read,,
https://slack.com/marketplace/A4WP31QE7-melbourne-transport,Melbourne Transport & Slack Integration | Slack Marketplace,,bot channels:history channels:read chat:write:bot dnd:read emoji:read files:read files:write:user groups:history groups:read im:history im:read im:write mpim:history mpim:read mpim:write pins:read pins:write reactions:read reactions:write rtm:stream stars:read stars:write team:read usergroups:read users:read users:read.email users:write,bot,classic
https://slack.com/marketplace/A4Y4RV4TD-moqups,Moqups & Slack Integration | Slack Marketplace,Free,email incoming-webhook links:read links:write openid profile team:read,,
https://slack.com/marketplace/A4YBVM8BZ-starleaf,StarLeaf & Slack Integration | Slack Marketplace,Free and paid plans available,commands,,
https://slack.com/marketplace/A4Z44PCDT-valueadder-bot,ValueAdder Bot & Slack Integration | Slack Marketplace,,bot channels:history channels:read chat:write:bot commands dnd:read emoji:read files:read files:write:user groups:history groups:read im:history im:read im:write mpim:history mpim:read mpim:write pins:read pins:write reactions:read reactions:write rtm:stream stars:read stars:write team:read usergroups:read users:read users:read.email users:write,bot,classic
https://slack.com/marketplace/A4ZCZGB3R-renhead,Renhead & Slack Integration | Slack Marketplace,,incoming-webhook,,
https://slack.com/marketplace/A4ZM70S93-parabol,Parabol & Slack Integration | Slack Marketplace,Free and paid plans available,channels:join channels:read chat:write groups:read incoming-webhook users:read,,
https://slack.com/marketplace/A4ZP6BQLV-gryzzly-time-and-budget-tracking,Gryzzly - Time and budget tracking & Slack Integration | Slack Marketplace,Paid with free trial,chat:write dnd:read email identity.basic im:history im:read im:write openid profile team:read users:read users:read.email,,
https://slack.com/marketplace/A50JKDCQJ-officeamp,OfficeAmp & Slack Integration | Slack Marketplace,Paid with free trial,channels:history chat:write commands files:read files:write groups:history identity.basic identity.email im:history im:read im:write team:read users:read users:read.email,,
https://slack.com/marketplace/A50RULYE4-allstacks,Allstacks & Slack Integration | Slack Marketplace,Paid with free trial,channels:join channels:read chat:write groups:read im:write team:read users:read,,
https://slack.com/marketplace/A513MKZ4J-canopy,Canopy & Slack Integration | Slack Marketplace,Paid with free trial,channels:read chat:write chat:write.customize chat:write.public commands groups:read users:read users:read.email,,
https://slack.com/marketplace/A51BZ1FCG-pagerduty-postmortems,PagerDuty Postmortems & Slack Integration | Slack Marketplace,Free and paid plans available,channels:history channels:read users:read,,
https://slack.com/marketplace/A53R6CW9Z-officespace,OfficeSpace & Slack Integration | Slack Marketplace,Paid,app_mentions:read chat:write commands im:history im:read im:write users:read users:read.email,,
https://slack.com/marketplace/A55UVHKRD-standbot,StandBot & Slack Integration | Slack Marketplace,Free and paid plans available,app_mentions:read channels:history channels:join channels:read chat:write emoji:read groups:history groups:read im:history im:read im:write openid profile team:read users:read users:read.email,,
https://slack.com/marketplace/A568WK0SV-wireframepro,WireframePro & Slack Integration | Slack Marketplace,,commands files:write:user,,
https://slack.com/marketplace/A56AE1YL9-moji,Moji & Slack Integration | Slack Marketplace,Free,app_mentions:read channels:history channels:join channels:manage channels:read chat:write chat:write.customize emoji:read groups:history groups:read groups:write im:history im:write mpim:history reactions:read reactions:write team:read users:read users:read.email,,
https://slack.com/marketplace/A571ZRWJ3-evernote,Evernote & Slack Integration | Slack Marketplace,,bot channels:history channels:read chat:write:bot chat:write:user commands dnd:read emoji:read files:read files:write:user groups:history groups:read im:history im:read im:write links:read links:write mpim:history mpim:read mpim:write pins:read pins:write reactions:read reactions:write rtm:stream stars:read stars:write team:read usergroups:read users:read users:read.email users:write,bot,classic
https://slack.com/marketplace/A575TQ1QT-tinypulse-by-webmd-health-services,TINYpulse by WebMD Health Services & Slack Integration | Slack Marketplace,Paid with free trial,channels:history channels:join channels:read chat:write chat:write.customize commands groups:history groups:read im:history im:read im:write reactions:read team:read users:read users:read.email users:write,,
https://slack.com/marketplace/A57EXBHND-abot-anonymous-poll-and-feedback,Abot | Anonymous Poll and Feedback & Slack Integration | Slack Marketplace,Paid with free trial,channels:join channels:read chat:write commands groups:read openid users:read,,
https://slack.com/marketplace/A57FFS3QE-poker-planner,Poker Planner & Slack Integration | Slack Marketplace,Free,chat:write commands,,
https://slack.com/marketplace/A57G69WQ7-invoiced,Invoiced & Slack Integration | Slack Marketplace,Paid with free trial,incoming-webhook,,
https://slack.com/marketplace/A587URMV3-ambition,Ambition & Slack Integration | Slack Marketplace,Paid,channels:read chat:write chat:write.public commands groups:read reactions:write team:read users:read users:read.email,,
https://slack.com/marketplace/A59HB4PC3-canny,Canny & Slack Integration | Slack Marketplace,Free and paid plans available,app_mentions:read channels:history channels:join channels:read chat:write commands files:read groups:history groups:read im:history incoming-webhook mpim:history reactions:read users:read users:read.email,,
https://slack.com/marketplace/A59PM60N8-field-trip,Field Trip & Slack Integration | Slack Marketplace,Paid with free trial,incoming-webhook,,
https://slack.com/marketplace/A59R4PHEJ-ahabot,AhaBot & Slack Integration | Slack Marketplace,,bot channels:history channels:read chat:write:bot commands dnd:read emoji:read files:read files:write:user groups:history groups:read im:history im:read im:write mpim:history mpim:read mpim:write pins:read pins:write reactions:read reactions:write rtm:stream stars:read stars:write team:read usergroups:read users:read users:read.email users:write,bot,classic
https://slack.com/marketplace/A5BKB84CU-olark,Olark & Slack Integration | Slack Marketplace,,bot channels:history channels:read channels:write chat:write:bot dnd:read emoji:read files:read files:write:user groups:history groups:read im:history im:read im:write links:read links:write mpim:history mpim:read mpim:write pins:read pins:write reactions:read reactions:write rtm:stream stars:read stars:write team:read usergroups:read users.profile:write users:read users:read.email users:write,bot,classic
https://slack.com/marketplace/A5BRR7KFH-kudos,Kudos® & Slack Integration | Slack Marketplace,Paid with free trial,channels:history channels:join channels:read chat:write commands groups:history groups:read im:history im:read im:write incoming-webhook mpim:history mpim:read mpim:write team:read users:read users:read.email users:write,,
https://slack.com/marketplace/A5CB98DK4-harvest,Harvest & Slack Integration | Slack Marketplace,Free and paid plans available,chat:write chat:write.public commands users.profile:read users:read users:read.email,,
https://slack.com/marketplace/A5CK1JW58-pongup,PongUp! & Slack Integration | Slack Marketplace,,commands incoming-webhook users:read users:read.email,,
https://slack.com/marketplace/A5D3J8QE4-bugcrowd,Bugcrowd & Slack Integration | Slack Marketplace,Free,incoming-webhook,,
https://slack.com/marketplace/A5D9YSGQK-allanswered,AllAnswered & Slack Integration | Slack Marketplace,Paid with free trial,app_mentions:read channels:history channels:join channels:read chat:write commands dnd:read groups:history groups:read im:history im:read im:write links:read links:write mpim:history mpim:read mpim:write reactions:read reactions:write reminders:read reminders:write team:read usergroups:read users.profile:read users:read users:read.email users:write,,
https://slack.com/marketplace/A5DK3H0QK-steer,Steer & Slack Integration | Slack Marketplace,,bot channels:history channels:read chat:write:bot dnd:read emoji:read files:read files:write:user groups:history groups:read im:history im:read im:write incoming-webhook mpim:history mpim:read mpim:write pins:read pins:write reactions:read reactions:write rtm:stream stars:read stars:write team:read usergroups:read users:read users:read.email users:write,bot,classic
https://slack.com/marketplace/A5F2S4UH2-away-plus,Away Plus & Slack Integration | Slack Marketplace,Free,commands users.profile:write users:write,,
https://slack.com/marketplace/A5FDPBS5D-leavetrack,Leavetrack & Slack Integration | Slack Marketplace,Paid with free trial,chat:write identity.basic identity.email identity.team im:write incoming-webhook team:read,,
https://slack.com/marketplace/A5FKXF3EV-gainsight-sally,Gainsight Sally & Slack Integration | Slack Marketplace,Paid with free trial,app_mentions:read channels:read chat:write chat:write.public commands files:write groups:read im:history im:write team:read users:read users:read.email,,
https://slack.com/marketplace/A5GB3EC5B-torii,Torii & Slack Integration | Slack Marketplace,Paid with free trial,admin admin.teams:read admin.users:read admin.users:write auditlogs:read channels:manage channels:read channels:write chat:write chat:write.customize chat:write.public commands groups:read groups:write im:history im:read team:read usergroups:read usergroups:write users.profile:read users:read users:read.email,,
https://slack.com/marketplace/A5GE9BMQC-zoom,Zoom & Slack Integration | Slack Marketplace,Free and paid plans available,calls:write channels:read chat:write chat:write.customize chat:write.public commands groups:history groups:read groups:write identity.basic im:history im:read im:write links.embed:write links:read links:write mcp:connect mpim:read remote_files:write team:read users.profile:read users.profile:write users:read users:read.email,,
https://slack.com/marketplace/A5H4ESZN3-yoco-board,YoCo Board & Slack Integration | Slack Marketplace,,incoming-webhook,,
https://slack.com/marketplace/A5KGRH4HL-tapetrack,TapeTrack & Slack Integration | Slack Marketplace,,commands incoming-webhook,,
https://slack.com/marketplace/A5LCSHSJW-tea-time,Tea Time & Slack Integration | Slack Marketplace,,commands,,
https://slack.com/marketplace/A5MNTUMFY-leadsyncme,LeadSync.me & Slack Integration | Slack Marketplace,,channels:read chat:write:bot,,
https://slack.com/marketplace/A5MPV4YMC-testim,Testim & Slack Integration | Slack Marketplace,Paid with free trial,channels:read chat:write chat:write.public groups:read incoming-webhook,,
https://slack.com/marketplace/A5MU3TXGS-opteo,Opteo & Slack Integration | Slack Marketplace,Included with service subscription,incoming-webhook,,
https://slack.com/marketplace/A5N150HNJ-teamwork,Teamwork & Slack Integration | Slack Marketplace,Free,channels:join channels:read chat:write chat:write.customize chat:write.public commands groups:read groups:write im:write links:read links:write users.profile:read,,
https://slack.com/marketplace/A5P5FDK33-webex-meetings,Webex Meetings & Slack Integration | Slack Marketplace,Free and paid plans available,app_mentions:read calls:read calls:write channels:read chat:write chat:write.public commands groups:read im:read team:read users.profile:read users.profile:write users:read users:read.email,,
https://slack.com/marketplace/A5PP3HSN9-attendease,Attendease & Slack Integration | Slack Marketplace,Paid,chat:write:bot incoming-webhook,,
https://slack.com/marketplace/A5Q7DHJMU-viral-loops,Viral Loops & Slack Integration | Slack Marketplace,Paid with free trial,incoming-webhook,,
https://slack.com/marketplace/A5SC552JF-cint-snapshot,Cint Snapshot & Slack Integration | Slack Marketplace,Paid,chat:write chat:write.public commands users:read,,
https://slack.com/marketplace/A5T9ZLBC0-miserbot,miserbot & Slack Integration | Slack Marketplace,,bot channels:history channels:read chat:write:bot dnd:read emoji:read files:read files:write:user groups:history groups:read im:history im:read im:write incoming-webhook mpim:history mpim:read mpim:write pins:read pins:write reactions:read reactions:write rtm:stream stars:read stars:write team:read usergroups:read users:read users:read.email users:write,bot,classic
https://slack.com/marketplace/A5U4N2DQV-vecta,Vecta & Slack Integration | Slack Marketplace,,bot channels:history channels:read chat:write:bot dnd:read emoji:read files:read files:write:user groups:history groups:read im:history im:read im:write links:read links:write mpim:history mpim:read mpim:write pins:read pins:write reactions:read reactions:write rtm:stream stars:read stars:write team:read usergroups:read users:read users:read.email users:write,bot,classic
https://slack.com/marketplace/A5V1GG6V7-upscribe,Upscribe & Slack Integration | Slack Marketplace,Paid with free trial,incoming-webhook,,
https://slack.com/marketplace/A5W6QMNK0-shuffl,Shuffl & Slack Integration | Slack Marketplace,Free and paid plans available,app_mentions:read channels:join channels:manage channels:read chat:write chat:write.public groups:read groups:write identity.avatar identity.basic identity.email identity.team im:history im:write mpim:write team:read users:read users:read.email,,
https://slack.com/marketplace/A5WSV335Y-kogniz,Kogniz & Slack Integration | Slack Marketplace,,channels:read chat:write:bot identity.basic identity.email users:read users:read.email,,
https://slack.com/marketplace/A5X7UCWM8-teammood,TeamMood & Slack Integration | Slack Marketplace,Paid with free trial,chat:write commands im:write users:read users:read.email,,
https://slack.com/marketplace/A5YAUV1CK-winzip-enterprise-for-slack,WinZip Enterprise for Slack & Slack Integration | Slack Marketplace,Free,chat:write im:write users.profile:read users:read users:read.email,,
https://slack.com/marketplace/A5YBZEFCZ-featureflow,Featureflow & Slack Integration | Slack Marketplace,,incoming-webhook,,
https://slack.com/marketplace/A625TJ1BQ-elorus4slack,Elorus4Slack & Slack Integration | Slack Marketplace,Free and paid plans available,channels:join chat:write files:read incoming-webhook,,
https://slack.com/marketplace/A62RKEAUE-notes-by-notejoy,Notes by Notejoy & Slack Integration | Slack Marketplace,,bot channels:history channels:read channels:write chat:write:bot chat:write:user commands dnd:read emoji:read files:read files:write:user groups:history groups:read im:history im:read im:write links:read links:write mpim:history mpim:read mpim:write pins:read pins:write reactions:read reactions:write rtm:stream stars:read stars:write team:read usergroups:read users:read users:read.email users:write,bot,classic
https://slack.com/marketplace/A62UZJF7G-getmyinvoices,GetMyInvoices & Slack Integration | Slack Marketplace,Paid with free trial,channels:read files:write,,
https://slack.com/marketplace/A63BHSBD0-ethnio,Ethnio & Slack Integration | Slack Marketplace,Free and paid plans available,channels:read incoming-webhook users:read users:read.email,,
https://slack.com/marketplace/A659XS02X-wegrow,WeGrow & Slack Integration | Slack Marketplace,,channels:history channels:read chat:write:bot incoming-webhook users:read,,
https://slack.com/marketplace/A66K2PCBB-supportlogic,SupportLogic & Slack Integration | Slack Marketplace,Paid,channels:manage channels:read channels:write chat:write chat:write.public email files:write groups:read im:history openid profile team:read users:read users:read.email,,
https://slack.com/marketplace/A676ADMV5-gitlab,GitLab & Slack Integration | Slack Marketplace,Free and paid plans available,app_mentions:read channels:history chat:write chat:write.public commands groups:history reactions:write,,
https://slack.com/marketplace/A68TNGLEL-churn-buster,Churn Buster & Slack Integration | Slack Marketplace,Paid with free trial,incoming-webhook,,
https://slack.com/marketplace/A6AB226UR-mavenlink,Mavenlink & Slack Integration | Slack Marketplace,,channels:read chat:write:bot groups:read incoming-webhook,,
https://slack.com/marketplace/A6AH3LRCY-chargebee,Chargebee & Slack Integration | Slack Marketplace,Free,chat:write:bot incoming-webhook,,
https://slack.com/marketplace/A6AJQFBRB-mediavalet-bot,MediaValet Bot & Slack Integration | Slack Marketplace,Paid,channels:history channels:read chat:write groups:history groups:read groups:write im:read mpim:read users:read,,
https://slack.com/marketplace/A6D9QN6PM-greetly,Greetly & Slack Integration | Slack Marketplace,,bot channels:history channels:read chat:write:bot dnd:read emoji:read files:read files:write:user groups:history groups:read im:history im:read im:write mpim:history mpim:read mpim:write pins:read pins:write reactions:read reactions:write rtm:stream stars:read stars:write team:read usergroups:read users:read users:read.email users:write,bot,classic
https://slack.com/marketplace/A6DB2SWUW-storyplan,StoryPlan & Slack Integration | Slack Marketplace,Free,channels:read chat:write chat:write.public commands groups:read im:history team:read users:read users:read.email workflow.steps:execute,,
https://slack.com/marketplace/A6EMQ8BME-bindle,Bindle & Slack Integration | Slack Marketplace,,incoming-webhook,,
https://slack.com/marketplace/A6FQL4KQC-integry,Integry & Slack Integration | Slack Marketplace,Paid with free trial,app_mentions:read channels:history channels:read channels:write chat:write chat:write.customize chat:write.public groups:history groups:read groups:write reactions:read reactions:write users.profile:read users.profile:write,,
https://slack.com/marketplace/A6GR47Q9K-support-board,Support Board & Slack Integration | Slack Marketplace,Paid,channels:history channels:join channels:manage channels:read channels:write chat:write chat:write.customize chat:write.public dnd:read files:read files:write incoming-webhook team:read users.profile:read users:read users:read.email,,
https://slack.com/marketplace/A6HB86QUW-learn-amp,Learn Amp & Slack Integration | Slack Marketplace,Paid,channels:read chat:write chat:write.public commands identity.basic,,
https://slack.com/marketplace/A6HBA5C06-status-hook,Status Hook & Slack Integration | Slack Marketplace,,commands users.profile:read users.profile:write,,
https://slack.com/marketplace/A6HHK0MB5-symantec-cloudsoc-eu,Symantec CloudSOC EU & Slack Integration | Slack Marketplace,Paid,admin.conversations:write auditlogs:read channels:read chat:write discovery:read discovery:write files:write groups:read groups:write im:read mpim:read,,
https://slack.com/marketplace/A6HMFQGAG-symantec-cloudsoc,Symantec CloudSOC & Slack Integration | Slack Marketplace,Paid,admin.conversations:write auditlogs:read chat:write discovery:read discovery:write files:write groups:write,,
https://slack.com/marketplace/A6K2V3NTB-hevo,Hevo & Slack Integration | Slack Marketplace,Paid with free trial,incoming-webhook,,
https://slack.com/marketplace/A6KPKL4E9-codecks-bot,Codecks Bot & Slack Integration | Slack Marketplace,Free and paid plans available,channels:read chat:write commands groups:read openid,,
https://slack.com/marketplace/A6KTW4AAJ-verbot,Ver.bot & Slack Integration | Slack Marketplace,,bot channels:history channels:read chat:write:bot commands dnd:read emoji:read files:read files:write:user groups:history groups:read im:history im:read im:write mpim:history mpim:read mpim:write pins:read pins:write reactions:read reactions:write rtm:stream stars:read stars:write team:read usergroups:read users:read users:read.email users:write,bot,classic
https://slack.com/marketplace/A6L22LZNH-amazon-q-developer,Amazon Q Developer & Slack Integration | Slack Marketplace,Free,app_mentions:read channels:read chat:write chat:write.public groups:read team:read users:read,,
https://slack.com/marketplace/A6LLMN2GK-dead-simple-screen-sharing,Dead Simple Screen Sharing & Slack Integration | Slack Marketplace,,commands incoming-webhook,,
https://slack.com/marketplace/A6M4DUSF9-quire,Quire & Slack Integration | Slack Marketplace,Free,chat:write:bot commands team:read,,
https://slack.com/marketplace/A6N6LTVEV-sms-forward,SMS Forward & Slack Integration | Slack Marketplace,,incoming-webhook,,
https://slack.com/marketplace/A6NU2RU4B-ringcentral,RingCentral & Slack Integration | Slack Marketplace,Free,calls:write commands users:read,,
https://slack.com/marketplace/A6R872014-makeleaps,MakeLeaps & Slack Integration | Slack Marketplace,Free,incoming-webhook,,
https://slack.com/marketplace/A6T20H96D-mobile-action,Mobile Action & Slack Integration | Slack Marketplace,Free and paid plans available,incoming-webhook,,
https://slack.com/marketplace/A6TMRAKLY-lead-honestly,Lead Honestly & Slack Integration | Slack Marketplace,Paid with free trial,chat:write dnd:read im:history im:read im:write users:read users:read.email users:write,,
https://slack.com/marketplace/A6TRS2MEJ-cage,Cage & Slack Integration | Slack Marketplace,Free and paid plans available,incoming-webhook,,
https://slack.com/marketplace/A6U6CU8TU-stormboard,Stormboard & Slack Integration | Slack Marketplace,Free and paid plans available,channels:read chat:write commands im:history,,
https://slack.com/marketplace/A6V0E4KTR-ampt,AMPT & Slack Integration | Slack Marketplace,,commands incoming-webhook users:read users:read.email,,
https://slack.com/marketplace/A6VQ0M28Z-slite,Slite & Slack Integration | Slack Marketplace,Free and paid plans available,app_mentions:read assistant:write channels:history channels:join channels:read chat:write chat:write.public files:write groups:history groups:read im:history im:write links:read links:write users:read users:read.email,,
https://slack.com/marketplace/A6WCHU48J-geojs,GeoJS & Slack Integration | Slack Marketplace,,commands,,
https://slack.com/marketplace/A6WF338RW-pebbles,Pebbles & Slack Integration | Slack Marketplace,Paid with free trial,channels:history channels:read chat:write chat:write.public commands files:read files:write groups:history groups:read im:history im:read im:write mpim:history mpim:read reactions:read reactions:write team:read users:read users:read.email,,
https://slack.com/marketplace/A6XUGTULV-upraise,UpRaise & Slack Integration | Slack Marketplace,,bot channels:history channels:read chat:write:bot chat:write:user dnd:read emoji:read files:read files:write:user groups:history groups:read im:history im:read im:write mpim:history mpim:read mpim:write pins:read pins:write reactions:read reactions:write rtm:stream stars:read stars:write team:read usergroups:read users:read users:read.email users:write,bot,classic
https://slack.com/marketplace/A6ZBNNB3P-droplr-screenshots-markup,Droplr - Screenshots + Markup & Slack Integration | Slack Marketplace,,identity.basic identity.email identity.team links:read links:write,,
https://slack.com/marketplace/A71KNREBS-cincopa,Cincopa & Slack Integration | Slack Marketplace,,incoming-webhook,,
https://slack.com/marketplace/A71NM84Q6-locize,locize & Slack Integration | Slack Marketplace,Included with service subscription,channels:read chat:write chat:write.public commands groups:read,,
https://slack.com/marketplace/A731SRXEE-leadberry,Leadberry & Slack Integration | Slack Marketplace,,incoming-webhook users:read,,
https://slack.com/marketplace/A73URQG2V-send-check-it,Send Check It & Slack Integration | Slack Marketplace,,commands incoming-webhook team:read,,
https://slack.com/marketplace/A74A8N36D-feedback-loop,Feedback Loop & Slack Integration | Slack Marketplace,Paid,incoming-webhook,,
https://slack.com/marketplace/A79KD3HPZ-promoter-ninja,Promoter Ninja & Slack Integration | Slack Marketplace,Paid with free trial,chat:write:bot,,
https://slack.com/marketplace/A7CLAMVNW-adobe-workfront,Adobe Workfront & Slack Integration | Slack Marketplace,Free,chat:write commands links:read links:write,,
https://slack.com/marketplace/A7CTL0Y67-cryptocheck,cryptocheck & Slack Integration | Slack Marketplace,,commands,,
https://slack.com/marketplace/A7CU3H1B3-chicmi,Chicmi & Slack Integration | Slack Marketplace,,incoming-webhook,,
https://slack.com/marketplace/A7D457P6U-annotatepro,AnnotatePro & Slack Integration | Slack Marketplace,,commands files:write:user,,
https://slack.com/marketplace/A7D8BAH8S-teamhub,TeamHub & Slack Integration | Slack Marketplace,,channels:history channels:read emoji:read files:read identity.basic identity.email reactions:read users:read,,
https://slack.com/marketplace/A7FCZTU4A-actionmint,Actionmint & Slack Integration | Slack Marketplace,,commands incoming-webhook,,
https://slack.com/marketplace/A7FHF0KQA-demandbase,Demandbase & Slack Integration | Slack Marketplace,Paid,assistant:write chat:write im:history mcp:connect team:read users:read users:read.email,,
https://slack.com/marketplace/A7FTEHPEG-chatbot,ChatBot & Slack Integration | Slack Marketplace,,bot channels:history channels:read chat:write:bot dnd:read emoji:read files:read files:write:user groups:history groups:read im:history im:read im:write mpim:history mpim:read mpim:write pins:read pins:write reactions:read reactions:write rtm:stream stars:read stars:write team:read usergroups:read users:read users:read.email users:write,bot,classic
https://slack.com/marketplace/A7G7A0T6J-zadarmabot,Zadarmabot & Slack Integration | Slack Marketplace,Paid,app_mentions:read channels:read chat:write groups:read im:history im:write,,
https://slack.com/marketplace/A7GHBE4LF-skrum,Skrum & Slack Integration | Slack Marketplace,,channels:read chat:write:bot commands groups:read im:read mpim:read users.profile:read users:read users:read.email,,
https://slack.com/marketplace/A7GL6A16W-landbotio,Landbot.io & Slack Integration | Slack Marketplace,Free and paid plans available,incoming-webhook,,
https://slack.com/marketplace/A7J8LCM5K-snackbot,Snackbot & Slack Integration | Slack Marketplace,Free and paid plans available,app_mentions:read channels:history channels:read chat:write groups:history groups:read im:history im:read im:write mpim:history mpim:read reactions:write users:read,,
https://slack.com/marketplace/A7JLYRXPV-sitemap,SiteMap & Slack Integration | Slack Marketplace,,commands files:write:user,,
https://slack.com/marketplace/A7JQ52C03-youscan,YouScan & Slack Integration | Slack Marketplace,Paid with free trial,incoming-webhook team:read,,
https://slack.com/marketplace/A7JVAE39T-invoco-telecom,Invoco Telecom & Slack Integration | Slack Marketplace,,channels:read chat:write:bot,,
https://slack.com/marketplace/A7K4SERB5-volare,Volare & Slack Integration | Slack Marketplace,,incoming-webhook,,
https://slack.com/marketplace/A7KS7HQTC-culturehq,CultureHQ & Slack Integration | Slack Marketplace,Paid,channels:join channels:read chat:write commands groups:read im:write incoming-webhook users:read users:read.email,,
https://slack.com/marketplace/A7L1G877E-everhour,Everhour & Slack Integration | Slack Marketplace,Paid with free trial,channels:read chat:write chat:write.customize chat:write.public groups:read,,
https://slack.com/marketplace/A7LLZLLAV-tokeet,Tokeet & Slack Integration | Slack Marketplace,Free and paid plans available,channels:read chat:write chat:write.public,,
https://slack.com/marketplace/A7MPSSJ6R-vimeo,Vimeo & Slack Integration | Slack Marketplace,Free and paid plans available,incoming-webhook,,
https://slack.com/marketplace/A7NM4S8Q0-gohire,GoHire & Slack Integration | Slack Marketplace,Paid with free trial,incoming-webhook,,
https://slack.com/marketplace/A7P35MCT0-adobe-express,Adobe Express & Slack Integration | Slack Marketplace,Free and paid plans available,assistant:write channels:read chat:write chat:write.public commands files:write groups:read groups:write im:history im:read im:write mpim:read reactions:write team:read users:read users:read.email,,
https://slack.com/marketplace/A7P5RQKJ9-zoho-checkout,Zoho Checkout & Slack Integration | Slack Marketplace,Paid,incoming-webhook,,
https://slack.com/marketplace/A7PB8BRCJ-webgazer,WebGazer & Slack Integration | Slack Marketplace,Included with service subscription,incoming-webhook,,
https://slack.com/marketplace/A7PM5AZ33-leaderboard,Leaderboard & Slack Integration | Slack Marketplace,Free and paid plans available,app_mentions:read chat:write chat:write.public commands im:write,,
https://slack.com/marketplace/A7PPNTE22-screenshots,Screenshots & Slack Integration | Slack Marketplace,,commands,,
https://slack.com/marketplace/A7PTAKQHW-trotto-go-links,Trotto Go Links & Slack Integration | Slack Marketplace,Free and paid plans available,commands users:read users:read.email,,
https://slack.com/marketplace/A7THV0258-sketchdeck,SketchDeck & Slack Integration | Slack Marketplace,Free,incoming-webhook,,
https://slack.com/marketplace/A7UGYLJGL-testmu-ai,TestMu AI & Slack Integration | Slack Marketplace,Included with service subscription,channels:read chat:write chat:write.public commands incoming-webhook,,
https://slack.com/marketplace/A7UMS3D2S-impower,IMpower & Slack Integration | Slack Marketplace,Paid with free trial,channels:history channels:join channels:manage channels:read chat:write commands files:read files:write groups:history groups:read incoming-webhook team:read users:read users:read.email,,
https://slack.com/marketplace/A7W497ADD-kipwise-wiki,Kipwise Wiki & Slack Integration | Slack Marketplace,Paid with free trial,bot channels:history channels:read channels:write chat:write:bot chat:write:user commands dnd:read emoji:read files:read files:write:user groups:history groups:read identity.avatar identity.basic identity.email identity.team im:history im:read im:write links:read mpim:history mpim:read mpim:write pins:read pins:write reactions:read reactions:write rtm:stream stars:read stars:write team:read usergroups:read users:read users:read.email users:write,bot,classic
https://slack.com/marketplace/A7XUV370S-pagertree,PagerTree & Slack Integration | Slack Marketplace,Free and paid plans available,chat:write commands im:history im:write,,
https://slack.com/marketplace/A7YHPG3GB-spectrum,Spectrum & Slack Integration | Slack Marketplace,Paid with free trial,channels:read chat:write chat:write.customize chat:write.public commands files:read groups:read users:read users:read.email,,
https://slack.com/marketplace/A7ZTFUG4U-updraft-app-distribution,Updraft: App Distribution & Slack Integration | Slack Marketplace,Free and paid plans available,incoming-webhook,,
https://slack.com/marketplace/A80FYCSV6-officebot,OfficeBot & Slack Integration | Slack Marketplace,Free and paid plans available,app_mentions:read channels:read chat:write email emoji:read files:write groups:read im:history openid profile team:read users.profile:read users.profile:write users:read users:read.email,,
https://slack.com/marketplace/A812HMTMW-multicointicker,MultiCoinTicker & Slack Integration | Slack Marketplace,,bot channels:history channels:read chat:write:bot dnd:read emoji:read files:read files:write:user groups:history groups:read im:history im:read im:write incoming-webhook mpim:history mpim:read mpim:write pins:read pins:write reactions:read reactions:write rtm:stream stars:read stars:write team:read usergroups:read users:read users:read.email users:write,bot,classic
https://slack.com/marketplace/A81FQ3116-1password,1Password & Slack Integration | Slack Marketplace,Paid with free trial,channels:read chat:write chat:write.customize chat:write.public groups:read team:read usergroups:read users:read users:read.email,,
https://slack.com/marketplace/A825P7KRU-leadfeeder-by-dealfront,Leadfeeder by Dealfront & Slack Integration | Slack Marketplace,Paid with free trial,channels:read chat:write chat:write.public groups:read users:read users:read.email,,
https://slack.com/marketplace/A83GC6RMG-workstars,Workstars & Slack Integration | Slack Marketplace,Paid,email incoming-webhook openid,,
https://slack.com/marketplace/A83H5QZPT-reminder-bot,Reminder Bot & Slack Integration | Slack Marketplace,Paid with free trial,channels:read chat:write chat:write.public groups:read identify identity.basic identity.email identity.team im:read mpim:read team:read users:read,identify,
https://slack.com/marketplace/A86JLBP1S-goat,Goat & Slack Integration | Slack Marketplace,,commands links:read links:write team:read,,
https://slack.com/marketplace/A86T4473P-15five,15Five & Slack Integration | Slack Marketplace,Paid with free trial,channels:read chat:write chat:write.customize chat:write.public commands groups:read users:read users:read.email,,
https://slack.com/marketplace/A8761N8U9-coreceptionist,CoReceptionist & Slack Integration | Slack Marketplace,,channels:read chat:write:bot users:read users:read.email,,
https://slack.com/marketplace/A8B0T0Z32-solarwinds-incident-response,SolarWinds Incident Response & Slack Integration | Slack Marketplace,Free and paid plans available,app_mentions:read channels:join channels:read channels:write chat:write commands groups:read groups:write im:read im:write mpim:read mpim:write team:read users:read users:read.email,,
https://slack.com/marketplace/A8B6M0E65-talentlyft,TalentLyft & Slack Integration | Slack Marketplace,Paid with free trial,incoming-webhook,,
https://slack.com/marketplace/A8BBNKE9X-lilspace,lilspace & Slack Integration | Slack Marketplace,,dnd:read dnd:write users.profile:read users.profile:write users:write,,
https://slack.com/marketplace/A8BEWM36W-front-desk,Front Desk & Slack Integration | Slack Marketplace,,bot channels:history channels:read chat:write:bot dnd:read emoji:read files:read files:write:user groups:history groups:read identity.basic identity.email identity.team im:history im:read im:write incoming-webhook mpim:history mpim:read mpim:write pins:read pins:write reactions:read reactions:write rtm:stream stars:read stars:write team:read usergroups:read users:read users:read.email users:write,bot,classic
https://slack.com/marketplace/A8DPZTBLY-kulfy-app,Kulfy App & Slack Integration | Slack Marketplace,,commands,,
https://slack.com/marketplace/A8DRTNEQM-effinbot,EffinBot & Slack Integration | Slack Marketplace,,commands,,
https://slack.com/marketplace/A8E620ZK7-apify,Apify & Slack Integration | Slack Marketplace,Paid with free trial,channels:read chat:write chat:write.public commands im:history,,
https://slack.com/marketplace/A8EBU012M-daily-chess-puzzle,Daily Chess Puzzle & Slack Integration | Slack Marketplace,,commands incoming-webhook,,
https://slack.com/marketplace/A8EJUSLSK-cision-app,Cision App & Slack Integration | Slack Marketplace,Paid,incoming-webhook,,
https://slack.com/marketplace/A8F565ECE-knowi,Knowi & Slack Integration | Slack Marketplace,Free and paid plans available,channels:join channels:read chat:write chat:write.public commands files:read files:write groups:read im:history im:read,,
https://slack.com/marketplace/A8H1FEU8Z-onna-discovery,Onna Discovery & Slack Integration | Slack Marketplace,Paid with free trial,admin.legal_holds:read admin.legal_holds:write admin.teams:read auditlogs:read discovery:read emoji:read,,
https://slack.com/marketplace/A8JA33WRZ-gogo,Gogo & Slack Integration | Slack Marketplace,,bot channels:history channels:read chat:write:bot dnd:read emoji:read files:read files:write:user groups:history groups:read im:history im:read im:write mpim:history mpim:read mpim:write pins:read pins:write reactions:read reactions:write rtm:stream stars:read stars:write team:read usergroups:read users:read users:read.email users:write,bot,classic
https://slack.com/marketplace/A8KHN4EDV-translator-translate-languages,Translator - Translate Languages & Slack Integration | Slack Marketplace,Free and paid plans available,channels:history channels:read channels:write.invites chat:write commands files:read groups:history groups:read groups:write.invites im:history im:read im:write mpim:history mpim:read users:read,,
https://slack.com/marketplace/A8KKGBABX-holistics,Holistics & Slack Integration | Slack Marketplace,Paid with free trial,channels:read channels:write chat:write chat:write.customize chat:write.public files:write groups:read groups:write links:read links:write team:read,,
https://slack.com/marketplace/A8L79KM5W-float-activity-feed,Float Activity Feed & Slack Integration | Slack Marketplace,Paid with free trial,incoming-webhook,,
https://slack.com/marketplace/A8LBFQ0QH-kippy,kippy & Slack Integration | Slack Marketplace,,channels:read channels:write chat:write:bot chat:write:user identity.basic identity.email identity.team im:write team:read users:read users:read.email,,
https://slack.com/marketplace/A8LSJN934-postmark-bot,Postmark Bot & Slack Integration | Slack Marketplace,Free,channels:join chat:write commands incoming-webhook,,
https://slack.com/marketplace/A8MAPLX53-fortunes,Fortunes & Slack Integration | Slack Marketplace,Free,commands,,
https://slack.com/marketplace/A8P8MP1D3-meme-complete,Meme Complete & Slack Integration | Slack Marketplace,Free,chat:write chat:write.public commands,,
https://slack.com/marketplace/A8QLR38M7-urban-dictionary,Urban Dictionary & Slack Integration | Slack Marketplace,,commands,,
https://slack.com/marketplace/A8RM09Q4B-pageclip,Pageclip & Slack Integration | Slack Marketplace,,incoming-webhook,,
https://slack.com/marketplace/A8RNRH3J4-iruca,iruca & Slack Integration | Slack Marketplace,Free and paid plans available,commands incoming-webhook users:read,,
https://slack.com/marketplace/A8SF5G5J7-prosvita,Prosvita & Slack Integration | Slack Marketplace,Free,channels:history channels:join channels:read chat:write email openid profile team:read users:read,,
https://slack.com/marketplace/A8UQX3CKX-peakmetrics,PeakMetrics & Slack Integration | Slack Marketplace,Paid with free trial,incoming-webhook,,
https://slack.com/marketplace/A8VK125AS-miro,Miro & Slack Integration | Slack Marketplace,Free,canvases:read canvases:write channels:history channels:read chat:write chat:write.public commands email groups:history groups:read identity.avatar identity.basic identity.email identity.team im:history im:read im:write links.embed:write links:read links:write mcp:connect mpim:history mpim:read openid profile remote_files:write search:read.files search:read.im search:read.mpim search:read.private search:read.public search:read.users users:read users:read.email,,
https://slack.com/marketplace/A8W3MP4T0-sine,Sine & Slack Integration | Slack Marketplace,Paid with free trial,channels:read chat:write chat:write.public groups:read im:history users:read users:read.email,,
https://slack.com/marketplace/A8W8QLZD1-bitbucket-cloud,Bitbucket Cloud & Slack Integration | Slack Marketplace,Free,app_mentions:read channels:history channels:read channels:write chat:write chat:write.public commands dnd:read groups:history groups:read groups:write im:history im:read im:write links:read links:write mpim:history mpim:read mpim:write team:read users.profile:read users:read users:read.email,,
https://slack.com/marketplace/A8X0UUVLJ-zoho-flow,Zoho Flow & Slack Integration | Slack Marketplace,,channels:history channels:read channels:write chat:write:bot chat:write:user groups:history groups:read im:read reminders:write stars:read users.profile:write users:read,,
https://slack.com/marketplace/A8X9VEW2Y-storyblok,Storyblok & Slack Integration | Slack Marketplace,,incoming-webhook,,
https://slack.com/marketplace/A8XS1U7UM-estimo,Estimo & Slack Integration | Slack Marketplace,,bot channels:history channels:read chat:write:bot commands dnd:read emoji:read files:read files:write:user groups:history groups:read im:history im:read im:write links:read links:write mpim:history mpim:read mpim:write pins:read pins:write reactions:read reactions:write rtm:stream stars:read stars:write team:read usergroups:read users:read users:read.email users:write,bot,classic
https://slack.com/marketplace/A8YM3GLUV-visible,Visible & Slack Integration | Slack Marketplace,Paid with free trial,channels:read chat:write chat:write.public groups:read,,
https://slack.com/marketplace/A8Z9J2Z1S-lunch-buddies,Lunch Buddies & Slack Integration | Slack Marketplace,Paid with free trial,app_mentions:read channels:read chat:write commands groups:read im:history im:write mpim:write team:read users:read,,
https://slack.com/marketplace/A8ZJUEL0K-vibe,Vibe & Slack Integration | Slack Marketplace,Free,chat:write email links:read links:write openid profile,,
https://slack.com/marketplace/A91840AT1-blackbell,Blackbell & Slack Integration | Slack Marketplace,,chat:write:bot groups:read groups:write,,
https://slack.com/marketplace/A918JCNLB-userstory,UserStory & Slack Integration | Slack Marketplace,,channels:read chat:write:user groups:read im:read users:read,,
https://slack.com/marketplace/A92L0FXB9-stellar-payment-notifications,Stellar Payment Notifications & Slack Integration | Slack Marketplace,,chat:write:bot commands,,
https://slack.com/marketplace/A92U35XEJ-peerfives,PeerFives & Slack Integration | Slack Marketplace,Paid with free trial,channels:history channels:join channels:manage channels:read chat:write chat:write.public commands email emoji:read im:history openid profile reactions:read team:read users:read users:read.email,,
https://slack.com/marketplace/A938TS1QS-range,Range & Slack Integration | Slack Marketplace,Free and paid plans available,app_mentions:read channels:join channels:read chat:write chat:write.customize chat:write.public commands groups:read identity.avatar identity.basic identity.email identity.team im:history im:write reactions:write team:read users:read users:read.email users:write,,
https://slack.com/marketplace/A971D0G6R-charthop,ChartHop & Slack Integration | Slack Marketplace,Included with service subscription,app_mentions:read assistant:write channels:history chat:write chat:write.public commands groups:history im:history im:read im:write team:read users.profile:read users:read users:read.email,,
https://slack.com/marketplace/A977MNJDV-useresponse,UseResponse & Slack Integration | Slack Marketplace,,channels:history channels:read channels:write chat:write:bot files:write:user incoming-webhook users:read,,
https://slack.com/marketplace/A98QXTVLJ-ludo,Ludo & Slack Integration | Slack Marketplace,Paid with free trial,incoming-webhook,,
https://slack.com/marketplace/A9AESRU12-smartsheet,Smartsheet & Slack Integration | Slack Marketplace,Paid with free trial,channels:read chat:write chat:write.public groups:read im:history im:read links:read links:write team:read users:read,,
https://slack.com/marketplace/A9AME0Y6R-visitor-queue,Visitor Queue & Slack Integration | Slack Marketplace,Paid,incoming-webhook,,
https://slack.com/marketplace/A9BMSD9S6-hippo-video,Hippo Video & Slack Integration | Slack Marketplace,,channels:read chat:write:user groups:read im:read im:write team:read users:read users:read.email,,
https://slack.com/marketplace/A9BP7F8G7-awork,awork & Slack Integration | Slack Marketplace,Paid with free trial,channels:read chat:write chat:write.public commands groups:read groups:write im:read im:write incoming-webhook users:read,,
https://slack.com/marketplace/A9C45N7UM-heymarket,Heymarket & Slack Integration | Slack Marketplace,Paid with free trial,bot channels:history channels:read chat:write:bot commands dnd:read emoji:read files:read files:write:user groups:history groups:read im:history im:read im:write incoming-webhook mpim:history mpim:read mpim:write pins:read pins:write reactions:read reactions:write rtm:stream stars:read stars:write team:read usergroups:read users:read users:read.email users:write,bot,classic
https://slack.com/marketplace/A9CJBK7SB-tesults,Tesults & Slack Integration | Slack Marketplace,Free and paid plans available,channels:read chat:write chat:write.customize chat:write.public groups:read,,
https://slack.com/marketplace/A9EL2C02H-officesimplify,OfficeSimplify & Slack Integration | Slack Marketplace,Free and paid plans available,channels:read chat:write chat:write.public commands dnd:read groups:read identity.basic identity.email im:history im:write team:read users.profile:read users.profile:write users:read users:read.email users:write,,
https://slack.com/marketplace/A9G1TH4S2-loom,Loom & Slack Integration | Slack Marketplace,Free and paid plans available,channels:read chat:write chat:write.public commands email groups:read im:read im:write links.embed:write links:read links:write mpim:read openid profile team:read users.profile:read users:read users:read.email,,
https://slack.com/marketplace/A9J9MESMB-triggercmd,TRIGGERcmd & Slack Integration | Slack Marketplace,,commands team:read,,
https://slack.com/marketplace/A9JJFKV52-bettercloud-spend-alerts,BetterCloud Spend Alerts & Slack Integration | Slack Marketplace,Free,chat:write chat:write.public incoming-webhook,,
https://slack.com/marketplace/A9JQD9JR4-thetool-aso-report,TheTool: ASO Report & Slack Integration | Slack Marketplace,,incoming-webhook,,
https://slack.com/marketplace/A9JTVFNCX-forecast,Forecast & Slack Integration | Slack Marketplace,Free,commands,,
https://slack.com/marketplace/A9L319MDY-testingbot,TestingBot & Slack Integration | Slack Marketplace,,bot channels:history channels:read chat:write:bot commands dnd:read emoji:read files:read files:write:user groups:history groups:read im:history im:read im:write incoming-webhook links:read links:write mpim:history mpim:read mpim:write pins:read pins:write reactions:read reactions:write rtm:stream stars:read stars:write team:read usergroups:read users:read users:read.email users:write,bot,classic
https://slack.com/marketplace/A9L3493N0-bionic-metrics,Bionic Metrics & Slack Integration | Slack Marketplace,Paid,channels:read chat:write chat:write.customize chat:write.public groups:read,,
https://slack.com/marketplace/A9MELHXE3-iorad,iorad & Slack Integration | Slack Marketplace,Free,app_mentions:read chat:write commands im:history links:read links:write team:read users:read users:read.email,,
https://slack.com/marketplace/A9MM4CX2P-cliphy,Cliphy & Slack Integration | Slack Marketplace,,commands,,
https://slack.com/marketplace/A9NK2TMFS-servicenow-otto-now-assist,ServiceNow Otto (Now Assist) & Slack Integration | Slack Marketplace,Paid,app_mentions:read channels:history channels:join channels:manage channels:read chat:write chat:write.customize conversations.connect:manage files:read groups:history groups:read groups:write im:history im:write incoming-webhook mpim:read mpim:write team:read users:read users:read.email,,
https://slack.com/marketplace/A9NNBG90T-rocketium,Rocketium & Slack Integration | Slack Marketplace,Free and paid plans available,channels:read chat:write commands files:write groups:read im:read incoming-webhook mpim:read users:read,,
https://slack.com/marketplace/A9QDW8KTK-rollbutler,RollButler & Slack Integration | Slack Marketplace,Free,commands,,
https://slack.com/marketplace/A9QS4TX5Z-reception-with-app,Reception With App & Slack Integration | Slack Marketplace,Paid with free trial,channels:read chat:write chat:write.public groups:read users:read,,
https://slack.com/marketplace/A9QSW4XSB-fmt,Fmt & Slack Integration | Slack Marketplace,,commands,,
https://slack.com/marketplace/A9RRCCG73-hubspot,HubSpot & Slack Integration | Slack Marketplace,Free and paid plans available,app_mentions:read assistant:write channels:history channels:join channels:manage channels:read chat:write chat:write.customize chat:write.public commands conversations.connect:write files:read files:write groups:history groups:read groups:write im:history im:write links:read links:write mpim:read reactions:write team:read users:read users:read.email,,
https://slack.com/marketplace/A9XS1443S-slava,Slava & Slack Integration | Slack Marketplace,,bot channels:history channels:read chat:write:bot commands dnd:read emoji:read files:read files:write:user groups:history groups:read im:history im:read im:write links:read links:write mpim:history mpim:read mpim:write pins:read pins:write reactions:read reactions:write rtm:stream stars:read stars:write team:read usergroups:read users:read users:read.email users:write,bot,classic
https://slack.com/marketplace/A9YKRC3TP-nlsql-bot,nlsql bot & Slack Integration | Slack Marketplace,,bot channels:history channels:read chat:write:bot dnd:read emoji:read files:read files:write:user groups:history groups:read im:history im:read im:write mpim:history mpim:read mpim:write pins:read pins:write reactions:read reactions:write rtm:stream stars:read stars:write team:read usergroups:read users:read users:read.email users:write,bot,classic
https://slack.com/marketplace/A9Z9ZNFE1-uptimebot,UptimeBot & Slack Integration | Slack Marketplace,Free and paid plans available,app_mentions:read channels:join channels:read chat:write commands groups:read im:history mpim:read openid team:read users:read users:read.email,,
https://slack.com/marketplace/A9ZGJTE9H-stock,Stock & Slack Integration | Slack Marketplace,Free and paid plans available,chat:write commands files:read files:write im:history,,
https://slack.com/marketplace/AA2LN0BNJ-blue-matador,Blue Matador & Slack Integration | Slack Marketplace,,incoming-webhook,,
https://slack.com/marketplace/AA3A1ERC0-codegiant,Codegiant & Slack Integration | Slack Marketplace,Free and paid plans available,channels:read chat:write:bot,,
https://slack.com/marketplace/AA3S25FHR-boostr,boostr & Slack Integration | Slack Marketplace,,channels:read channels:write chat:write:bot,,
https://slack.com/marketplace/AA41NL1K9-since,Since & Slack Integration | Slack Marketplace,,chat:write:bot commands,,
https://slack.com/marketplace/AA42VQN5U-google-analytics-insights,Google Analytics Insights & Slack Integration | Slack Marketplace,Paid with free trial,channels:read chat:write chat:write.public email groups:read incoming-webhook openid profile team:read users:read users:read.email,,
https://slack.com/marketplace/AA4PZPLQL-facecamp,Facecamp & Slack Integration | Slack Marketplace,Free,channels:read files:write:user groups:read im:read mpim:read users:read,,
https://slack.com/marketplace/AA4RP24RL-dubb-video-sharing-reporting,Dubb - Video Sharing & Reporting & Slack Integration | Slack Marketplace,Free,incoming-webhook,,
https://slack.com/marketplace/AA5L5AARG-vizito,Vizito & Slack Integration | Slack Marketplace,Paid with free trial,chat:write users:read users:read.email,,
https://slack.com/marketplace/AA6A40N3A-teamretro,TeamRetro & Slack Integration | Slack Marketplace,Paid with free trial,incoming-webhook,,
https://slack.com/marketplace/AA6UYSB40-reportbugz,ReportBugz & Slack Integration | Slack Marketplace,,incoming-webhook,,
https://slack.com/marketplace/AA90ARQ2W-helix-alm,Helix ALM & Slack Integration | Slack Marketplace,,bot channels:history channels:read channels:write chat:write:bot dnd:read emoji:read files:read files:write:user groups:history groups:read im:history im:read im:write incoming-webhook mpim:history mpim:read mpim:write pins:read pins:write reactions:read reactions:write rtm:stream stars:read stars:write team:read usergroups:read users:read users:read.email users:write,bot,classic
https://slack.com/marketplace/AAANTJ6H1-signalzen,SignalZen & Slack Integration | Slack Marketplace,Free and paid plans available,app_mentions:read channels:history channels:manage channels:read chat:write chat:write.customize commands email files:read files:write groups:history groups:read groups:write im:history openid profile team:read users:read users:read.email,,
https://slack.com/marketplace/AABBQQYGM-,キンコン & Slack Integration | Slack Marketplace,Paid with free trial,channels:history chat:write commands openid users:read,,
https://slack.com/marketplace/AABU499TM-mondaycom,monday.com & Slack Integration | Slack Marketplace,Paid with free trial,app_mentions:read channels:history channels:join channels:manage channels:read chat:write chat:write.customize chat:write.public commands groups:history groups:read im:history im:write mpim:history reactions:read reactions:write search:read.im search:read.mpim search:read.private search:read.public search:read.users team:read usergroups:read usergroups:write users.profile:read users:read users:read.email,,
https://slack.com/marketplace/AACJK2NDR-flourish,Flourish & Slack Integration | Slack Marketplace,Paid with free trial,chat:write im:history im:write,,
https://slack.com/marketplace/AACT8URM5-basebot,basebot & Slack Integration | Slack Marketplace,,commands,,
https://slack.com/marketplace/AACV2J1AR-happeo,Happeo & Slack Integration | Slack Marketplace,Paid,app_mentions:read assistant:write channels:history channels:read chat:write chat:write.customize chat:write.public commands groups:history groups:read im:history im:read,,
https://slack.com/marketplace/AADH13DJ4-oomnitza-bot,Oomnitza Bot & Slack Integration | Slack Marketplace,,bot channels:history channels:read chat:write:bot dnd:read emoji:read files:read files:write:user groups:history groups:read im:history im:read im:write mpim:history mpim:read mpim:write pins:read pins:write reactions:read reactions:write rtm:stream stars:read stars:write team:read usergroups:read users:read users:read.email users:write,bot,classic
https://slack.com/marketplace/AADHKT1QW-unrove,unrove & Slack Integration | Slack Marketplace,,bot channels:history channels:read chat:write:bot chat:write:user commands dnd:read emoji:read files:read files:write:user groups:history groups:read im:history im:read im:write incoming-webhook mpim:history mpim:read mpim:write pins:read pins:write reactions:read reactions:write rtm:stream stars:read stars:write team:read usergroups:read users.profile:read users:read users:read.email users:write,bot,classic
https://slack.com/marketplace/AAFE8LZ1P-cronhub,Cronhub & Slack Integration | Slack Marketplace,Paid with free trial,chat:write:bot incoming-webhook,,
https://slack.com/marketplace/AAFJB47CN-cloverleaf,Cloverleaf & Slack Integration | Slack Marketplace,Free,app_mentions:read channels:history channels:join channels:read chat:write chat:write.customize commands im:history users:read users:read.email,,
https://slack.com/marketplace/AAG4G5CQK-papermind,Papermind & Slack Integration | Slack Marketplace,Paid with free trial,app_mentions:read channels:read chat:write chat:write.customize chat:write.public commands groups:read identity.avatar identity.basic identity.email identity.team im:history im:read im:write incoming-webhook mpim:read mpim:write team:read users:read users:read.email users:write,,
https://slack.com/marketplace/AAGS627MG-hero-by-happyforce,Hero by Happyforce & Slack Integration | Slack Marketplace,Paid with free trial,channels:history chat:write chat:write.customize chat:write.public commands im:history im:write team:read users:read users:read.email users:write,,
https://slack.com/marketplace/AAJS9FQUD-workona,Workona & Slack Integration | Slack Marketplace,Free and paid plans available,channels:read channels:write chat:write groups:read im:read mpim:read users:read users:read.email,,
https://slack.com/marketplace/AAKSYE28L-moberries,MoBerries & Slack Integration | Slack Marketplace,Paid with free trial,incoming-webhook,,
https://slack.com/marketplace/AAN2V8BBM-metashield-bot,Metashield Bot & Slack Integration | Slack Marketplace,,bot channels:history channels:read chat:write:bot dnd:read emoji:read files:read files:write:user groups:history groups:read im:history im:read im:write mpim:history mpim:read mpim:write pins:read pins:write reactions:read reactions:write rtm:stream stars:read stars:write team:read usergroups:read users:read users:read.email users:write,bot,classic
https://slack.com/marketplace/AANP3QSBG-xmatters,xMatters & Slack Integration | Slack Marketplace,Free and paid plans available,app_mentions:read channels:history channels:read chat:write commands groups:read im:history im:read mpim:read reactions:read reactions:write team:read users:read,,
https://slack.com/marketplace/AANUETZL5-firehydrant,FireHydrant & Slack Integration | Slack Marketplace,Free and paid plans available,admin.conversations:write app_mentions:read bookmarks:write channels:history channels:manage channels:read channels:write chat:write commands files:read files:write groups:history groups:read groups:write im:history im:read im:write links:read links:write pins:write reactions:read reactions:write team:read usergroups:read usergroups:write users:read users:read.email,,
https://slack.com/marketplace/AAPANKAKT-zoho-desk,Zoho Desk & Slack Integration | Slack Marketplace,Paid with free trial,channels:read channels:write chat:write commands groups:read im:read incoming-webhook team:read,,
https://slack.com/marketplace/AAPJ7NCKZ-zeleo,Zeleo & Slack Integration | Slack Marketplace,,incoming-webhook,,
https://slack.com/marketplace/AAQ8LRM5Y-payhelm,PayHelm & Slack Integration | Slack Marketplace,Free and paid plans available,app_mentions:read channels:history channels:join channels:read chat:write im:history im:read im:write incoming-webhook team:read,,
https://slack.com/marketplace/AAT73NJ69-arena,Are.na & Slack Integration | Slack Marketplace,,bot channels:history channels:read chat:write:bot commands dnd:read emoji:read files:read files:write:user groups:history groups:read im:history im:read im:write mpim:history mpim:read mpim:write pins:read pins:write reactions:read reactions:write rtm:stream stars:read stars:write team:read usergroups:read users:read users:read.email users:write,bot,classic
https://slack.com/marketplace/AATCLQRN2-pendo,Pendo & Slack Integration | Slack Marketplace,Free,app_mentions:read assistant:write channels:history channels:read chat:write chat:write.public commands files:write groups:history groups:read im:history im:read incoming-webhook links:read links:write mpim:history mpim:read reactions:write team:read usergroups:read users:read users:read.email,,
https://slack.com/marketplace/AATNZMCHM-qast,Qast & Slack Integration | Slack Marketplace,Free and paid plans available,channels:history channels:join channels:read chat:write chat:write.public commands groups:history im:write reactions:read,,
https://slack.com/marketplace/AAU0W823V-obindo,Obindo & Slack Integration | Slack Marketplace,,bot channels:history channels:read chat:write:bot commands dnd:read emoji:read files:read files:write:user groups:history groups:read identity.avatar identity.basic identity.email identity.team im:history im:read im:write mpim:history mpim:read mpim:write pins:read pins:write reactions:read reactions:write rtm:stream stars:read stars:write team:read usergroups:read users:read users:read.email users:write,bot,classic
https://slack.com/marketplace/AAU6LS24T-sapling-saplingapp,Sapling (saplingapp) & Slack Integration | Slack Marketplace,Paid,channels:read chat:write chat:write.customize chat:write.public commands groups:read incoming-webhook team:read users.profile:read users:read users:read.email,,
https://slack.com/marketplace/AAUPT86BW-guess-the-winner,Guess the winner & Slack Integration | Slack Marketplace,Free and paid plans available,app_mentions:read chat:write incoming-webhook,,
https://slack.com/marketplace/AAVAWG170-remarkbox,Remarkbox & Slack Integration | Slack Marketplace,,channels:read chat:write:bot,,
https://slack.com/marketplace/AAVLQV0S1-timewax,Timewax & Slack Integration | Slack Marketplace,Paid with free trial,chat:write,,
https://slack.com/marketplace/AAZK9LNR0-retrospective-dashboard,Retrospective Dashboard & Slack Integration | Slack Marketplace,,commands,,
https://slack.com/marketplace/AB1U4S03U-pingturk,PingTurk & Slack Integration | Slack Marketplace,Free,incoming-webhook,,
https://slack.com/marketplace/AB2HAJBL3-adstxt-validator,Ads.txt Validator & Slack Integration | Slack Marketplace,,commands,,
https://slack.com/marketplace/AB2HWP5KL-intruder,Intruder & Slack Integration | Slack Marketplace,Paid with free trial,incoming-webhook,,
https://slack.com/marketplace/AB3QF3G78-foo-lighthouse-check,Foo Lighthouse Check & Slack Integration | Slack Marketplace,Free,incoming-webhook,,
https://slack.com/marketplace/AB4BELMQ9-decider,Decider & Slack Integration | Slack Marketplace,,bot channels:history channels:read chat:write:bot commands dnd:read emoji:read files:read files:write:user groups:history groups:read im:history im:read im:write incoming-webhook mpim:history mpim:read mpim:write pins:read pins:write reactions:read reactions:write rtm:stream stars:read stars:write team:read usergroups:read users:read users:read.email users:write,bot,classic
https://slack.com/marketplace/AB52V6TEU-brushup,Brushup & Slack Integration | Slack Marketplace,Free and paid plans available,channels:read chat:write chat:write.public groups:read im:history,,
https://slack.com/marketplace/AB55SRAE8-teamgantt,TeamGantt & Slack Integration | Slack Marketplace,Free and paid plans available,chat:write commands users:read,,
https://slack.com/marketplace/AB568LT62-casino-war,Casino War & Slack Integration | Slack Marketplace,,bot channels:history channels:read chat:write:bot dnd:read emoji:read files:read files:write:user groups:history groups:read im:history im:read im:write mpim:history mpim:read mpim:write pins:read pins:write reactions:read reactions:write rtm:stream stars:read stars:write team:read usergroups:read users:read users:read.email users:write,bot,classic
https://slack.com/marketplace/AB5GB4NHF-nuclino,Nuclino & Slack Integration | Slack Marketplace,Free and paid plans available,commands incoming-webhook links:read links:write users:read users:read.email,,
https://slack.com/marketplace/AB5LS4W8L-leadinfo,Leadinfo & Slack Integration | Slack Marketplace,Paid with free trial,channels:read chat:write chat:write.public incoming-webhook users:read,,
https://slack.com/marketplace/AB6H117M1-spendesk,Spendesk & Slack Integration | Slack Marketplace,Paid,chat:write commands im:write incoming-webhook users:read,,
https://slack.com/marketplace/AB72T915L-moodbit,Moodbit & Slack Integration | Slack Marketplace,,bot channels:history channels:read channels:write chat:write:bot commands dnd:read emoji:read files:read files:write:user groups:history groups:read groups:write im:history im:read im:write mpim:history mpim:read mpim:write pins:read pins:write reactions:read reactions:write rtm:stream stars:read stars:write team:read usergroups:read users.profile:read users:read users:read.email users:write,bot,classic
https://slack.com/marketplace/AB8F19HKK-badthingsdaily,BadThingsDaily & Slack Integration | Slack Marketplace,,chat:write:bot commands,,
https://slack.com/marketplace/AB8F2KTS6-honeybadger,Honeybadger & Slack Integration | Slack Marketplace,Free and paid plans available,app_mentions:read channels:read chat:write groups:read im:history im:read incoming-webhook mpim:read,,
https://slack.com/marketplace/AB9E0V3KL-now-actions,Now Actions & Slack Integration | Slack Marketplace,,bot channels:history channels:read chat:write:bot dnd:read emoji:read files:read files:write:user groups:history groups:read im:history im:read im:write mpim:history mpim:read mpim:write pins:read pins:write reactions:read reactions:write rtm:stream stars:read stars:write team:read usergroups:read users:read users:read.email users:write,bot,classic
https://slack.com/marketplace/ABATAFKJR-inview,InView & Slack Integration | Slack Marketplace,,incoming-webhook,,
https://slack.com/marketplace/ABBS52S6T-understandbetter,UnderstandBetter & Slack Integration | Slack Marketplace,,bot channels:history channels:read chat:write:bot dnd:read emoji:read files:read files:write:user groups:history groups:read im:history im:read im:write incoming-webhook mpim:history mpim:read mpim:write pins:read pins:write reactions:read reactions:write rtm:stream stars:read stars:write team:read usergroups:read users:read users:read.email users:write,bot,classic
https://slack.com/marketplace/ABC1XH3TN-indemandly,Indemandly & Slack Integration | Slack Marketplace,,channels:read chat:write:bot commands groups:read,,
https://slack.com/marketplace/ABC6CMEAC-world-cup-2018,World Cup 2018 & Slack Integration | Slack Marketplace,,commands,,
https://slack.com/marketplace/ABD7EVA7J-clapback,Clapback & Slack Integration | Slack Marketplace,,chat:write:bot commands,,
https://slack.com/marketplace/ABDN9RNEA-flashcxai,FlashCX.ai & Slack Integration | Slack Marketplace,Paid with free trial,commands users:read users:read.email,,
https://slack.com/marketplace/ABDSHJXRP-trackjs,TrackJS & Slack Integration | Slack Marketplace,,incoming-webhook,,
https://slack.com/marketplace/ABE1MDH9U-cryptocurrency-alerting,Cryptocurrency Alerting & Slack Integration | Slack Marketplace,Free,incoming-webhook,,
https://slack.com/marketplace/ABEM7C9LP-poll-everywhere,Poll Everywhere & Slack Integration | Slack Marketplace,Free and paid plans available,chat:write:bot commands,,
https://slack.com/marketplace/ABGDELS07-jobma,JOBMA & Slack Integration | Slack Marketplace,,incoming-webhook,,
https://slack.com/marketplace/ABGSXDG23-brainbot,BrainBot & Slack Integration | Slack Marketplace,Free,chat:write commands im:history,,
https://slack.com/marketplace/ABH43V9RN-workday,Workday & Slack Integration | Slack Marketplace,Included with service subscription,channels:read chat:write chat:write.public commands files:read groups:read im:history im:read im:write incoming-webhook openid users:read users:read.email,,
https://slack.com/marketplace/ABHRLSW67-pushcall,PushCall & Slack Integration | Slack Marketplace,,chat:write:bot commands,,
https://slack.com/marketplace/ABK2DU4L8-vonage-business-communications,Vonage Business Communications & Slack Integration | Slack Marketplace,Paid with free trial,calls:read calls:write chat:write commands im:history im:write,,
https://slack.com/marketplace/ABK88H2TC-continually,Continually & Slack Integration | Slack Marketplace,,channels:history channels:read channels:write chat:write:bot commands files:read incoming-webhook users:read,,
https://slack.com/marketplace/ABL384J2X-wat,wat & Slack Integration | Slack Marketplace,Free,commands,,
https://slack.com/marketplace/ABL88QPHN-zero-robotics-manual-bot,Zero Robotics Manual Bot & Slack Integration | Slack Marketplace,,commands,,
https://slack.com/marketplace/ABLGBJZ19-newreleases,NewReleases & Slack Integration | Slack Marketplace,Free,incoming-webhook,,
https://slack.com/marketplace/ABPGHS944-quantum-workplace,Quantum Workplace & Slack Integration | Slack Marketplace,Free,chat:write commands incoming-webhook users:read users:read.email,,
https://slack.com/marketplace/ABQGHU68J-telecomsxchange,TelecomsXChange & Slack Integration | Slack Marketplace,,bot channels:history channels:read chat:write:bot dnd:read emoji:read files:read files:write:user groups:history groups:read im:history im:read im:write mpim:history mpim:read mpim:write pins:read pins:write reactions:read reactions:write rtm:stream stars:read stars:write team:read usergroups:read users:read users:read.email users:write,bot,classic
https://slack.com/marketplace/ABREJFB9P-proofpoint-casb,Proofpoint CASB & Slack Integration | Slack Marketplace,Included with service subscription,admin auditlogs:read discovery:read discovery:write,,
https://slack.com/marketplace/ABS72Q9B7-alertops,AlertOps & Slack Integration | Slack Marketplace,Paid with free trial,chat:write commands incoming-webhook users:read users:read.email,,
https://slack.com/marketplace/ABSA2FN3Z-blankit-health,blankit health & Slack Integration | Slack Marketplace,,bot channels:history channels:read chat:write:bot dnd:read emoji:read files:read files:write:user groups:history groups:read im:history im:read im:write mpim:history mpim:read mpim:write pins:read pins:write reactions:read reactions:write rtm:stream stars:read stars:write team:read usergroups:read users.profile:read users:read users:read.email users:write,bot,classic
https://slack.com/marketplace/ABU8252JW-cloudshow,CloudShow & Slack Integration | Slack Marketplace,Free and paid plans available,channels:history channels:join channels:read chat:write users:read,,
https://slack.com/marketplace/ABUAW29CH-clearstream,Clearstream & Slack Integration | Slack Marketplace,Paid with free trial,channels:read chat:write chat:write.public groups:read mpim:read,,
https://slack.com/marketplace/ABUHHCUHG-sharedinbox-email-for-teams,SharedInbox - Email for Teams & Slack Integration | Slack Marketplace,Paid with free trial,channels:read chat:write chat:write.customize chat:write.public commands files:read groups:read openid team:read users:read users:read.email,,
https://slack.com/marketplace/ABVA1L92S-survicate,Survicate & Slack Integration | Slack Marketplace,Free and paid plans available,app_mentions:read channels:read chat:write chat:write.public commands groups:read users:read users:read.email,,
https://slack.com/marketplace/ABVFBJNKV-superhuman-go,Superhuman Go & Slack Integration | Slack Marketplace,Free and paid plans available,canvases:read canvases:write channels:history channels:read channels:write chat:write emoji:read files:read groups:history groups:read groups:write im:history im:write mpim:history mpim:read mpim:write reactions:read reactions:write search:read.files search:read.im search:read.mpim search:read.private search:read.public search:read.users users.profile:read users:read users:read.email,,
https://slack.com/marketplace/ABWJPFMDG-please-share,Please Share & Slack Integration | Slack Marketplace,Paid with free trial,channels:join channels:read chat:write emoji:read groups:read groups:write incoming-webhook users:read users:read.email,,
https://slack.com/marketplace/ABZ6CV137-callconnect,CallConnect & Slack Integration | Slack Marketplace,Free and paid plans available,chat:write chat:write.public users:read,,
https://slack.com/marketplace/ABZBCFP9S-assembled,Assembled & Slack Integration | Slack Marketplace,Included with service subscription,app_mentions:read channels:read chat:write chat:write.public commands groups:read users:read users:read.email,,
https://slack.com/marketplace/ABZEZ8E75-eleminder,Eleminder & Slack Integration | Slack Marketplace,,bot channels:history channels:read chat:write:bot dnd:read emoji:read files:read files:write:user groups:history groups:read im:history im:read im:write mpim:history mpim:read mpim:write pins:read pins:write reactions:read reactions:write rtm:stream stars:read stars:write team:read usergroups:read users:read users:read.email users:write,bot,classic
https://slack.com/marketplace/ABZQPHCCT-data,DATA & Slack Integration | Slack Marketplace,,bot channels:history channels:read chat:write:bot commands dnd:read emoji:read files:read files:write:user groups:history groups:read im:history im:read im:write incoming-webhook mpim:history mpim:read mpim:write pins:read pins:write reactions:read reactions:write rtm:stream stars:read stars:write team:read usergroups:read users:read users:read.email users:write,bot,classic
https://slack.com/marketplace/AC1EGJKD3-loop11,Loop11 & Slack Integration | Slack Marketplace,,channels:read channels:write chat:write:bot,,
https://slack.com/marketplace/AC1KVPYAF-swirl,Swirl & Slack Integration | Slack Marketplace,,bot channels:history channels:read chat:write:bot commands dnd:read emoji:read files:read files:write:user groups:history groups:read im:history im:read im:write incoming-webhook mpim:history mpim:read mpim:write pins:read pins:write reactions:read reactions:write rtm:stream stars:read stars:write team:read usergroups:read users.profile:read users:read users:read.email users:write,bot,classic
https://slack.com/marketplace/AC1NGA068-testable,Testable & Slack Integration | Slack Marketplace,Free,channels:join channels:read chat:write chat:write.public groups:read,,
https://slack.com/marketplace/AC23SDS77-confluence-cloud,Confluence Cloud & Slack Integration | Slack Marketplace,Free,app_mentions:read channels:history channels:manage channels:read channels:write chat:write chat:write.public commands dnd:read groups:history groups:read groups:write im:history im:read im:write links:read links:write mpim:history mpim:read mpim:write reactions:read team:read users.profile:read users:read users:read.email,,
https://slack.com/marketplace/AC241EC8L-pokdex,Pokédex & Slack Integration | Slack Marketplace,,commands team:read,,
https://slack.com/marketplace/AC4PBMV63-curated,Curated & Slack Integration | Slack Marketplace,,chat:write:bot commands,,
https://slack.com/marketplace/AC52V8YPK-drovio,Drovio & Slack Integration | Slack Marketplace,Free and paid plans available,calls:write commands identity.avatar identity.basic identity.email identity.team users:read users:read.email,,
https://slack.com/marketplace/AC55P6BRD-code-dog,Code Dog & Slack Integration | Slack Marketplace,Paid with free trial,channels:read chat:write chat:write.public commands groups:read identity.basic identity.email im:history im:write users:read,,
https://slack.com/marketplace/AC580HN3D-incites,Incites & Slack Integration | Slack Marketplace,,incoming-webhook,,
https://slack.com/marketplace/AC5RRA4N6-lean-coffee-table,Lean Coffee Table & Slack Integration | Slack Marketplace,,chat:write:bot chat:write:user commands files:read files:write:user identity.basic identity.email users:read users:read.email,,
https://slack.com/marketplace/AC6M092SD-toast-for-github,Toast for GitHub & Slack Integration | Slack Marketplace,Paid with free trial,app_mentions:read channels:read chat:write chat:write.customize commands dnd:read groups:read identify identity.avatar identity.basic identity.email identity.team im:history im:read im:write reactions:read reactions:write team:read users.profile:read users:read users:read.email,identify,
https://slack.com/marketplace/AC6UX0WR3-chessbot,ChessBot & Slack Integration | Slack Marketplace,,bot channels:history channels:read chat:write:bot dnd:read emoji:read files:read files:write:user groups:history groups:read im:history im:read im:write mpim:history mpim:read mpim:write pins:read pins:write reactions:read reactions:write rtm:stream stars:read stars:write team:read usergroups:read users:read users:read.email users:write,bot,classic
https://slack.com/marketplace/AC70AM27M-ads-workbench,Ads Workbench & Slack Integration | Slack Marketplace,,channels:read chat:write:bot users:read,,
https://slack.com/marketplace/AC9RR5KCG-raidboss,Raidboss & Slack Integration | Slack Marketplace,Free and paid plans available,app_mentions:read channels:read chat:write chat:write.public commands groups:read identity.avatar identity.basic identity.email im:history mpim:read usergroups:read users:read,,
https://slack.com/marketplace/ACC0V2RGF-linkchatio,linkchat.io & Slack Integration | Slack Marketplace,,commands,,
https://slack.com/marketplace/ACCCB7ERX-jepto,Jepto & Slack Integration | Slack Marketplace,Paid with free trial,assistant:write channels:read chat:write chat:write.public groups:read im:history links:read links:write team:read users:read users:read.email,,
https://slack.com/marketplace/ACCDHMHN0-sf-food-trucks,SF Food Trucks & Slack Integration | Slack Marketplace,,commands,,
https://slack.com/marketplace/ACDL25YDB-cerivo,Cerivo & Slack Integration | Slack Marketplace,Paid with free trial,incoming-webhook,,
https://slack.com/marketplace/ACEFG8X5X-slacount,Slacount & Slack Integration | Slack Marketplace,,chat:write:bot commands users:read,,
https://slack.com/marketplace/ACF9P3U6P-motionboard,MotionBoard & Slack Integration | Slack Marketplace,,bot channels:history channels:read chat:write:bot dnd:read emoji:read files:read files:write:user groups:history groups:read im:history im:read im:write mpim:history mpim:read mpim:write pins:read pins:write reactions:read reactions:write rtm:stream stars:read stars:write team:read usergroups:read users:read users:read.email users:write,bot,classic
https://slack.com/marketplace/ACGUZ20QG-max,Max & Slack Integration | Slack Marketplace,Paid with free trial,app_mentions:read channels:join channels:manage chat:write dnd:read identity.avatar identity.basic identity.email identity.team im:history im:write incoming-webhook mpim:history mpim:write pins:write team:read users:read,,
https://slack.com/marketplace/ACKC44UPJ-freshping-free-website-monitoring,Freshping - FREE Website Monitoring & Slack Integration | Slack Marketplace,,incoming-webhook,,
https://slack.com/marketplace/ACKLWG39T-feature-upvote,Feature Upvote & Slack Integration | Slack Marketplace,Paid with free trial,incoming-webhook,,
https://slack.com/marketplace/ACM0KMZQD-mojifier,Mojifier & Slack Integration | Slack Marketplace,,commands,,
https://slack.com/marketplace/ACM9MT5EU-wordofthehour,WordofTheHour & Slack Integration | Slack Marketplace,Free,commands,,
https://slack.com/marketplace/ACMS4FJ9X-slicing-pie,Slicing Pie & Slack Integration | Slack Marketplace,Paid with free trial,chat:write commands im:history im:write users:read,,
https://slack.com/marketplace/ACN6J04JU-samsara-notifications,Samsara Notifications & Slack Integration | Slack Marketplace,,incoming-webhook,,
https://slack.com/marketplace/ACNAWM3AN-smartling,Smartling & Slack Integration | Slack Marketplace,,chat:write:bot incoming-webhook users:read users:read.email,,
https://slack.com/marketplace/ACPPEJBB9-loco,Loco & Slack Integration | Slack Marketplace,,bot channels:history channels:read chat:write:bot dnd:read emoji:read files:read files:write:user groups:history groups:read identity.basic im:history im:read im:write mpim:history mpim:read mpim:write pins:read pins:write reactions:read reactions:write rtm:stream stars:read stars:write team:read usergroups:read users:read users:read.email users:write,bot,classic
https://slack.com/marketplace/ACQ2C48G0-sniped,sniped & Slack Integration | Slack Marketplace,,bot channels:history channels:read chat:write:bot commands dnd:read emoji:read files:read files:write:user groups:history groups:read identity.basic im:history im:read im:write mpim:history mpim:read mpim:write pins:read pins:write reactions:read reactions:write rtm:stream stars:read stars:write team:read usergroups:read users:read users:read.email users:write,bot,classic
https://slack.com/marketplace/ACSUXH9U4-advanced-poll,Advanced Poll & Slack Integration | Slack Marketplace,Free and paid plans available,channels:read chat:write chat:write.public commands groups:read identity.basic identity.team im:history im:read mpim:read team:read users:read,,
https://slack.com/marketplace/ACX89JLBD-kintone,kintone & Slack Integration | Slack Marketplace,Paid with free trial,chat:write im:write team:read users:read users:read.email,,
https://slack.com/marketplace/ACXH0QB9N-sound-branch,Sound Branch & Slack Integration | Slack Marketplace,,channels:read chat:write:user groups:read im:read incoming-webhook mpim:read users:read,,
https://slack.com/marketplace/ACXLJ0LER-timy,Timy & Slack Integration | Slack Marketplace,Free and paid plans available,channels:read chat:write commands files:write groups:read identity.avatar identity.basic identity.email identity.team im:history im:read mpim:read users:read,,
https://slack.com/marketplace/ACYRJHS5S-skylack,Skylack & Slack Integration | Slack Marketplace,Paid with free trial,channels:history channels:read chat:write files:read files:write groups:history groups:read im:history im:read mpim:history mpim:read team:read users:read users:write,,
https://slack.com/marketplace/ACZKJPKDH-kandji,Kandji & Slack Integration | Slack Marketplace,Paid with free trial,channels:read chat:write chat:write.public groups:read team:read,,
https://slack.com/marketplace/AD10L4SPK-partnered,Partnered & Slack Integration | Slack Marketplace,Free and paid plans available,channels:read chat:write commands dnd:read groups:read identity.basic identity.email identity.team im:history im:read im:write links:read links:write mpim:read reactions:read reactions:write team:read users:read users:read.email users:write,,
https://slack.com/marketplace/AD36UV1PG-sigma,Sigma & Slack Integration | Slack Marketplace,Paid with free trial,app_mentions:read channels:join channels:read chat:write files:write groups:read im:history im:read im:write links:read links:write mpim:read mpim:write,,
https://slack.com/marketplace/AD377RUCB-customer-thermometer,Customer Thermometer & Slack Integration | Slack Marketplace,,bot channels:history channels:read chat:write:bot chat:write:user commands dnd:read emoji:read files:read files:write:user groups:history groups:read im:history im:read im:write incoming-webhook mpim:history mpim:read mpim:write pins:read pins:write reactions:read reactions:write rtm:stream stars:read stars:write team:read usergroups:read users.profile:read users:read users:read.email users:write,bot,classic
https://slack.com/marketplace/AD463EXJ8-gotoassist,GoToAssist & Slack Integration | Slack Marketplace,Paid with free trial,chat:write:bot chat:write:user commands files:write:user im:read users:read,,
https://slack.com/marketplace/AD5ELERB3-frontdesk-assistant,FrontDesk Assistant & Slack Integration | Slack Marketplace,Paid with free trial,chat:write email files:read files:write im:history im:read im:write openid profile team:read users:read users:read.email,,
https://slack.com/marketplace/AD5VBEGFN-mailroom,MailRoom & Slack Integration | Slack Marketplace,Paid with free trial,chat:write email files:read files:write im:history im:read im:write openid profile team:read users:read users:read.email,,
https://slack.com/marketplace/AD6SC3RT6-typeform,Typeform & Slack Integration | Slack Marketplace,Free and paid plans available,canvases:read canvases:write channels:history channels:read channels:write chat:write chat:write.public emoji:read files:read groups:history groups:read groups:write im:history im:read im:write links:read links:write mpim:history mpim:read mpim:write reactions:read reactions:write search:read.files search:read.im search:read.mpim search:read.private search:read.public search:read.users team:read users.profile:read users:read users:read.email,,
https://slack.com/marketplace/AD6TDD43Z-dlvrit,dlvr.it & Slack Integration | Slack Marketplace,,incoming-webhook team:read,,
https://slack.com/marketplace/AD7MXUZ19-ws-form,WS Form & Slack Integration | Slack Marketplace,Paid,channels:read chat:write chat:write.public groups:read team:read,,
https://slack.com/marketplace/AD9646DNX-productboard,Productboard & Slack Integration | Slack Marketplace,Paid with free trial,app_mentions:read assistant:write canvases:read canvases:write channels:history channels:read channels:write chat:write chat:write.public commands emoji:read files:read groups:history groups:read groups:write im:history im:read im:write links:read links:write mpim:history mpim:read mpim:write reactions:read reactions:write search:read.files search:read.im search:read.mpim search:read.private search:read.public search:read.users users.profile:read users:read users:read.email,,
https://slack.com/marketplace/ADAHETEPN-appreviewbot,AppReviewBot & Slack Integration | Slack Marketplace,Paid with free trial,incoming-webhook,,
https://slack.com/marketplace/ADB1N7VMY-browserstack,Browserstack & Slack Integration | Slack Marketplace,Included with service subscription,channels:read chat:write chat:write.public files:write groups:read links:read links:write team:read users:read users:read.email,,
https://slack.com/marketplace/ADBM44F4G-atlassian-assist,Atlassian Assist & Slack Integration | Slack Marketplace,Free and paid plans available,app_mentions:read channels:history channels:join channels:manage channels:read chat:write chat:write.customize commands email files:read files:write groups:history groups:read groups:write im:history im:read im:write mpim:history mpim:read mpim:write openid profile reactions:read reactions:write team:read users.profile:read users:read users:read.email,,
https://slack.com/marketplace/ADDMUQBEK-simian,Simian & Slack Integration | Slack Marketplace,Included with service subscription,channels:read chat:write chat:write.public,,
https://slack.com/marketplace/ADE8XEW21-cisco-jabber,Cisco Jabber & Slack Integration | Slack Marketplace,Free,calls:write channels:read chat:write commands groups:read im:read mpim:read team:read users:read users:read.email,,
https://slack.com/marketplace/ADEUYFJET-math,Math & Slack Integration | Slack Marketplace,,commands,,
https://slack.com/marketplace/ADFKTV878-wix-answers,Wix Answers & Slack Integration | Slack Marketplace,,channels:read chat:write:bot groups:read team:read usergroups:read,,
https://slack.com/marketplace/ADH0779PX-follow-bot,Follow Bot & Slack Integration | Slack Marketplace,Paid with free trial,app_mentions:read chat:write commands im:history,,
https://slack.com/marketplace/ADHJAEU66-jaunt,Jaunt & Slack Integration | Slack Marketplace,Free,channels:read chat:write chat:write.public commands groups:read users:read,,
https://slack.com/marketplace/ADJ59D37A-faxplus,Fax.Plus & Slack Integration | Slack Marketplace,Paid,channels:join channels:read chat:write files:write groups:read im:history users:read,,
https://slack.com/marketplace/ADK0K59PD-backlog,Backlog & Slack Integration | Slack Marketplace,Free and paid plans available,channels:read chat:write chat:write.public commands groups:read im:read mpim:read team:read users:read,,
https://slack.com/marketplace/ADK9KM2VB-,カオナビ & Slack Integration | Slack Marketplace,Paid,chat:write im:history im:write users:read users:read.email,,
https://slack.com/marketplace/ADNPXQ5S9-slagram,Slagram & Slack Integration | Slack Marketplace,Paid with free trial,channels:history channels:read chat:write files:read files:write groups:history groups:read im:history im:read mpim:history mpim:read team:read users:read users:write,,
https://slack.com/marketplace/ADPQPBX7T-,クラウドサイン & Slack Integration | Slack Marketplace,Free and paid plans available,incoming-webhook,,
https://slack.com/marketplace/ADSS7DJSV-stackby,Stackby & Slack Integration | Slack Marketplace,Free and paid plans available,incoming-webhook,,
https://slack.com/marketplace/ADT7MJZHV-hd-cms,HD-CMS & Slack Integration | Slack Marketplace,,incoming-webhook,,
https://slack.com/marketplace/ADT7PDM19-dataset,DataSet & Slack Integration | Slack Marketplace,Paid with free trial,files:write incoming-webhook,,
https://slack.com/marketplace/ADT9Y2FLL-upvote,Upvote & Slack Integration | Slack Marketplace,Free and paid plans available,channels:read chat:write chat:write.public commands email groups:read im:write openid profile users:read,,
https://slack.com/marketplace/ADTDSBGPR-codemagic,Codemagic & Slack Integration | Slack Marketplace,Free and paid plans available,channels:read chat:write chat:write.public groups:read,,
https://slack.com/marketplace/ADTKLNEGM-cbill,cbill & Slack Integration | Slack Marketplace,,bot channels:history channels:read chat:write:bot commands dnd:read emoji:read files:read files:write:user groups:history groups:read identity.avatar identity.basic identity.email identity.team im:history im:read im:write mpim:history mpim:read mpim:write pins:read pins:write reactions:read reactions:write rtm:stream stars:read stars:write team:read usergroups:read users:read users:read.email users:write,bot,classic
https://slack.com/marketplace/ADU35NGA1-hawke-ai,Hawke AI & Slack Integration | Slack Marketplace,Paid with free trial,channels:read chat:write chat:write.public,,
https://slack.com/marketplace/ADWU2QJ9W-minagine,MINAGINE & Slack Integration | Slack Marketplace,Free,chat:write commands users:read users:read.email,,
https://slack.com/marketplace/ADY9V04TF-litmus,Litmus & Slack Integration | Slack Marketplace,Paid with free trial,chat:write chat:write.public im:history im:write incoming-webhook,,
https://slack.com/marketplace/ADZ494LHY-google-calendar,Google Calendar & Slack Integration | Slack Marketplace,Free,chat:write commands im:write team:read users.profile:write users:read users:read.email,,
https://slack.com/marketplace/ADZ4V5WGG-pronocontestcom,PronoContest.com & Slack Integration | Slack Marketplace,,incoming-webhook,,
https://slack.com/marketplace/ADZHDM3L1-jira-server,Jira Server & Slack Integration | Slack Marketplace,,bot channels:history channels:read channels:write chat:write:bot commands dnd:read emoji:read files:read files:write:user groups:history groups:read groups:write im:history im:read im:write links:read links:write mpim:history mpim:read mpim:write pins:read pins:write reactions:read reactions:write rtm:stream stars:read stars:write team:read usergroups:read users:read users:read.email users:write,bot,classic
https://slack.com/marketplace/ADZMCGNJ0-standup-prosper,Standup & Prosper & Slack Integration | Slack Marketplace,Free and paid plans available,app_mentions:read channels:read chat:write chat:write.customize chat:write.public commands email groups:read im:history im:read im:write mpim:read openid profile users:read,,
https://slack.com/marketplace/AE28UH13L-suggested,Suggested & Slack Integration | Slack Marketplace,Paid with free trial,incoming-webhook team:read,,
https://slack.com/marketplace/AE2KTFUJ1-deployhq,DeployHQ & Slack Integration | Slack Marketplace,Free and paid plans available,app_mentions:read chat:write commands identity.basic identity.team im:history incoming-webhook team:read,,
https://slack.com/marketplace/AE47XFDFT-crowdtangle-notifications,CrowdTangle Notifications & Slack Integration | Slack Marketplace,,incoming-webhook,,
https://slack.com/marketplace/AE4FF42BA-standup-jira-automation-by-troopr,Standup & Jira Automation by Troopr & Slack Integration | Slack Marketplace,Free and paid plans available,channels:history channels:join channels:manage channels:read chat:write chat:write.customize chat:write.public commands emoji:read files:read files:write groups:history groups:read groups:write im:history im:read im:write mpim:history mpim:read openid reactions:read reactions:write users:read users:read.email workflow.steps:execute,,
https://slack.com/marketplace/AE4TGJQ4R-freescout,FreeScout & Slack Integration | Slack Marketplace,Free,channels:read chat:write chat:write.public groups:read mpim:read,,
https://slack.com/marketplace/AE5KS2JKA-chatcompose,ChatCompose & Slack Integration | Slack Marketplace,,bot channels:history channels:read chat:write:bot dnd:read emoji:read files:read files:write:user groups:history groups:read im:history im:read im:write mpim:history mpim:read mpim:write pins:read pins:write reactions:read reactions:write rtm:stream stars:read stars:write team:read usergroups:read users:read users:read.email users:write,bot,classic
https://slack.com/marketplace/AE79QUZF0-voice-message,Voice Message & Slack Integration | Slack Marketplace,Free and paid plans available,channels:read chat:write commands files:write identity.basic identity.email im:read mpim:read users:read,,
https://slack.com/marketplace/AE80WQK4Z-templarbit,Templarbit & Slack Integration | Slack Marketplace,,chat:write:bot,,
https://slack.com/marketplace/AE8Q10KK5-bigmarker-webinar-responder,BigMarker Webinar Responder & Slack Integration | Slack Marketplace,Paid,channels:history channels:read chat:write users:read,,
https://slack.com/marketplace/AEA0LJ38E-crossbeam,Crossbeam & Slack Integration | Slack Marketplace,Free and paid plans available,app_mentions:read channels:join channels:read chat:write commands groups:read im:read mpim:read team:read users:read users:read.email,,
https://slack.com/marketplace/AEAPG798A-stackadapt,StackAdapt & Slack Integration | Slack Marketplace,,commands files:write:user incoming-webhook,,
https://slack.com/marketplace/AEAQ21H4K-karl-kudos-and-recognition,Karl – Kudos and Recognition & Slack Integration | Slack Marketplace,Paid with free trial,app_mentions:read channels:read chat:write commands email im:history im:write openid profile reactions:read reactions:write users:read users:read.email,,
https://slack.com/marketplace/AEE1PLNMT-yana-chatbot,Yana Chatbot & Slack Integration | Slack Marketplace,,bot channels:history channels:read chat:write:bot dnd:read emoji:read files:read files:write:user groups:history groups:read im:history im:read im:write mpim:history mpim:read mpim:write pins:read pins:write reactions:read reactions:write rtm:stream stars:read stars:write team:read usergroups:read users:read users:read.email users:write,bot,classic
https://slack.com/marketplace/AEFLFJR9Q-slack-for-gmail,Slack for Gmail™ & Slack Integration | Slack Marketplace,Free,channels:read emails:write groups:read im:read im:write mpim:read team:read users:read,,
https://slack.com/marketplace/AEGSZNNAE-nicocale,Nicocale & Slack Integration | Slack Marketplace,,channels:read chat:write:bot identity.avatar identity.basic identity.email identity.team users.profile:write,,
https://slack.com/marketplace/AEJG9S4LC-youtrack,YouTrack & Slack Integration | Slack Marketplace,Free and paid plans available,app_mentions:read channels:history channels:read chat:write commands files:read groups:history groups:read im:history im:read im:write links:read links:write team:read users:read,,
https://slack.com/marketplace/AEJRDKW12-activedemand,ActiveDEMAND & Slack Integration | Slack Marketplace,Free and paid plans available,channels:read chat:write chat:write.public team:read users:read,,
https://slack.com/marketplace/AELEX1TU3-time-off-by-deel,Time Off ⚡ by Deel & Slack Integration | Slack Marketplace,Paid with free trial,app_mentions:read channels:history channels:join channels:manage channels:read chat:write commands dnd:write files:read files:write groups:history groups:read im:history im:read im:write mpim:history mpim:read team:read usergroups:read users.profile:write users:read users:read.email,,
https://slack.com/marketplace/AEM6NTRL4-highspot,Highspot & Slack Integration | Slack Marketplace,Paid,app_mentions:read assistant:write bookmarks:write channels:read chat:write commands groups:read im:history im:write links:read links:write,,
https://slack.com/marketplace/AEMQ3Q4F4-linear,Linear & Slack Integration | Slack Marketplace,Free and paid plans available,app_mentions:read bookmarks:write canvases:read canvases:write channels:history channels:join channels:manage channels:read channels:write.invites chat:write chat:write.customize commands emoji:read files:read files:write groups:history groups:read im:history im:read im:write incoming-webhook links:read links:write mcp:connect mpim:history mpim:read reactions:read reactions:write search:read.files search:read.im search:read.mpim search:read.private search:read.public search:read.users usergroups:read users:read users:read.email,,
https://slack.com/marketplace/AEPFH3AAK-breezy-hr-notifier,Breezy HR Notifier & Slack Integration | Slack Marketplace,,bot channels:history channels:read chat:write:bot dnd:read emoji:read files:read files:write:user groups:history groups:read im:history im:read im:write mpim:history mpim:read mpim:write pins:read pins:write reactions:read reactions:write rtm:stream stars:read stars:write team:read usergroups:read users:read users:read.email users:write,bot,classic
https://slack.com/marketplace/AEPJE0UQZ-avatier-for-slack,Avatier for Slack & Slack Integration | Slack Marketplace,Paid with free trial,bot channels:history channels:read chat:write:bot dnd:read emoji:read files:read files:write:user groups:history groups:read im:history im:read im:write mpim:history mpim:read mpim:write pins:read pins:write reactions:read reactions:write rtm:stream stars:read stars:write team:read usergroups:read users:read users:read.email users:write,bot,classic
https://slack.com/marketplace/AER7CS1QT-testmonitor,TestMonitor & Slack Integration | Slack Marketplace,Paid with free trial,incoming-webhook,,
https://slack.com/marketplace/AERM155U2-beta-bot,beta-bot & Slack Integration | Slack Marketplace,,bot channels:history channels:read chat:write:bot dnd:read emoji:read files:read files:write:user groups:history groups:read identity.basic im:history im:read im:write mpim:history mpim:read mpim:write pins:read pins:write reactions:read reactions:write rtm:stream stars:read stars:write team:read usergroups:read users:read users:read.email users:write,bot,classic
https://slack.com/marketplace/AES7B2V7D-dropbox,Dropbox & Slack Integration | Slack Marketplace,Free,bot channels:history channels:read channels:write chat:write:bot chat:write:user commands dnd:read emoji:read files:read files:write:user groups:history groups:read im:history im:read im:write links:read links:write mpim:history mpim:read mpim:write pins:read pins:write reactions:read reactions:write rtm:stream stars:read stars:write team:read usergroups:read users:read users:read.email users:write,bot,classic
https://slack.com/marketplace/AESAT1D0C-sheetchat,Sheet.chat & Slack Integration | Slack Marketplace,,channels:read chat:write:bot commands identity.avatar identity.basic identity.email identity.team,,
https://slack.com/marketplace/AET141KU2-hrnest,HRnest & Slack Integration | Slack Marketplace,Free and paid plans available,chat:write im:write,,
https://slack.com/marketplace/AETG6HV9T-archbee,Archbee & Slack Integration | Slack Marketplace,Paid with free trial,chat:write commands im:history users:read users:read.email,,
https://slack.com/marketplace/AETHWLBGX-vizerto,Vizerto & Slack Integration | Slack Marketplace,Paid,app_mentions:read channels:history channels:read chat:write chat:write.customize files:write im:history im:read users:read users:read.email,,
https://slack.com/marketplace/AETUAHXS9-notify,Notify & Slack Integration | Slack Marketplace,Free and paid plans available,incoming-webhook,,
https://slack.com/marketplace/AEU4R0RKL-downtime-monkey,Downtime Monkey & Slack Integration | Slack Marketplace,,incoming-webhook,,
https://slack.com/marketplace/AEU4ZFWBS-poll-app,Poll App & Slack Integration | Slack Marketplace,,commands identity.basic identity.team,,
https://slack.com/marketplace/AEVGGR1P0-refiner,Refiner & Slack Integration | Slack Marketplace,Free and paid plans available,channels:read chat:write chat:write.public,,
https://slack.com/marketplace/AEX7Z50QK-notifime,NotifiMe & Slack Integration | Slack Marketplace,,incoming-webhook,,
https://slack.com/marketplace/AEZHGUL75-crmbot,crmbot & Slack Integration | Slack Marketplace,,bot channels:history channels:read chat:write:bot dnd:read emoji:read files:read files:write:user groups:history groups:read im:history im:read im:write mpim:history mpim:read mpim:write pins:read pins:write reactions:read reactions:write rtm:stream stars:read stars:write team:read usergroups:read users:read users:read.email users:write,bot,classic
https://slack.com/marketplace/AF0GH46UX-nightfall-pro-dlp-for-slack,Nightfall Pro DLP for Slack & Slack Integration | Slack Marketplace,Paid with free trial,channels:history channels:join channels:read channels:write chat:write commands files:read files:write groups:history groups:read groups:write im:history im:read im:write mpim:history mpim:read team:read usergroups:read users:read users:read.email,,
https://slack.com/marketplace/AF0J3S9R6-aloware-companion,Aloware Companion & Slack Integration | Slack Marketplace,,incoming-webhook,,
https://slack.com/marketplace/AF251FSKB-mepigu,Mepigu & Slack Integration | Slack Marketplace,,incoming-webhook,,
https://slack.com/marketplace/AF2FE9747-scheduleleave,ScheduleLeave & Slack Integration | Slack Marketplace,Paid with free trial,incoming-webhook,,
https://slack.com/marketplace/AF36H45QD-homerun,Homerun & Slack Integration | Slack Marketplace,Paid with free trial,incoming-webhook,,
https://slack.com/marketplace/AF42F2U0K-xkcd-for-slack,XKCD for Slack & Slack Integration | Slack Marketplace,Free,commands,,
https://slack.com/marketplace/AF4567NPQ-crewmojo,Crewmojo & Slack Integration | Slack Marketplace,,channels:read chat:write:bot commands im:read team:read users:read users:read.email,,
https://slack.com/marketplace/AF4L1BWM8-giftchat,GiftChat & Slack Integration | Slack Marketplace,,bot channels:history channels:read chat:write:bot dnd:read emoji:read files:read files:write:user groups:history groups:read im:history im:read im:write mpim:history mpim:read mpim:write pins:read pins:write reactions:read reactions:write rtm:stream stars:read stars:write team:read usergroups:read users:read users:read.email users:write,bot,classic
https://slack.com/marketplace/AF4QGPDQD-paperform,Paperform & Slack Integration | Slack Marketplace,,channels:read chat:write:bot groups:read im:write reminders:write team:read users:read,,
https://slack.com/marketplace/AF5CLTUTV-navan,Navan & Slack Integration | Slack Marketplace,Included with service subscription,assistant:write chat:write commands files:read files:write im:history im:read im:write links:read links:write team:read users.profile:read users:read users:read.email,,
https://slack.com/marketplace/AF79TTA7N-doit-international,DoiT International & Slack Integration | Slack Marketplace,Paid with free trial,app_mentions:read assistant:write channels:read chat:write chat:write.public groups:read im:history links:read links:write mpim:read reactions:write users:read users:read.email,,
https://slack.com/marketplace/AF8RMDLPJ-kbobot,KBObot & Slack Integration | Slack Marketplace,,commands,,
https://slack.com/marketplace/AF9BGSB1P-rebrandly-url-shortener,Rebrandly | URL Shortener & Slack Integration | Slack Marketplace,Free and paid plans available,commands team:read,,
https://slack.com/marketplace/AFBC4A147-tefter,Tefter & Slack Integration | Slack Marketplace,Paid with free trial,app_mentions:read channels:join channels:read chat:write commands groups:read identity.avatar identity.basic identity.email im:history im:read im:write mpim:history mpim:read mpim:write team:read users:read users:write,,
https://slack.com/marketplace/AFCRD1VBN-signnow,SignNow & Slack Integration | Slack Marketplace,,chat:write:bot chat:write:user commands files:read incoming-webhook,,
https://slack.com/marketplace/AFD4G5LGL-socialweaver,SocialWeaver & Slack Integration | Slack Marketplace,Free and paid plans available,chat:write team:read users:read users:read.email,,
https://slack.com/marketplace/AFDTCN2BX-userback,Userback & Slack Integration | Slack Marketplace,Paid with free trial,channels:history channels:join channels:read chat:write commands groups:read im:write users:read users:read.email,,
https://slack.com/marketplace/AFE51241H-funnel-cake,Funnel Cake & Slack Integration | Slack Marketplace,Paid with free trial,app_mentions:read channels:history channels:join channels:manage channels:read chat:write chat:write.customize chat:write.public commands dnd:read identity.basic identity.email identity.team im:history im:read im:write pins:read pins:write users:read users:write,,
https://slack.com/marketplace/AFEH9PVM3-more-moji,More Moji & Slack Integration | Slack Marketplace,,bot channels:history channels:read chat:write:bot commands dnd:read emoji:read files:read files:write:user groups:history groups:read im:history im:read im:write mpim:history mpim:read mpim:write pins:read pins:write reactions:read reactions:write rtm:stream stars:read stars:write team:read usergroups:read users.profile:write users:read users:read.email users:write,bot,classic
https://slack.com/marketplace/AFGDQ6Q01-connected-capture-on-prem,Connected Capture On-Prem & Slack Integration | Slack Marketplace,Paid,discovery:read,,
https://slack.com/marketplace/AFH4Y66N9-azure-pipelines,Azure Pipelines & Slack Integration | Slack Marketplace,Free,channels:read chat:write chat:write.public commands groups:read incoming-webhook links:read links:write,,
https://slack.com/marketplace/AFHC22LG5-workteam,Workteam & Slack Integration | Slack Marketplace,,chat:write:bot incoming-webhook,,
https://slack.com/marketplace/AFJFY1XCZ-cloudforecast,CloudForecast & Slack Integration | Slack Marketplace,Free and paid plans available,incoming-webhook,,
https://slack.com/marketplace/AFL2LR9JM-safety-check,Safety Check & Slack Integration | Slack Marketplace,Free and paid plans available,channels:read chat:write chat:write.public files:read files:write groups:read im:history im:write users:read,,
https://slack.com/marketplace/AFLN1NKN0-pointagram,Pointagram & Slack Integration | Slack Marketplace,Free and paid plans available,channels:history channels:read chat:write commands groups:history groups:read im:history incoming-webhook mpim:read reactions:read users.profile:read users:read users:read.email,,
https://slack.com/marketplace/AFNEWBNFN-the-coding-love-gifs,The Coding Love GIFs & Slack Integration | Slack Marketplace,Free,chat:write commands,,
https://slack.com/marketplace/AFQ66STHP-language-translation-bot,Language Translation Bot & Slack Integration | Slack Marketplace,,bot channels:history channels:read chat:write:bot chat:write:user commands dnd:read emoji:read files:read files:write:user groups:history groups:read im:history im:read im:write mpim:history mpim:read mpim:write pins:read pins:write reactions:read reactions:write rtm:stream stars:read stars:write team:read usergroups:read users:read users:read.email users:write,bot,classic
https://slack.com/marketplace/AFQJFBAP2-helperbot,Helperbot & Slack Integration | Slack Marketplace,Free,chat:write chat:write.public commands emoji:read files:write team:read,,
https://slack.com/marketplace/AFR8589N3-askrai,askR.ai & Slack Integration | Slack Marketplace,,bot channels:history channels:read chat:write:bot dnd:read emoji:read files:read files:write:user groups:history groups:read im:history im:read im:write mpim:history mpim:read mpim:write pins:read pins:write reactions:read reactions:write rtm:stream stars:read stars:write team:read usergroups:read users:read users:read.email users:write,bot,classic
https://slack.com/marketplace/AFS3736H3-slack-for-outlook,Slack for Outlook & Slack Integration | Slack Marketplace,Free,channels:read emails:write groups:read im:read im:write mpim:read team:read users.profile:read,,
https://slack.com/marketplace/AFU3T5BGV-thinkladder,Thinkladder & Slack Integration | Slack Marketplace,,bot channels:history channels:read chat:write:bot commands dnd:read emoji:read files:read files:write:user groups:history groups:read im:history im:read im:write incoming-webhook mpim:history mpim:read mpim:write pins:read pins:write reactions:read reactions:write rtm:stream stars:read stars:write team:read usergroups:read users:read users:read.email users:write,bot,classic
https://slack.com/marketplace/AFUA5KGJ1-goodtoday,GoodToday & Slack Integration | Slack Marketplace,Paid,channels:join channels:read chat:write chat:write.public commands im:history incoming-webhook users:read users:read.email,,
https://slack.com/marketplace/AFUC6T4BY-avion,Avion & Slack Integration | Slack Marketplace,Free and paid plans available,incoming-webhook,,
https://slack.com/marketplace/AFV5ECLBZ-outlook-calendar,Outlook Calendar & Slack Integration | Slack Marketplace,Free,chat:write commands im:write team:read users.profile:write users:read users:read.email,,
https://slack.com/marketplace/AFWCQ2QA3-mindtickle,Mindtickle & Slack Integration | Slack Marketplace,Free,channels:read chat:write commands groups:read im:history team:read users:read users:read.email users:write,,
https://slack.com/marketplace/AG09LM59U-task-reminder-link-reminder,Task Reminder (Link Reminder) & Slack Integration | Slack Marketplace,Paid with free trial,app_mentions:read channels:history channels:join channels:read chat:write chat:write.customize chat:write.public commands emoji:read files:read groups:history groups:read im:history im:read im:write mpim:history mpim:read mpim:write reactions:read reactions:write team:read usergroups:read users:read users:read.email,,
https://slack.com/marketplace/AG0HM0V54-loomly,Loomly & Slack Integration | Slack Marketplace,Paid with free trial,incoming-webhook,,
https://slack.com/marketplace/AG232LE2U-yoink,Yoink & Slack Integration | Slack Marketplace,Paid with free trial,channels:join channels:read chat:write commands im:history im:read im:write team:read users.profile:read users:read users:read.email,,
https://slack.com/marketplace/AG28M10D8-confluence-server,Confluence Server & Slack Integration | Slack Marketplace,,bot channels:history channels:read channels:write chat:write:bot commands dnd:read emoji:read files:read files:write:user groups:history groups:read groups:write im:history im:read im:write links:read links:write mpim:history mpim:read mpim:write pins:read pins:write reactions:read reactions:write rtm:stream stars:read stars:write team:read usergroups:read users:read users:read.email users:write,bot,classic
https://slack.com/marketplace/AG2CPM56V-simple-mqtt,Simple MQTT & Slack Integration | Slack Marketplace,Free,commands,,
https://slack.com/marketplace/AG2FJMAKB-newslit,Newslit & Slack Integration | Slack Marketplace,Paid with free trial,incoming-webhook,,
https://slack.com/marketplace/AG3C73VPG-paymo,Paymo & Slack Integration | Slack Marketplace,Paid with free trial,chat:write commands im:history im:write links:read links:write,,
https://slack.com/marketplace/AG71J4BS6-apptweak,AppTweak & Slack Integration | Slack Marketplace,Paid with free trial,incoming-webhook,,
https://slack.com/marketplace/AG7JZU4NN-streak,Streak & Slack Integration | Slack Marketplace,Free and paid plans available,app_mentions:read channels:read chat:write chat:write.customize chat:write.public commands groups:read im:history im:read im:write mpim:read,,
https://slack.com/marketplace/AG8305GT0-callrail,CallRail & Slack Integration | Slack Marketplace,Paid with free trial,app_mentions:read channels:join channels:manage channels:read chat:write chat:write.public commands groups:read im:history im:read im:write users:read,,
https://slack.com/marketplace/AG89PHA90-dscout,Dscout & Slack Integration | Slack Marketplace,Paid,channels:read chat:write chat:write.public team:read,,
https://slack.com/marketplace/AG8HTUXK9-silverstripe-cloud,Silverstripe Cloud & Slack Integration | Slack Marketplace,Paid,incoming-webhook,,
https://slack.com/marketplace/AG8S1RKCK-gmelius,Gmelius & Slack Integration | Slack Marketplace,Paid with free trial,channels:join channels:read chat:write commands groups:read users:read users:read.email,,
https://slack.com/marketplace/AG9KYHZ6E-cronhooks,Cronhooks & Slack Integration | Slack Marketplace,Paid with free trial,incoming-webhook,,
https://slack.com/marketplace/AGCMHA7SQ-crowdinbot,CrowdinBot & Slack Integration | Slack Marketplace,Paid with free trial,chat:write im:history im:read im:write team:read users:read,,
https://slack.com/marketplace/AGE6DHMAM-glidr,GLIDR & Slack Integration | Slack Marketplace,Paid with free trial,incoming-webhook,,
https://slack.com/marketplace/AGER6HHUL-servicedesk-plus-cloud,ServiceDesk Plus Cloud & Slack Integration | Slack Marketplace,Free,channels:read chat:write commands,,
https://slack.com/marketplace/AGF8G4QL8-brightest,Brightest & Slack Integration | Slack Marketplace,,bot channels:history channels:read chat:write:bot commands dnd:read emoji:read files:read files:write:user groups:history groups:read im:history im:read im:write links:write mpim:history mpim:read mpim:write pins:read pins:write reactions:read reactions:write reminders:write rtm:stream stars:read stars:write team:read usergroups:read users:read users:read.email users:write,bot,classic
https://slack.com/marketplace/AGG7E51Q9-hownow,HowNow & Slack Integration | Slack Marketplace,Paid with free trial,chat:write commands,,
https://slack.com/marketplace/AGG8EFV6E-rapid7-insightconnect,Rapid7 InsightConnect & Slack Integration | Slack Marketplace,Paid with free trial,app_mentions:read channels:join channels:manage channels:read chat:write files:read groups:read groups:write im:history im:read im:write users:read users:read.email,,
https://slack.com/marketplace/AGJUJ2J9F-nixstats,Nixstats & Slack Integration | Slack Marketplace,,commands,,
https://slack.com/marketplace/AGK7ZP2AH-goodserviceio,goodservice.io & Slack Integration | Slack Marketplace,,commands,,
https://slack.com/marketplace/AGNRZ5VUN-retrobox,RetroBox & Slack Integration | Slack Marketplace,Free and paid plans available,commands,,
https://slack.com/marketplace/AGR21F363-churnzero,ChurnZero & Slack Integration | Slack Marketplace,Paid,app_mentions:read channels:join channels:read chat:write commands files:write groups:read im:history incoming-webhook users:read users:read.email,,
https://slack.com/marketplace/AGSN2FE3G-apeiron-bot,Apeiron Bot & Slack Integration | Slack Marketplace,,bot channels:history channels:read chat:write:bot dnd:read emoji:read files:read files:write:user groups:history groups:read im:history im:read im:write mpim:history mpim:read mpim:write pins:read pins:write reactions:read reactions:write rtm:stream stars:read stars:write team:read usergroups:read users:read users:read.email users:write,bot,classic
https://slack.com/marketplace/AGU1QD3EG-shawarma,shawarma & Slack Integration | Slack Marketplace,Free,bot channels:history channels:read chat:write:bot commands dnd:read emoji:read files:read files:write:user groups:history groups:read im:history im:read im:write mpim:history mpim:read mpim:write pins:read pins:write reactions:read reactions:write rtm:stream stars:read stars:write team:read usergroups:read users.profile:read users:read users:read.email users:write,bot,classic
https://slack.com/marketplace/AGV165NLV-agnya,Agnya & Slack Integration | Slack Marketplace,Paid,bot channels:history channels:read chat:write:bot commands dnd:read emoji:read files:read files:write:user groups:history groups:read im:history im:read im:write mpim:history mpim:read mpim:write pins:read pins:write reactions:read reactions:write rtm:stream stars:read stars:write team:read usergroups:read users:read users:read.email users:write,bot,classic
https://slack.com/marketplace/AGVP6DX41-retro-rabbit,Retro Rabbit & Slack Integration | Slack Marketplace,Paid with free trial,app_mentions:read channels:join channels:read chat:write chat:write.public commands email emoji:read files:read files:write groups:read im:history im:read im:write mpim:read openid profile team:read users.profile:read users:read users:read.email,,
https://slack.com/marketplace/AGW609EKZ-jitbit-helpdesk,Jitbit Helpdesk & Slack Integration | Slack Marketplace,Free,incoming-webhook,,
https://slack.com/marketplace/AGXRXLBB7-abcsubmit-forms,AbcSubmit Forms & Slack Integration | Slack Marketplace,,incoming-webhook,,
https://slack.com/marketplace/AGZLD98TW-lead-liaison,Lead Liaison & Slack Integration | Slack Marketplace,Paid with free trial,channels:read chat:write chat:write.public groups:read team:read,,
https://slack.com/marketplace/AH07D90RH-peel,Peel & Slack Integration | Slack Marketplace,Paid with free trial,channels:read chat:write chat:write.public groups:read identity.basic identity.email identity.team team:read,,
https://slack.com/marketplace/AH0KW28C9-brutalismbot,Brutalismbot & Slack Integration | Slack Marketplace,Free,chat:write chat:write.public incoming-webhook,,
https://slack.com/marketplace/AH1GEJLJJ-trolololodev,TROLOLOLODEV & Slack Integration | Slack Marketplace,,incoming-webhook,,
https://slack.com/marketplace/AH2RMPP71-kiara-translation-100-languages,Kiara : Translation 100+ Languages & Slack Integration | Slack Marketplace,Free and paid plans available,app_mentions:read channels:history channels:read channels:write chat:write email groups:history groups:write im:history im:write mpim:history openid profile,,
https://slack.com/marketplace/AH36R4126-transifex,Transifex & Slack Integration | Slack Marketplace,Paid with free trial,commands incoming-webhook,,
https://slack.com/marketplace/AH3L53M1P-dd-dice-roller,D&D Dice Roller & Slack Integration | Slack Marketplace,Free,commands,,
https://slack.com/marketplace/AH4BR5BQF-xurrent-imr-zenduty,Xurrent IMR (Zenduty) & Slack Integration | Slack Marketplace,Paid with free trial,app_mentions:read channels:history channels:join channels:manage channels:read chat:write commands groups:history groups:read im:history im:read team:read users:read users:read.email users:write,,
https://slack.com/marketplace/AH5JC60SE-footybot,footybot & Slack Integration | Slack Marketplace,,commands,,
https://slack.com/marketplace/AH64TE3NC-anonymous-messaging-bot-by-opensay,Anonymous Messaging Bot by OpenSay & Slack Integration | Slack Marketplace,Free and paid plans available,app_mentions:read channels:join channels:read chat:write commands groups:read im:history im:write openid team.billing:read team:read usergroups:read users:read users:read.email,,
https://slack.com/marketplace/AH6KXUZHA-ideascale,IdeaScale & Slack Integration | Slack Marketplace,Free,app_mentions:read channels:read chat:write commands email im:history im:write openid profile users:read users:read.email,,
https://slack.com/marketplace/AH93FLQNS-nikoagile,NikoAgile & Slack Integration | Slack Marketplace,Free,chat:write commands im:history im:write openid users:read,,
https://slack.com/marketplace/AHB04HNE9-savio,Savio & Slack Integration | Slack Marketplace,Paid with free trial,channels:history channels:join channels:manage channels:read chat:write chat:write.public commands links:read links:write users:read,,
https://slack.com/marketplace/AHBGYTHJB-cubicast,Cubicast & Slack Integration | Slack Marketplace,Free and paid plans available,incoming-webhook,,
https://slack.com/marketplace/AHBPHV4PN-opmanager,OpManager & Slack Integration | Slack Marketplace,Free and paid plans available,channels:read chat:write chat:write.public files:write groups:read im:write users:read,,
https://slack.com/marketplace/AHC7SJESU-awesome-screenshot,Awesome Screenshot & Slack Integration | Slack Marketplace,,channels:read chat:write:user groups:read users:read,,
https://slack.com/marketplace/AHCHGB5LN-percy,Percy & Slack Integration | Slack Marketplace,Free and paid plans available,chat:write chat:write.public incoming-webhook,,
https://slack.com/marketplace/AHDKSPG3V-time,Time & Slack Integration | Slack Marketplace,Paid with free trial,app_mentions:read channels:read chat:write chat:write.public commands emoji:read im:history im:write openid team:read users.profile:write users:read users:read.email users:write,,
https://slack.com/marketplace/AHDL1PKQB-,クロジカ & Slack Integration | Slack Marketplace,Paid with free trial,chat:write im:history im:read im:write users:read users:read.email,,
https://slack.com/marketplace/AHE8PF7GV-pesquisas-e-performance,Pesquisas e Performance & Slack Integration | Slack Marketplace,Paid,chat:write users:read users:read.email,,
https://slack.com/marketplace/AHH2N11D1-nusii,Nusii & Slack Integration | Slack Marketplace,Paid with free trial,incoming-webhook,,
https://slack.com/marketplace/AHJUMHZB6-form-director,Form Director & Slack Integration | Slack Marketplace,Free and paid plans available,channels:read chat:write chat:write.public files:write groups:read,,
https://slack.com/marketplace/AHKG7ME3U-developerhub,DeveloperHub & Slack Integration | Slack Marketplace,Paid with free trial,commands incoming-webhook team:read,,
https://slack.com/marketplace/AHLQYCYBW-uptimecom,Uptime.com & Slack Integration | Slack Marketplace,Paid with free trial,incoming-webhook,,
https://slack.com/marketplace/AHNMASS8M-jotform,Jotform & Slack Integration | Slack Marketplace,Free and paid plans available,channels:read chat:write chat:write.public groups:read im:read users:read,,
https://slack.com/marketplace/AHQSYN1N2-merge-freeze,Merge Freeze & Slack Integration | Slack Marketplace,Free and paid plans available,channels:read chat:write chat:write.public commands team:read users:read,,
https://slack.com/marketplace/AHRES1WA3-cloudcostcontrol,CloudCostControl & Slack Integration | Slack Marketplace,,chat:write:bot commands incoming-webhook,,
https://slack.com/marketplace/AHSC4140H-libsearch,LibSearch & Slack Integration | Slack Marketplace,Free,chat:write commands,,
https://slack.com/marketplace/AHT30FEE4-grove,Grove & Slack Integration | Slack Marketplace,Paid with free trial,chat:write identity.avatar identity.basic identity.email im:history im:write links:read links:write team:read users:read users:read.email,,
https://slack.com/marketplace/AHU3CFB1T-callrecorder-arun,CallRecorder ©Arun & Slack Integration | Slack Marketplace,,channels:read files:write:user,,
https://slack.com/marketplace/AHU58E5MZ-picker,Picker & Slack Integration | Slack Marketplace,Free and paid plans available,channels:read chat:write commands groups:read mpim:read users:read,,
https://slack.com/marketplace/AHV240S3C-loopio,Loopio & Slack Integration | Slack Marketplace,Paid,app_mentions:read chat:write chat:write.public commands im:write team:read users:read users:read.email,,
https://slack.com/marketplace/AHX8877LZ-scanbuddyai,ScanBuddy.ai & Slack Integration | Slack Marketplace,Free,bot channels:history channels:read chat:write:bot commands dnd:read emoji:read files:read files:write:user groups:history groups:read im:history im:read im:write mpim:history mpim:read mpim:write pins:read pins:write reactions:read reactions:write rtm:stream stars:read stars:write team:read usergroups:read users:read users:read.email users:write,bot,classic
https://slack.com/marketplace/AHX9EHLG5-conductor-monitoring,Conductor Monitoring & Slack Integration | Slack Marketplace,Paid with free trial,incoming-webhook,,
https://slack.com/marketplace/AHXSZE5KN-skyciv,SkyCiv & Slack Integration | Slack Marketplace,Free,channels:read channels:write chat:write:bot chat:write:user files:write:user incoming-webhook users:read,,
https://slack.com/marketplace/AHYKU3CQ2-alli,Alli & Slack Integration | Slack Marketplace,Free and paid plans available,bot channels:history channels:read chat:write:bot commands dnd:read emoji:read files:read files:write:user groups:history groups:read im:history im:read im:write mpim:history mpim:read mpim:write pins:read pins:write reactions:read reactions:write rtm:stream stars:read stars:write team:read usergroups:read users:read users:read.email users:write,bot,classic
https://slack.com/marketplace/AHZRX51CJ-debugbear,DebugBear & Slack Integration | Slack Marketplace,Paid with free trial,incoming-webhook,,
https://slack.com/marketplace/AJ053EW2W-american-red-cross,American Red Cross & Slack Integration | Slack Marketplace,,commands team:read,,
https://slack.com/marketplace/AJ0GV4RHU-microsoft-cloud-app-security,Microsoft Cloud App Security & Slack Integration | Slack Marketplace,Paid with free trial,auditlogs:read discovery:read discovery:write,,
https://slack.com/marketplace/AJ0QX9THD-message-scheduler,Message Scheduler & Slack Integration | Slack Marketplace,Paid with free trial,channels:read chat:write commands im:history openid profile users:read,,
https://slack.com/marketplace/AJ4H0RRBJ-dokkio,Dokkio & Slack Integration | Slack Marketplace,Free,channels:read chat:write files:read files:write groups:read identity.basic im:read mpim:read team:read users:read users:read.email,,
https://slack.com/marketplace/AJ599V0TB-roveme,Rove.me & Slack Integration | Slack Marketplace,,incoming-webhook,,
https://slack.com/marketplace/AJ5MPHAMV-zoho-show,Zoho Show & Slack Integration | Slack Marketplace,Free,channels:read chat:write commands files:read groups:read im:read links:read links:write remote_files:read remote_files:share remote_files:write team:read users:read users:read.email,,
https://slack.com/marketplace/AJ5TWEV8F-seismic,Seismic & Slack Integration | Slack Marketplace,Paid,assistant:write bookmarks:read bookmarks:write canvases:read canvases:write channels:history channels:read channels:write chat:write chat:write.public commands emoji:read files:read groups:history groups:read groups:write im:history im:read im:write links:read links:write mpim:history mpim:read reactions:read reactions:write users.profile:read users:read users:write,,
https://slack.com/marketplace/AJADSGHDK-protocolsio-slack-app,protocols.io Slack app & Slack Integration | Slack Marketplace,Free,bot channels:history channels:read chat:write:bot dnd:read emoji:read files:read files:write:user groups:history groups:read im:history im:read im:write links:read links:write mpim:history mpim:read mpim:write pins:read pins:write reactions:read reactions:write rtm:stream stars:read stars:write team:read usergroups:read users:read users:read.email users:write,bot,classic
https://slack.com/marketplace/AJAJWC72R-announcekit,AnnounceKit & Slack Integration | Slack Marketplace,Paid,incoming-webhook,,
https://slack.com/marketplace/AJBCW09GU-onedrive-and-sharepoint,OneDrive and SharePoint & Slack Integration | Slack Marketplace,Free,channels:read chat:write chat:write.public commands groups:read im:read links:read links:write mpim:read remote_files:read remote_files:share remote_files:write users:read users:read.email,,
https://slack.com/marketplace/AJC0Z5EBU-performyard,PerformYard & Slack Integration | Slack Marketplace,Paid,incoming-webhook,,
https://slack.com/marketplace/AJC5JJDB7-referenceedge,ReferenceEdge & Slack Integration | Slack Marketplace,Paid,channels:join channels:manage chat:write commands im:history im:write team:read users:read users:read.email,,
https://slack.com/marketplace/AJDFYF936-justworks-time-tracking,Justworks Time Tracking & Slack Integration | Slack Marketplace,Included with service subscription,app_mentions:read channels:history channels:read chat:write commands groups:history identify im:history im:read im:write incoming-webhook mpim:history users:read,identify,
https://slack.com/marketplace/AJE9YUNN7-plusplus,PlusPlus & Slack Integration | Slack Marketplace,Paid,channels:manage channels:read chat:write groups:read groups:write team:read users:read users:read.email,,
https://slack.com/marketplace/AJFDGUF54-clari-copilot,Clari Copilot & Slack Integration | Slack Marketplace,Paid with free trial,channels:history channels:read chat:write chat:write.public im:history im:write links:read links:write users:read users:read.email,,
https://slack.com/marketplace/AJG2G6C3W-wulu-team-feedback,Wulu Team Feedback & Slack Integration | Slack Marketplace,Free,bot channels:history channels:read chat:write:bot commands dnd:read emoji:read files:read files:write:user groups:history groups:read identity.avatar identity.basic identity.email im:history im:read im:write mpim:history mpim:read mpim:write pins:read pins:write reactions:read reactions:write rtm:stream stars:read stars:write team:read usergroups:read users:read users:read.email users:write,bot,classic
https://slack.com/marketplace/AJGJWCYPQ-templates,Templates & Slack Integration | Slack Marketplace,Free,chat:write commands,,
https://slack.com/marketplace/AJH55FV7H-joydesk,Joydesk & Slack Integration | Slack Marketplace,,bot channels:history channels:read chat:write:bot commands dnd:read emoji:read files:read files:write:user groups:history groups:read im:history im:read im:write mpim:history mpim:read mpim:write pins:read pins:write reactions:read reactions:write rtm:stream stars:read stars:write team:read usergroups:read users:read users:read.email users:write,bot,classic
https://slack.com/marketplace/AJHA60Q5C-gainsight-sally-eu,Gainsight Sally EU & Slack Integration | Slack Marketplace,Paid with free trial,app_mentions:read channels:read chat:write chat:write.public commands files:write groups:read im:history im:write team:read users:read users:read.email,,
https://slack.com/marketplace/AJJPTFK6V-zoho-survey,Zoho Survey & Slack Integration | Slack Marketplace,,bot channels:history channels:read chat:write:bot commands dnd:read emoji:read files:read files:write:user groups:history groups:read im:history im:read im:write mpim:history mpim:read mpim:write pins:read pins:write reactions:read reactions:write rtm:stream stars:read stars:write team:read usergroups:read users:read users:read.email users:write,bot,classic
https://slack.com/marketplace/AJKC0CH6W-statuspal,Statuspal & Slack Integration | Slack Marketplace,Paid with free trial,channels:read chat:write chat:write.customize chat:write.public groups:read groups:write,,
https://slack.com/marketplace/AJM6LNK53-dont-interrupt,Don‘t Interrupt & Slack Integration | Slack Marketplace,Free and paid plans available,app_mentions:read chat:write dnd:read dnd:write email emoji:read im:history im:write openid profile team:read users.profile:read users.profile:write users:read users:write,,
https://slack.com/marketplace/AJMJ7H3PY-songbutler,SongButler & Slack Integration | Slack Marketplace,Free,bot channels:history channels:read chat:write:bot commands dnd:read emoji:read files:read files:write:user groups:history groups:read im:history im:read im:write links:read mpim:history mpim:read mpim:write pins:read pins:write reactions:read reactions:write rtm:stream stars:read stars:write team:read usergroups:read users:read users:read.email users:write,bot,classic
https://slack.com/marketplace/AJMJM9TC0-responsive-lookup-for-slack,Responsive® LookUp for Slack & Slack Integration | Slack Marketplace,Free,channels:history channels:read chat:write chat:write.customize chat:write.public commands files:read groups:history groups:read im:history mpim:history users:read users:read.email,,
https://slack.com/marketplace/AJP81MH1A-pageproof,PageProof & Slack Integration | Slack Marketplace,Paid with free trial,channels:join channels:read chat:write chat:write.customize groups:read im:history im:read im:write links:read links:write users:read users:read.email,,
https://slack.com/marketplace/AJQC8PQC8-arrangr,Arrangr & Slack Integration | Slack Marketplace,Free and paid plans available,channels:read chat:write chat:write.customize chat:write.public commands groups:read im:history im:read im:write mpim:read mpim:write usergroups:read users.profile:read users:read users:read.email,,
https://slack.com/marketplace/AJQJ8KRQC-greenlist,Greenlist & Slack Integration | Slack Marketplace,Paid with free trial,app_mentions:read channels:join channels:read chat:write chat:write.public commands im:history im:write,,
https://slack.com/marketplace/AJRG5JV1Q-capture-by-techulus,Capture by Techulus & Slack Integration | Slack Marketplace,Paid with free trial,commands,,
https://slack.com/marketplace/AJSDBJ8UB-gitenvs,gitenvs & Slack Integration | Slack Marketplace,Free,channels:read chat:write commands groups:read users:read users:read.email,,
https://slack.com/marketplace/AJSFEHW06-video-first,Video First & Slack Integration | Slack Marketplace,Free,channels:read chat:write chat:write.public groups:read im:read users:read,,
https://slack.com/marketplace/AJU98E561-catch-connect,Catch Connect & Slack Integration | Slack Marketplace,,incoming-webhook,,
https://slack.com/marketplace/AJUE4SEKX-mailshake,Mailshake & Slack Integration | Slack Marketplace,Paid,channels:read chat:write chat:write.public groups:read,,
https://slack.com/marketplace/AJUV65VV4-ilert,ilert & Slack Integration | Slack Marketplace,Free and paid plans available,channels:history channels:manage channels:read chat:write chat:write.customize chat:write.public commands groups:history groups:read groups:write pins:read pins:write team:read users:read users:read.email,,
https://slack.com/marketplace/AK2R1R4BF-syften,Syften & Slack Integration | Slack Marketplace,Paid with free trial,channels:read chat:write chat:write.public groups:read,,
https://slack.com/marketplace/AK4L391PU-kickfire,KickFire & Slack Integration | Slack Marketplace,Free,channels:read chat:write chat:write.customize groups:read,,
https://slack.com/marketplace/AK5SWFH5L-opslevel,OpsLevel & Slack Integration | Slack Marketplace,Paid with free trial,channels:read chat:write chat:write.public commands im:write mpim:write team:read usergroups:read users:read users:read.email,,
https://slack.com/marketplace/AK7KWDFU3-nightowl,Nightowl & Slack Integration | Slack Marketplace,Free and paid plans available,channels:read channels:write chat:write commands groups:read identity.basic im:history im:read im:write mpim:read users:read,,
https://slack.com/marketplace/AK8BWJZFX-cloud-flow-director,Cloud Flow Director & Slack Integration | Slack Marketplace,Free and paid plans available,channels:read chat:write chat:write.public groups:read users:read,,
https://slack.com/marketplace/AK8QYUUUD-high5,High5 & Slack Integration | Slack Marketplace,,commands,,
https://slack.com/marketplace/AK9SSVATB-bitbucket-server,Bitbucket Server & Slack Integration | Slack Marketplace,,bot channels:history channels:read channels:write chat:write:bot commands dnd:read emoji:read files:read files:write:user groups:history groups:read groups:write im:history im:read im:write links:read links:write mpim:history mpim:read mpim:write pins:read pins:write reactions:read reactions:write rtm:stream stars:read stars:write team:read usergroups:read users:read users:read.email users:write,bot,classic
https://slack.com/marketplace/AKA1BBEUS-statusio,Status.io & Slack Integration | Slack Marketplace,Paid with free trial,incoming-webhook,,
https://slack.com/marketplace/AKAGHDDNX-jsondev,json.dev & Slack Integration | Slack Marketplace,,commands,,
https://slack.com/marketplace/AKC36RSHH-lookout-sse,Lookout SSE & Slack Integration | Slack Marketplace,Paid with free trial,admin.apps:read admin.conversations:read admin.conversations:write admin.invites:read auditlogs:read channels:manage channels:write chat:write chat:write.public conversations.connect:manage discovery:read discovery:write files:read files:write groups:write im:write mpim:write usergroups:read users.profile:read users:read,,
https://slack.com/marketplace/AKE3XMCRZ-matrix-requirements,Matrix Requirements & Slack Integration | Slack Marketplace,Paid with free trial,app_mentions:read channels:history channels:read chat:write commands groups:history groups:read im:history,,
https://slack.com/marketplace/AKEEF9DTM-launchdarkly,LaunchDarkly & Slack Integration | Slack Marketplace,Paid with free trial,app_mentions:read channels:join channels:read chat:write chat:write.customize chat:write.public commands groups:read im:history im:read im:write links:read links:write mpim:read reactions:write users:read users:read.email,,
https://slack.com/marketplace/AKFDEAET1-shamaym,Shamaym & Slack Integration | Slack Marketplace,Free,bot channels:history channels:read chat:write:bot commands dnd:read emoji:read files:read files:write:user groups:history groups:read im:history im:read im:write mpim:history mpim:read mpim:write pins:read pins:write reactions:read reactions:write rtm:stream stars:read stars:write team:read usergroups:read users.profile:read users:read users:read.email users:write,bot,classic
https://slack.com/marketplace/AKFQ6AU84-askquesty,AskQuesty & Slack Integration | Slack Marketplace,,bot channels:history channels:read chat:write:bot dnd:read emoji:read files:read files:write:user groups:history groups:read im:history im:read im:write mpim:history mpim:read mpim:write pins:read pins:write reactions:read reactions:write rtm:stream stars:read stars:write team:read usergroups:read users:read users:read.email users:write,bot,classic
https://slack.com/marketplace/AKGPKKXSL-embedsocial,EmbedSocial & Slack Integration | Slack Marketplace,Free and paid plans available,incoming-webhook,,
https://slack.com/marketplace/AKHMRPUCT-cloverpop,Cloverpop & Slack Integration | Slack Marketplace,Free and paid plans available,channels:read channels:write chat:write commands groups:read groups:write im:read mpim:read mpim:write team:read users:read users:read.email,,
https://slack.com/marketplace/AKJ3YUW31-flow-designer-connector,Flow Designer Connector & Slack Integration | Slack Marketplace,Free and paid plans available,channels:history channels:manage channels:read chat:write chat:write.customize chat:write.public groups:read groups:write pins:read pins:write team:read usergroups:read users:read,,
https://slack.com/marketplace/AKK46E3GW-help-scout,Help Scout & Slack Integration | Slack Marketplace,,channels:read chat:write:bot groups:read users:read,,
https://slack.com/marketplace/AKMP1USA3-mixpanel,Mixpanel & Slack Integration | Slack Marketplace,Free,channels:read chat:write chat:write.public files:read files:write links:read links:write,,
https://slack.com/marketplace/AKMTZMNGP-happyfox-help-desk,HappyFox Help Desk & Slack Integration | Slack Marketplace,Paid with free trial,channels:read chat:write chat:write.customize chat:write.public commands groups:read im:history im:read team:read users.profile:read users:read users:read.email,,
https://slack.com/marketplace/AKNJVAQHK-morecom-bot,Morecom Bot & Slack Integration | Slack Marketplace,,bot channels:history channels:read chat:write:bot dnd:read emoji:read files:read files:write:user groups:history groups:read im:history im:read im:write incoming-webhook mpim:history mpim:read mpim:write pins:read pins:write reactions:read reactions:write rtm:stream stars:read stars:write team:read usergroups:read users:read users:read.email users:write,bot,classic
https://slack.com/marketplace/AKPEA4W4Q-azure-repos,Azure Repos & Slack Integration | Slack Marketplace,Free,channels:read chat:write chat:write.public commands groups:read incoming-webhook links:read links:write,,
https://slack.com/marketplace/AKQJSRJUV-slate,Slate & Slack Integration | Slack Marketplace,Free,chat:write commands files:write im:write,,
https://slack.com/marketplace/AKR9QDD1D-azure-boards,Azure Boards & Slack Integration | Slack Marketplace,Free,channels:read chat:write chat:write.public commands groups:read incoming-webhook links:read links:write,,
https://slack.com/marketplace/AKRF4KSG5-spike,Spike & Slack Integration | Slack Marketplace,Paid with free trial,app_mentions:read channels:history channels:manage channels:read chat:write chat:write.public commands groups:history groups:read im:history links:read links:write mpim:history mpim:read reactions:write users:read,,
https://slack.com/marketplace/AKSPMLN8K-scratchpad,Scratchpad & Slack Integration | Slack Marketplace,Free and paid plans available,channels:join channels:manage channels:read chat:write im:history users:read users:read.email,,
https://slack.com/marketplace/AKU664JEQ-masv,MASV & Slack Integration | Slack Marketplace,Paid with free trial,incoming-webhook,,
https://slack.com/marketplace/AKUGNG10A-raterspot,raterSpot & Slack Integration | Slack Marketplace,,bot channels:history channels:read chat:write:bot commands dnd:read emoji:read files:read files:write:user groups:history groups:read im:history im:read im:write mpim:history mpim:read mpim:write pins:read pins:write reactions:read reactions:write rtm:stream stars:read stars:write team:read usergroups:read users:read users:read.email users:write,bot,classic
https://slack.com/marketplace/AKV4KJCJU-uxtesting-notification,UXTesting Notification & Slack Integration | Slack Marketplace,,bot channels:history channels:read chat:write:bot commands dnd:read emoji:read files:read files:write:user groups:history groups:read im:history im:read im:write mpim:history mpim:read mpim:write pins:read pins:write reactions:read reactions:write rtm:stream stars:read stars:write team:read usergroups:read users:read users:read.email users:write,bot,classic
https://slack.com/marketplace/AKW1NKQEQ-exterro-slack-integration,Exterro Slack Integration & Slack Integration | Slack Marketplace,Paid,admin.legal_holds:read admin.legal_holds:write auditlogs:read discovery:read,,
https://slack.com/marketplace/AKWGBH908-pop,Pop & Slack Integration | Slack Marketplace,Free and paid plans available,calls:read calls:write chat:write commands im:write links:read links:write team:read users:read users:read.email,,
https://slack.com/marketplace/AKWJUT1T6-chatacuity,ChatAcuity & Slack Integration | Slack Marketplace,Paid with free trial,channels:history channels:join channels:read chat:write commands team:read usergroups:read users:read,,
https://slack.com/marketplace/AKXH5BP88-fulfil,Fulfil & Slack Integration | Slack Marketplace,Included with service subscription,app_mentions:read assistant:write channels:history channels:read chat:write files:read files:write groups:history im:history mcp:connect mpim:history reactions:write users:read users:read.email,,
https://slack.com/marketplace/AKXJMD6RL-cloudnosys,Cloudnosys & Slack Integration | Slack Marketplace,,chat:write:bot incoming-webhook,,
https://slack.com/marketplace/AKZFG4NDV-quickpoll,QuickPoll & Slack Integration | Slack Marketplace,Free and paid plans available,app_mentions:read channels:join channels:read chat:write commands identify identity.avatar identity.basic identity.email identity.team im:history team:read users:read,identify,
https://slack.com/marketplace/AL3SX1B6J-send-it-later,Send It Later & Slack Integration | Slack Marketplace,Paid with free trial,app_mentions:read channels:read chat:write commands groups:read identity.basic identity.email im:history im:read mpim:read team:read users:read,,
https://slack.com/marketplace/AL56ZESTS-harvestr,Harvestr & Slack Integration | Slack Marketplace,Free and paid plans available,channels:history channels:join channels:read chat:write commands files:read groups:history groups:read users:read users:read.email,,
https://slack.com/marketplace/AL935731A-floqast,FloQast & Slack Integration | Slack Marketplace,Paid,chat:write commands files:write im:history users:read users:read.email,,
https://slack.com/marketplace/ALA70NWDD-pyn,Pyn & Slack Integration | Slack Marketplace,Included with service subscription,app_mentions:read channels:read channels:write.invites chat:write groups:read groups:write.invites im:history im:read im:write team:read users:read users:read.email,,
https://slack.com/marketplace/ALAANS3FT-the-predictive-index,The Predictive Index & Slack Integration | Slack Marketplace,Free and paid plans available,channels:history channels:join channels:read chat:write commands files:read files:write groups:history groups:read groups:write im:history im:write users:read users:read.email,,
https://slack.com/marketplace/ALACPMP17-codertest,CoderTest & Slack Integration | Slack Marketplace,,incoming-webhook,,
https://slack.com/marketplace/ALAKPDUHL-awario,Awario & Slack Integration | Slack Marketplace,Paid with free trial,incoming-webhook,,
https://slack.com/marketplace/ALBRU32RK-leadbot,LEAD.Bot & Slack Integration | Slack Marketplace,Free and paid plans available,channels:manage channels:read chat:write email groups:read groups:write im:history im:read im:write mpim:history mpim:read mpim:write openid profile team:read users.profile:read users:read users:read.email,,
https://slack.com/marketplace/ALFTRHVMH-eastridge-cloud,Eastridge Cloud & Slack Integration | Slack Marketplace,Paid,channels:read chat:write chat:write.public users:read users:read.email,,
https://slack.com/marketplace/ALGTLHG4B-achievers-for-slack,Achievers for Slack & Slack Integration | Slack Marketplace,Paid,chat:write commands im:write team:read users.profile:read users:read users:read.email,,
https://slack.com/marketplace/ALHR8L406-rakuro,Rakuro & Slack Integration | Slack Marketplace,Included with service subscription,app_mentions:read chat:write team:read,,
https://slack.com/marketplace/ALM7F715H-cortex,Cortex & Slack Integration | Slack Marketplace,Paid with free trial,app_mentions:read channels:join channels:read chat:write chat:write.customize chat:write.public commands im:history reactions:read users:read users:read.email,,
https://slack.com/marketplace/ALN80JTHD-humantelligence,Humantelligence & Slack Integration | Slack Marketplace,Free,channels:read commands groups:read im:read mpim:read users.profile:read users:read users:read.email,,
https://slack.com/marketplace/ALNK95FB7-wordsgame,Wordsgame & Slack Integration | Slack Marketplace,Free,channels:history channels:join chat:write commands users:read,,
https://slack.com/marketplace/ALQ9XG76D-box,Box & Slack Integration | Slack Marketplace,Paid,app_mentions:read assistant:write bookmarks:read bookmarks:write channels:read chat:write chat:write.public commands files:read files:write groups:read im:history im:read im:write links:read links:write mcp:connect mpim:read remote_files:read remote_files:share remote_files:write team:read users:read users:read.email,,
https://slack.com/marketplace/ALQQQLQBW-crab-coop,CRAB coop & Slack Integration | Slack Marketplace,,commands,,
https://slack.com/marketplace/ALS4TMPFT-unitq,unitQ & Slack Integration | Slack Marketplace,Included with service subscription,channels:read groups:read incoming-webhook users:read,,
https://slack.com/marketplace/ALSE9TNNM-rakumo-,rakumo ワークフロー & Slack Integration | Slack Marketplace,Paid with free trial,chat:write im:history im:write users:read,,
https://slack.com/marketplace/ALURLAL4V-leave-dates,Leave Dates & Slack Integration | Slack Marketplace,Free and paid plans available,chat:write commands identity.basic im:write incoming-webhook,,
https://slack.com/marketplace/ALWD7D8MV-dependencieswatch,DependenciesWatch & Slack Integration | Slack Marketplace,,identity.basic identity.email identity.team incoming-webhook,,
https://slack.com/marketplace/AM1QJPN22-lunch-roulette,Lunch Roulette & Slack Integration | Slack Marketplace,Free and paid plans available,channels:read chat:write email identity.basic identity.email im:history im:write mpim:write openid team:read users:read users:read.email,,
https://slack.com/marketplace/AM2909KBK-delega,Delega & Slack Integration | Slack Marketplace,,bot channels:history channels:read chat:write:bot commands dnd:read emoji:read files:read files:write:user groups:history groups:read im:history im:read im:write mpim:history mpim:read mpim:write pins:read pins:write reactions:read reactions:write rtm:stream stars:read stars:write team:read usergroups:read users:read users:read.email users:write,bot,classic
https://slack.com/marketplace/AM2EP3QKT-botsterio,,,,,erreur
https://slack.com/marketplace/AM6L31E2U-peoplebox,Peoplebox & Slack Integration | Slack Marketplace,Paid with free trial,chat:write email im:history im:write openid profile team:read users:read users:read.email,,
https://slack.com/marketplace/AM8ENFAJ1-qmiix,Qmiix & Slack Integration | Slack Marketplace,Free and paid plans available,channels:history channels:join channels:manage channels:read chat:write files:read reminders:write users:read,,
https://slack.com/marketplace/AM9BY06QZ-delaysay,DelaySay & Slack Integration | Slack Marketplace,Paid with free trial,chat:write commands users:read,,
https://slack.com/marketplace/AM9J8EA3Z-ducalisio,Ducalis.io & Slack Integration | Slack Marketplace,Paid with free trial,channels:join channels:read chat:write commands files:read groups:read im:read incoming-webhook links:read links:write mpim:read users:read users:read.email,,
https://slack.com/marketplace/AMACZF1EF-zoho-recruit,Zoho Recruit & Slack Integration | Slack Marketplace,Included with service subscription,channels:read chat:write commands files:write groups:read mpim:read team:read users:read,,
https://slack.com/marketplace/AMAQCBSTY-quickq,QuickQ & Slack Integration | Slack Marketplace,,channels:read chat:write:bot commands identity.basic identity.email team:read users:read,,
https://slack.com/marketplace/AMBBQT61L-competitorsapp,competitors.app & Slack Integration | Slack Marketplace,Paid with free trial,incoming-webhook,,
https://slack.com/marketplace/AMDQS77UN-trakstar-perform,Trakstar Perform & Slack Integration | Slack Marketplace,Included with service subscription,chat:write im:write users:read users:read.email,,
https://slack.com/marketplace/AME10FC9K-plai,Plai & Slack Integration | Slack Marketplace,Free and paid plans available,bot channels:history channels:read chat:write:bot dnd:read emoji:read files:read files:write:user groups:history groups:read identify identity.avatar identity.basic identity.email identity.team im:history im:read im:write mpim:history mpim:read mpim:write pins:read pins:write reactions:read reactions:write rtm:stream stars:read stars:write team:read usergroups:read users:read users:read.email users:write,bot identify,classic
https://slack.com/marketplace/AME4X08R4-grow360,Grow360 & Slack Integration | Slack Marketplace,,bot channels:history channels:read chat:write:bot dnd:read emoji:read files:read files:write:user groups:history groups:read im:history im:read im:write mpim:history mpim:read mpim:write pins:read pins:write reactions:read reactions:write rtm:stream stars:read stars:write team:read usergroups:read users:read users:read.email users:write,bot,classic
https://slack.com/marketplace/AMEPDPTPB-channitor,Channitor & Slack Integration | Slack Marketplace,Free and paid plans available,channels:history channels:join channels:manage channels:read chat:write commands im:history im:write users:read,,
https://slack.com/marketplace/AMFHLRE9F-heelix,Heelix & Slack Integration | Slack Marketplace,Paid,chat:write commands im:history im:read team:read users:read users:read.email,,
https://slack.com/marketplace/AMHBH9J4C-instana,Instana & Slack Integration | Slack Marketplace,Paid with free trial,links:read links:write,,
https://slack.com/marketplace/AMJ4WVAP4-cloud-66-v2,Cloud 66 V2 & Slack Integration | Slack Marketplace,Free,chat:write:bot incoming-webhook,,
https://slack.com/marketplace/AMKN4479R-mebebot,MeBeBot & Slack Integration | Slack Marketplace,Paid,channels:read chat:write email im:history openid profile reactions:read users:read users:read.email,,
https://slack.com/marketplace/AMKPL2DK4-eaglestatus,EagleStatus & Slack Integration | Slack Marketplace,Free and paid plans available,incoming-webhook,,
https://slack.com/marketplace/AML4T1W5P-enchant,Enchant & Slack Integration | Slack Marketplace,Paid with free trial,incoming-webhook,,
https://slack.com/marketplace/AMN0HS98B-grubrobo,grubrobo & Slack Integration | Slack Marketplace,Free,chat:write commands im:history,,
https://slack.com/marketplace/AMP2VCNCX-tenderly,Tenderly & Slack Integration | Slack Marketplace,Free and paid plans available,incoming-webhook,,
https://slack.com/marketplace/AMTR2JHU2-activity-to-go,Activity To Go & Slack Integration | Slack Marketplace,Free and paid plans available,incoming-webhook,,
https://slack.com/marketplace/AMTSSN06T-feroot,Feroot & Slack Integration | Slack Marketplace,Free and paid plans available,incoming-webhook,,
https://slack.com/marketplace/AMUF7GVC3-librato,Librato & Slack Integration | Slack Marketplace,Free,incoming-webhook,,
https://slack.com/marketplace/AMWGA5LPK-lokalise,Lokalise & Slack Integration | Slack Marketplace,Paid with free trial,incoming-webhook,,
https://slack.com/marketplace/AMWQDJR8T-cubicl,Cubicl & Slack Integration | Slack Marketplace,Paid with free trial,incoming-webhook,,
https://slack.com/marketplace/AMX35MRM3-aldo-giovanni-giacomo-quotes,"Aldo, Giovanni & Giacomo Quotes & Slack Integration | Slack Marketplace",,commands,,
https://slack.com/marketplace/AMXD86M52-zomplaybot,zomplaybot & Slack Integration | Slack Marketplace,,bot channels:history channels:read chat:write:bot dnd:read emoji:read files:read files:write:user groups:history groups:read im:history im:read im:write incoming-webhook mpim:history mpim:read mpim:write pins:read pins:write reactions:read reactions:write rtm:stream stars:read stars:write team:read usergroups:read users:read users:read.email users:write,bot,classic
https://slack.com/marketplace/AMZP7DDC0-treering-time-bot,TreeRing Time Bot & Slack Integration | Slack Marketplace,Paid,app_mentions:read channels:history channels:read chat:write im:history im:write,,
https://slack.com/marketplace/AN02DB341-novo,Novo & Slack Integration | Slack Marketplace,Free,incoming-webhook,,
https://slack.com/marketplace/AN0G1JK36-qualtrics,Qualtrics & Slack Integration | Slack Marketplace,Paid,channels:read chat:write chat:write.public commands groups:read im:history im:read im:write mpim:read team:read users:read users:read.email,,
https://slack.com/marketplace/AN19RS48G-buildkite,Buildkite & Slack Integration | Slack Marketplace,Free,chat:write chat:write.public im:read incoming-webhook links:read links:write users:read users:read.email,,
https://slack.com/marketplace/AN52L3KSR-gyre,Gyre & Slack Integration | Slack Marketplace,Free,incoming-webhook,,
https://slack.com/marketplace/AN6S3EF25-heybooster,heybooster & Slack Integration | Slack Marketplace,Free,app_mentions:read channels:read channels:write chat:write commands dnd:read groups:read groups:write im:history im:read im:write team:read usergroups:read users:read users:read.email,,
https://slack.com/marketplace/AN7EQEQP9-krockio,Krock.io & Slack Integration | Slack Marketplace,Paid with free trial,incoming-webhook,,
https://slack.com/marketplace/AN80VL39P-amazon-chime-meetings,Amazon Chime Meetings & Slack Integration | Slack Marketplace,Free and paid plans available,calls:read calls:write channels:read commands groups:read identity.basic identity.email identity.team im:read mpim:read users:read users:read.email,,
https://slack.com/marketplace/AN82A0P1B-sage-exp-mgmt,Sage Exp Mgmt & Slack Integration | Slack Marketplace,Paid with free trial,app_mentions:read chat:write commands files:read groups:read im:history im:read im:write team:read users:read users:read.email,,
https://slack.com/marketplace/ANAGB293P-sprig,Sprig & Slack Integration | Slack Marketplace,Free and paid plans available,channels:read chat:write chat:write.public groups:read groups:write im:write incoming-webhook team:read,,
https://slack.com/marketplace/ANBC0DZFZ-claris-connect,Claris Connect & Slack Integration | Slack Marketplace,Paid with free trial,channels:manage channels:read chat:write chat:write.public groups:read groups:write users.profile:read users:read,,
https://slack.com/marketplace/ANFAWKNUA-nightfall-enterprise-dlp-for-slack,Nightfall Enterprise DLP for Slack & Slack Integration | Slack Marketplace,Paid with free trial,channels:join channels:read chat:write commands discovery:read discovery:write files:read files:write groups:read groups:write im:read im:write mpim:read usergroups:read users:read users:read.email,,
https://slack.com/marketplace/ANHB88H24-firemon-cloud-defense,FireMon Cloud Defense & Slack Integration | Slack Marketplace,Paid with free trial,chat:write commands incoming-webhook users:read,,
https://slack.com/marketplace/ANJQVMV2M-profitco-okr-software,Profit.co OKR Software & Slack Integration | Slack Marketplace,Paid with free trial,app_mentions:read channels:read chat:write commands groups:read users:read users:read.email,,
https://slack.com/marketplace/ANNA014HJ-cord,cord & Slack Integration | Slack Marketplace,Paid,chat:write commands im:history im:read im:write users:write,,
https://slack.com/marketplace/ANNFM4X5J-intrack,InTrack & Slack Integration | Slack Marketplace,Free and paid plans available,chat:write incoming-webhook,,
https://slack.com/marketplace/ANNSB4WDR-applications-manager,Applications Manager & Slack Integration | Slack Marketplace,Free and paid plans available,channels:read chat:write chat:write.public groups:read im:write users:read,,
https://slack.com/marketplace/ANPGHD2F8-gator,Gator & Slack Integration | Slack Marketplace,Free and paid plans available,channels:read chat:write commands files:write groups:read im:history im:read im:write mpim:read team:read users:read,,
https://slack.com/marketplace/ANPR3G7FU-okta-workflows-for-slack,Okta Workflows for Slack & Slack Integration | Slack Marketplace,Paid with free trial,channels:history channels:read channels:write chat:write chat:write.customize chat:write.public files:write groups:history groups:read groups:write im:history im:read im:write pins:read pins:write team:read users:read users:read.email,,
https://slack.com/marketplace/ANR3DUG59-okta-workflows-for-slack-admin,Okta Workflows for Slack Admin & Slack Integration | Slack Marketplace,Paid with free trial,admin,,
https://slack.com/marketplace/ANZ42TFQS-house-cup,House Cup & Slack Integration | Slack Marketplace,Free,app_mentions:read channels:history channels:join channels:read chat:write email emoji:read links:read links:write openid reactions:read reactions:write team:read usergroups:read usergroups:write users:read users:read.email,,
https://slack.com/marketplace/ANZ6DF4LS-builtwith-pro,BuiltWith Pro & Slack Integration | Slack Marketplace,Free and paid plans available,incoming-webhook,,
https://slack.com/marketplace/ANZ9TNDFS-compt,Compt & Slack Integration | Slack Marketplace,Paid,channels:join channels:read channels:write chat:write commands files:read im:history im:read users:read users:read.email,,
https://slack.com/marketplace/AP0Q2FLEB-secret-santa-20,Secret Santa 2.0 & Slack Integration | Slack Marketplace,Free,chat:write usergroups:read users:read,,
https://slack.com/marketplace/AP21QPZLK-gratica,GRATICA & Slack Integration | Slack Marketplace,Included with service subscription,chat:write commands im:history users:read users:read.email,,
https://slack.com/marketplace/AP4S0TWKB-ideta,Ideta & Slack Integration | Slack Marketplace,Free and paid plans available,bot channels:history channels:read chat:write:bot dnd:read emoji:read files:read files:write:user groups:history groups:read im:history im:read im:write mpim:history mpim:read mpim:write pins:read pins:write reactions:read reactions:write rtm:stream stars:read stars:write team:read usergroups:read users:read users:read.email users:write,bot,classic
https://slack.com/marketplace/AP5JJLKMH-accountability-dude,Accountability Dude & Slack Integration | Slack Marketplace,,bot channels:history channels:read channels:write chat:write:bot dnd:read emoji:read files:read files:write:user groups:history groups:read im:history im:read im:write mpim:history mpim:read mpim:write pins:read pins:write reactions:read reactions:write rtm:stream stars:read stars:write team:read usergroups:read users:read users:read.email users:write,bot,classic
https://slack.com/marketplace/AP5LRJB0D-camio,Camio & Slack Integration | Slack Marketplace,Free,commands incoming-webhook,,
https://slack.com/marketplace/AP5Q7AUKG-consolve,Consolve & Slack Integration | Slack Marketplace,Paid with free trial,incoming-webhook,,
https://slack.com/marketplace/AP81CS83X-intermedia-anymeeting,Intermedia AnyMeeting & Slack Integration | Slack Marketplace,,commands,,
https://slack.com/marketplace/AP8D198PP-adhelp,AdHelp & Slack Integration | Slack Marketplace,Free,bot channels:history channels:read chat:write:bot commands dnd:read emoji:read files:read files:write:user groups:history groups:read im:history im:read im:write mpim:history mpim:read mpim:write pins:read pins:write reactions:read reactions:write rtm:stream stars:read stars:write team:read usergroups:read users:read users:read.email users:write,bot,classic
https://slack.com/marketplace/AP8D4EWE5-wooxy,Wooxy & Slack Integration | Slack Marketplace,Paid with free trial,incoming-webhook team:read,,
https://slack.com/marketplace/AP8NS0M0E-comparably,Comparably & Slack Integration | Slack Marketplace,Free,app_mentions:read channels:join channels:read chat:write chat:write.public commands groups:read im:history im:read im:write mpim:read mpim:write users.profile:read users:read,,
https://slack.com/marketplace/AP92KQJS3-new-relic,New Relic & Slack Integration | Slack Marketplace,Free,app_mentions:read bookmarks:write channels:history channels:join channels:manage channels:read channels:write channels:write.invites channels:write.topic chat:write chat:write.public commands groups:history groups:read groups:write groups:write.invites groups:write.topic im:read links:read links:write metadata.message:read pins:read pins:write team:read users:read users:read.email,,
https://slack.com/marketplace/APB2120Q0-telebot,Telebot & Slack Integration | Slack Marketplace,Paid with free trial,bot channels:history channels:read chat:write:bot dnd:read emoji:read files:read files:write:user groups:history groups:read im:history im:read im:write mpim:history mpim:read mpim:write pins:read pins:write reactions:read reactions:write rtm:stream stars:read stars:write team:read usergroups:read users:read users:read.email users:write,bot,classic
https://slack.com/marketplace/APCSUEK6J-pltcloud,PLTcloud & Slack Integration | Slack Marketplace,Free and paid plans available,channels:read chat:write commands groups:read mpim:read,,
https://slack.com/marketplace/APD67DCLT-okta-preview-workflows-slack-admin,Okta Preview Workflows: Slack Admin & Slack Integration | Slack Marketplace,Paid with free trial,admin,,
https://slack.com/marketplace/APDBCM55H-panopto,Panopto & Slack Integration | Slack Marketplace,Free,commands links:read links:write users:read,,
https://slack.com/marketplace/APE16NH8S-creately,Creately & Slack Integration | Slack Marketplace,Free and paid plans available,commands incoming-webhook links:read links:write users:read users:read.email,,
https://slack.com/marketplace/APFJ117PW-relativity-collect,Relativity Collect & Slack Integration | Slack Marketplace,Paid,discovery:read,,
https://slack.com/marketplace/APHUY2XA6-karte,KARTE & Slack Integration | Slack Marketplace,Paid,channels:history channels:read chat:write files:write groups:history groups:read users.profile:read,,
https://slack.com/marketplace/APJ4NQVKN-elium,Elium & Slack Integration | Slack Marketplace,Paid with free trial,channels:read chat:write chat:write.public commands files:read links:read links:write,,
https://slack.com/marketplace/APJ5AV3U4-storiesonboard,StoriesOnBoard & Slack Integration | Slack Marketplace,Paid with free trial,chat:write im:write,,
https://slack.com/marketplace/APK142M61-status-scheduler,Status Scheduler & Slack Integration | Slack Marketplace,Paid with free trial,chat:write dnd:write emoji:read users.profile:read users.profile:write users:read users:read.email users:write,,
https://slack.com/marketplace/APKMF0F1C-qube,qube & Slack Integration | Slack Marketplace,Free and paid plans available,channels:read chat:write chat:write.public commands identify im:read im:write mpim:read mpim:write team:read users.profile:write users:read users:read.email,identify,
https://slack.com/marketplace/APLTEKYG1-productroad,Productroad & Slack Integration | Slack Marketplace,Paid with free trial,identify incoming-webhook,identify,
https://slack.com/marketplace/APSDR4481-humaans,Humaans & Slack Integration | Slack Marketplace,Paid with free trial,chat:write commands incoming-webhook users:read users:read.email,,
https://slack.com/marketplace/APSFND739-okta-preview-workflows-slack,Okta Preview Workflows: Slack & Slack Integration | Slack Marketplace,Paid with free trial,channels:history channels:read channels:write chat:write chat:write.customize chat:write.public files:write groups:history groups:read groups:write im:history im:read im:write pins:read pins:write team:read users:read users:read.email,,
https://slack.com/marketplace/APW5J7WKY-tally-monitoring,Tally Monitoring & Slack Integration | Slack Marketplace,Paid with free trial,incoming-webhook,,
https://slack.com/marketplace/APXEJ79UY-slack-developer-tools,Slack Developer Tools & Slack Integration | Slack Marketplace,Free,chat:write commands files:read im:history,,
https://slack.com/marketplace/APY4CRPRD-packagebot,PackageBot & Slack Integration | Slack Marketplace,,incoming-webhook users:read users:read.email,,
https://slack.com/marketplace/APYGWPDNU-adzwedo,AdzWeDo & Slack Integration | Slack Marketplace,Paid with free trial,commands incoming-webhook,,
https://slack.com/marketplace/APZ6ZGHU4-ecomexperts-news,EcomExperts News & Slack Integration | Slack Marketplace,,incoming-webhook,,
https://slack.com/marketplace/APZMFK2G0-ashby,Ashby & Slack Integration | Slack Marketplace,Included with service subscription,channels:manage channels:read chat:write chat:write.public files:read files:write groups:read groups:write im:history im:read im:write mcp:connect team:read users:read users:read.email,,
https://slack.com/marketplace/AQ1N5C1T2-quantive-results,Quantive Results & Slack Integration | Slack Marketplace,Paid with free trial,channels:read chat:write commands users:read users:read.email,,
https://slack.com/marketplace/AQ1UQTDK6-looker,Looker & Slack Integration | Slack Marketplace,Paid,app_mentions:read channels:read chat:write commands files:write groups:read im:history im:read im:write links:read links:write team:read users:read,,
https://slack.com/marketplace/AQ2PPBWJX-queue,Queue & Slack Integration | Slack Marketplace,Free and paid plans available,app_mentions:read channels:join channels:read chat:write commands email groups:read identity.basic im:history openid pins:write profile team:read users:read workflow.steps:execute,,
https://slack.com/marketplace/AQ2T399BN-water-cooler-trivia,Water Cooler Trivia & Slack Integration | Slack Marketplace,Paid with free trial,app_mentions:read channels:history chat:write identify identity.basic identity.email identity.team im:history im:write incoming-webhook,identify,
https://slack.com/marketplace/AQ3G7AUNN-hito-link-crm,HITO-Link CRM & Slack Integration | Slack Marketplace,Paid,channels:read chat:write:bot commands users:read users:read.email,,
https://slack.com/marketplace/AQ3M6818T-where-you-at,Where you at & Slack Integration | Slack Marketplace,Free,commands,,
https://slack.com/marketplace/AQ491J4LE-aiconix-transcribe,aiconix-transcribe & Slack Integration | Slack Marketplace,Paid with free trial,chat:write commands files:read files:write im:history im:read im:write users.profile:read users:read users:read.email,,
https://slack.com/marketplace/AQ4UD5FQQ-feature-watch,Feature Watch & Slack Integration | Slack Marketplace,Paid with free trial,channels:join channels:read chat:write commands users:read users:read.email,,
https://slack.com/marketplace/AQ6MM3ZU3-gitdailies,GitDailies & Slack Integration | Slack Marketplace,Free,channels:join channels:read chat:write commands groups:read,,
https://slack.com/marketplace/AQ70QHNUR-salesscreen,SalesScreen & Slack Integration | Slack Marketplace,Paid,channels:read chat:write chat:write.public groups:read users:read users:read.email,,
https://slack.com/marketplace/AQ9AS148Z-trevor-bot,Trevor Bot & Slack Integration | Slack Marketplace,Free and paid plans available,bot channels:history channels:read chat:write:bot dnd:read emoji:read files:read files:write:user groups:history groups:read im:history im:read im:write mpim:history mpim:read mpim:write pins:read pins:write reactions:read reactions:write rtm:stream stars:read stars:write team:read usergroups:read users:read users:read.email users:write,bot,classic
https://slack.com/marketplace/AQB5WHN05-mocking-spongebob,Mocking Spongebob & Slack Integration | Slack Marketplace,,commands,,
https://slack.com/marketplace/AQD7VTEDC-cater2me,Cater2.me & Slack Integration | Slack Marketplace,Free,app_mentions:read chat:write commands im:history im:read im:write,,
https://slack.com/marketplace/AQEDJ7H7G-logflare,Logflare & Slack Integration | Slack Marketplace,,identity.basic identity.email incoming-webhook,,
https://slack.com/marketplace/AQHC514SU-optro,Optro & Slack Integration | Slack Marketplace,Paid,app_mentions:read chat:write dnd:read im:history im:read im:write team:read users:read users:read.email,,
https://slack.com/marketplace/AQL5YPRGW-tldr,TLDR & Slack Integration | Slack Marketplace,,chat:write:bot commands team:read,,
https://slack.com/marketplace/AQMDLSL72-watercooler,WaterCooler & Slack Integration | Slack Marketplace,Free and paid plans available,channels:read chat:write chat:write.public im:history im:write mpim:write users:read,,
https://slack.com/marketplace/AQQ8G8D9C-ashita-cloud,ASHITA-CLOUD & Slack Integration | Slack Marketplace,Paid,bot channels:history channels:read chat:write:bot dnd:read emoji:read files:read files:write:user groups:history groups:read im:history im:read im:write mpim:history mpim:read mpim:write pins:read pins:write reactions:read reactions:write rtm:stream stars:read stars:write team:read usergroups:read users:read users:read.email users:write,bot,classic
https://slack.com/marketplace/AQQLX3S2Y-proofpoint-content-capture,Proofpoint Content Capture & Slack Integration | Slack Marketplace,Paid,auditlogs:read discovery:read,,
https://slack.com/marketplace/AQSD5JYSY-one-team-report,One Team Report & Slack Integration | Slack Marketplace,Paid with free trial,chat:write commands im:history incoming-webhook team:read users:read,,
https://slack.com/marketplace/AQSUPJSRG-lookout-casb-drm,Lookout CASB DRM & Slack Integration | Slack Marketplace,Paid with free trial,users.profile:read users:read users:read.email,,
https://slack.com/marketplace/AQTRY8C1E-wowwlr,Wowwlr & Slack Integration | Slack Marketplace,Free,channels:manage chat:write chat:write.public commands emoji:read identity.basic identity.email links:read links:write team:read usergroups:read users:read,,
https://slack.com/marketplace/AQY3VMMD2-nativeforms,NativeForms & Slack Integration | Slack Marketplace,Paid with free trial,identity.basic identity.email incoming-webhook,,
https://slack.com/marketplace/AQZA9PY2D-v-one-,V-ONE クラウド & Slack Integration | Slack Marketplace,Free,incoming-webhook,,
https://slack.com/marketplace/AQZC5SC8Y-looop,Looop & Slack Integration | Slack Marketplace,Paid with free trial,chat:write chat:write.customize im:write users:read users:read.email,,
https://slack.com/marketplace/AR0H6GKFY-pima,Pima & Slack Integration | Slack Marketplace,Paid with free trial,incoming-webhook,,
https://slack.com/marketplace/AR21RATMF-callbridgecom,Callbridge.com & Slack Integration | Slack Marketplace,Paid with free trial,app_mentions:read channels:join channels:read chat:write commands im:history im:write users.profile:read,,
https://slack.com/marketplace/AR28NTK5M-datadog,Datadog & Slack Integration | Slack Marketplace,Paid with free trial,app_mentions:read auditlogs:read bookmarks:read bookmarks:write calls:write channels:history channels:join channels:manage channels:read channels:write chat:write chat:write.customize commands emoji:read files:read files:write groups:history groups:read groups:write im:history im:read im:write links:read links:write metadata.message:read mpim:read openid pins:read pins:write reactions:read reactions:write remote_files:read remote_files:share remote_files:write team:read usergroups:read usergroups:write users:read users:read.email,,
https://slack.com/marketplace/AR4M4GLAZ-snack-counter,Snack Counter & Slack Integration | Slack Marketplace,Free,chat:write commands im:history,,
https://slack.com/marketplace/AR5CBF80Z-alloy,Alloy & Slack Integration | Slack Marketplace,Free,channels:manage channels:read chat:write chat:write.public groups:read im:read mpim:read users.profile:read users:read,,
https://slack.com/marketplace/AR5Q3483T-sugar-slack,Sugar Slack & Slack Integration | Slack Marketplace,Free and paid plans available,channels:read chat:write chat:write.public commands files:write groups:read identify im:history im:read remote_files:read team:read users:read users:read.email users:write,identify,
https://slack.com/marketplace/AR69PF309-crondrive,CronDrive & Slack Integration | Slack Marketplace,Free and paid plans available,incoming-webhook,,
https://slack.com/marketplace/AR7EVDS0P-intueri,Intueri & Slack Integration | Slack Marketplace,Paid with free trial,incoming-webhook,,
https://slack.com/marketplace/AR84F7MH7-man-pages,Man Pages & Slack Integration | Slack Marketplace,Free,commands,,
https://slack.com/marketplace/ARCLZKKH6-net2phone,net2phone & Slack Integration | Slack Marketplace,Free and paid plans available,chat:write commands files:write users.profile:read,,
https://slack.com/marketplace/ARDJCL86Q-encharge,Encharge & Slack Integration | Slack Marketplace,Paid with free trial,channels:join channels:read chat:write groups:read,,
https://slack.com/marketplace/ARFET0L7L-vizmo-vms,Vizmo VMS & Slack Integration | Slack Marketplace,Paid with free trial,chat:write users:read users:read.email,,
https://slack.com/marketplace/ARHCKL97Y-corpay-one,Corpay One & Slack Integration | Slack Marketplace,Free,chat:write commands im:history users:read,,
https://slack.com/marketplace/ARJU8BW4W-awarego,AwareGO & Slack Integration | Slack Marketplace,Paid with free trial,chat:write files:write im:history im:write team:read users:read users:read.email,,
https://slack.com/marketplace/ARL9W3E4R-3in5-cultivate-gratitude,3in5 - Cultivate Gratitude & Slack Integration | Slack Marketplace,Free,channels:join channels:read chat:write incoming-webhook,,
https://slack.com/marketplace/ARM854WQN-evergreen,Evergreen & Slack Integration | Slack Marketplace,Paid with free trial,channels:join channels:manage chat:write commands email im:history im:write openid profile team:read users:read users:read.email,,
https://slack.com/marketplace/ARMN65M6G-simplicant,Simplicant & Slack Integration | Slack Marketplace,Paid,channels:join channels:manage chat:write incoming-webhook team:read,,
https://slack.com/marketplace/ARPBA9UTC-officehand-for-slack,Office@Hand for Slack & Slack Integration | Slack Marketplace,Free,calls:write commands users:read,,
https://slack.com/marketplace/ARQ5ZK6M7-formsite,Formsite & Slack Integration | Slack Marketplace,Paid with free trial,incoming-webhook,,
https://slack.com/marketplace/ARQNHCE5Q-stanleebot,StanLeeBot & Slack Integration | Slack Marketplace,Free,commands incoming-webhook,,
https://slack.com/marketplace/ARQRM79RN-webex-call,Webex Call & Slack Integration | Slack Marketplace,Free,calls:write channels:read chat:write commands groups:read im:read mpim:read team:read users:read users:read.email,,
https://slack.com/marketplace/ARRK29W8N-microsoft-teams-calls,Microsoft Teams Calls & Slack Integration | Slack Marketplace,Free,calls:read calls:write chat:write commands links:read links:write users:read users:read.email,,
https://slack.com/marketplace/ARSH2738D-logichub-cases,LogicHub Cases & Slack Integration | Slack Marketplace,Free,bot channels:history channels:read channels:write chat:write:bot dnd:read emoji:read files:read files:write:user groups:history groups:read im:history im:read im:write mpim:history mpim:read mpim:write pins:read pins:write reactions:read reactions:write rtm:stream stars:read stars:write team:read usergroups:read users:read users:read.email users:write,bot,classic
https://slack.com/marketplace/ARSJUP4R0-reclaimai,Reclaim.ai & Slack Integration | Slack Marketplace,Free and paid plans available,app_mentions:read chat:write chat:write.customize chat:write.public commands dnd:read dnd:write im:history mcp:connect team:read users.profile:read users.profile:write users:read users:read.email,,
https://slack.com/marketplace/ARUFE7YMU-zoom-for-government,Zoom for Government & Slack Integration | Slack Marketplace,Free and paid plans available,calls:write channels:read chat:write chat:write.public commands groups:read identity.basic im:read im:write links:read links:write mpim:read team:read users:read users:read.email,,
https://slack.com/marketplace/ARVAC6N5U-miitel,MiiTel & Slack Integration | Slack Marketplace,Paid,incoming-webhook links:read,,
https://slack.com/marketplace/ARW1HV5QS-slashmap,SlashMap & Slack Integration | Slack Marketplace,Free and paid plans available,commands identity.basic users:read,,
https://slack.com/marketplace/ARY10C8TB-zoho-notebook,Zoho Notebook & Slack Integration | Slack Marketplace,Free,chat:write chat:write.public commands files:read files:write team:read,,
https://slack.com/marketplace/AS0QPCT9R-crosschq,Crosschq & Slack Integration | Slack Marketplace,Paid with free trial,channels:read chat:write chat:write.public files:write groups:read im:write users:read users:read.email,,
https://slack.com/marketplace/AS0RKQD2S-bestsubjectline,BestSubjectline & Slack Integration | Slack Marketplace,Free,channels:join chat:write commands identity.basic identity.email incoming-webhook users:read users:read.email,,
https://slack.com/marketplace/AS468KVS7-fairwinds-insights,Fairwinds Insights & Slack Integration | Slack Marketplace,Free,channels:join channels:read chat:write,,
https://slack.com/marketplace/AS4VDQH70-m0,M0 & Slack Integration | Slack Marketplace,Free and paid plans available,bot channels:history channels:read chat:write:bot commands dnd:read emoji:read files:read files:write:user groups:history groups:read im:history im:read im:write links:read mpim:history mpim:read mpim:write pins:read pins:write reactions:read reactions:write rtm:stream stars:read stars:write team:read usergroups:read users:read users:read.email users:write,bot,classic
https://slack.com/marketplace/AS5D75HQQ-new-relic-eu,New Relic - EU & Slack Integration | Slack Marketplace,Free,app_mentions:read bookmarks:write channels:history channels:join channels:manage channels:read channels:write channels:write.invites channels:write.topic chat:write chat:write.public commands groups:history groups:read groups:write groups:write.invites groups:write.topic im:read links:read links:write metadata.message:read pins:read pins:write team:read users:read users:read.email,,
https://slack.com/marketplace/AS5MTRRKJ-konnect-insights,Konnect Insights & Slack Integration | Slack Marketplace,Paid,channels:read chat:write chat:write.public groups:read im:history im:read im:write mpim:read team:read users.profile:read users:read,,
https://slack.com/marketplace/AS833QXL0-nimbella-commander,Nimbella Commander & Slack Integration | Slack Marketplace,Free and paid plans available,chat:write commands users:read users:read.email,,
https://slack.com/marketplace/AS83H23HR-float-notifications,Float Notifications & Slack Integration | Slack Marketplace,Paid with free trial,chat:write commands emoji:read im:history im:read im:write team:read users.profile:read users.profile:write users:read users:read.email users:write,,
https://slack.com/marketplace/AS8DW2X44-teamble,teamble & Slack Integration | Slack Marketplace,Free and paid plans available,app_mentions:read channels:join channels:manage channels:read channels:write chat:write commands email files:write groups:read groups:write im:history im:read im:write mpim:read mpim:write openid profile team:read users.profile:read users:read users:read.email,,
https://slack.com/marketplace/ASASWB1C2-aware,Aware & Slack Integration | Slack Marketplace,Paid,chat:write discovery:read discovery:write emoji:read im:write users:read,,
https://slack.com/marketplace/ASCCEQHS9-standup-buddy,Standup Buddy & Slack Integration | Slack Marketplace,Paid with free trial,channels:join channels:read chat:write chat:write.customize groups:read identity.basic im:history im:write team:read users:read users:read.email,,
https://slack.com/marketplace/ASEEY5WKD-controlhub,ControlHub & Slack Integration | Slack Marketplace,Free and paid plans available,channels:read chat:write chat:write.customize email files:read files:write groups:read im:history im:read im:write openid profile team:read users.profile:read users:read users:read.email,,
https://slack.com/marketplace/ASF4KCFV1-hexometerbot,HexometerBot & Slack Integration | Slack Marketplace,Free and paid plans available,incoming-webhook,,
https://slack.com/marketplace/ASFPJ9H9U-helpwise,Helpwise & Slack Integration | Slack Marketplace,Free and paid plans available,incoming-webhook,,
https://slack.com/marketplace/ASGF3VDU0-eeny,Eeny & Slack Integration | Slack Marketplace,Free and paid plans available,app_mentions:read channels:read chat:write groups:read usergroups:read users:read,,
https://slack.com/marketplace/ASHPHG077-assembly,Assembly & Slack Integration | Slack Marketplace,Free and paid plans available,app_mentions:read channels:history channels:join channels:manage channels:read chat:write chat:write.customize commands email groups:history groups:read identity.avatar identity.basic identity.email identity.team im:history incoming-webhook openid profile reactions:read reactions:write team:read usergroups:read users:read users:read.email,,
https://slack.com/marketplace/ASJ1XBZBK-mooncamp,Mooncamp & Slack Integration | Slack Marketplace,Paid,chat:write commands im:history,,
https://slack.com/marketplace/ASJJS2XT5-onedesk,OneDesk & Slack Integration | Slack Marketplace,Paid with free trial,commands,,
https://slack.com/marketplace/ASM2SQXPX-qualified,Qualified & Slack Integration | Slack Marketplace,Paid,assistant:write channels:join channels:read chat:write im:history openid users:read users:read.email,,
https://slack.com/marketplace/ASNKGK9U3-repsona,Repsona & Slack Integration | Slack Marketplace,Free,incoming-webhook users:read users:read.email,,
https://slack.com/marketplace/ASQ2GCA77-haystack,Haystack & Slack Integration | Slack Marketplace,Paid,channels:read chat:write chat:write.customize chat:write.public groups:read team:read users:read users:read.email,,
https://slack.com/marketplace/ASR9G6DFZ-rankedfun,Ranked.Fun & Slack Integration | Slack Marketplace,Paid,app_mentions:read channels:join channels:read chat:write im:history im:write,,
https://slack.com/marketplace/ASRCTSYRJ-veritas-alta-saas-protection-connector-for-slack,Veritas Alta™ SaaS Protection Connector for Slack & Slack Integration | Slack Marketplace,Paid,discovery:read,,
https://slack.com/marketplace/ASRPMECP3-dr-whoo,Dr. Whoo & Slack Integration | Slack Marketplace,Free and paid plans available,channels:history channels:manage channels:read channels:write chat:write commands groups:read im:history im:read im:write mpim:write team:read users:read users:read.email,,
https://slack.com/marketplace/ASTC9G23C-centro,Centro & Slack Integration | Slack Marketplace,Paid with free trial,app_mentions:read assistant:write canvases:read canvases:write channels:history channels:join channels:manage channels:read channels:write chat:write chat:write.customize commands conversations.connect:write emoji:read files:read files:write groups:history groups:read groups:write im:history im:read im:write links:read links:write mpim:history mpim:read mpim:write pins:write reactions:read reactions:write reminders:write search:read.files search:read.im search:read.mpim search:read.private search:read.public search:read.users usergroups:read users.profile:read users:read users:read.email,,
https://slack.com/marketplace/ASTCT3D6U-robocoin,RoboCoin & Slack Integration | Slack Marketplace,Free,commands,,
https://slack.com/marketplace/ASTE8AP3Q-inspector,Inspector & Slack Integration | Slack Marketplace,Free and paid plans available,channels:read chat:write groups:read,,
https://slack.com/marketplace/ASUL36PPA-embedery,Embedery & Slack Integration | Slack Marketplace,Free,channels:join channels:read chat:write commands links:read links:write,,
https://slack.com/marketplace/ASX114UC9-gappie,Gappie & Slack Integration | Slack Marketplace,Free,app_mentions:read chat:write commands im:history im:read incoming-webhook users:read,,
https://slack.com/marketplace/ASY3N6N01-productiv,Productiv & Slack Integration | Slack Marketplace,Free,incoming-webhook,,
https://slack.com/marketplace/AT1NHTAAE-smithy,Smithy & Slack Integration | Slack Marketplace,Free and paid plans available,channels:history channels:join channels:read chat:write chat:write.customize chat:write.public commands email groups:history groups:read openid profile team.billing:read team:read users:read,,
https://slack.com/marketplace/AT23SCZ7A-protocoler,Protocoler & Slack Integration | Slack Marketplace,Free,channels:history chat:write commands groups:history incoming-webhook users:read users:read.email,,
https://slack.com/marketplace/AT2459ZAB-kickflow,kickflow & Slack Integration | Slack Marketplace,Paid with free trial,channels:read chat:write chat:write.public commands groups:read im:write team:read users:read users:read.email,,
https://slack.com/marketplace/AT3JPSYJU-forms,Forms & Slack Integration | Slack Marketplace,Paid with free trial,channels:join channels:read chat:write commands im:history,,
https://slack.com/marketplace/AT3N0PJUB-dibs-on-stuff,Dibs On Stuff & Slack Integration | Slack Marketplace,Free and paid plans available,channels:join chat:write commands,,
https://slack.com/marketplace/AT4T4JBE1-todobot,ToDoBot & Slack Integration | Slack Marketplace,Free and paid plans available,app_mentions:read channels:join channels:read chat:write commands groups:read identity.basic im:history im:write pins:write reactions:read reactions:write team:read users:read users:read.email workflow.steps:execute,,
https://slack.com/marketplace/AT5CRKUHZ-syncari,Syncari & Slack Integration | Slack Marketplace,Paid,channels:history channels:read chat:write groups:read reactions:read users:read users:read.email,,
https://slack.com/marketplace/AT5G4N490-xactly-incent,Xactly Incent & Slack Integration | Slack Marketplace,Paid,chat:write commands mpim:write users:read users:read.email,,
https://slack.com/marketplace/AT7FTJ35M-coscreen,CoScreen & Slack Integration | Slack Marketplace,Free,chat:write chat:write.public commands,,
https://slack.com/marketplace/AT8ASDHK5-qviklist,QvikList & Slack Integration | Slack Marketplace,Free and paid plans available,incoming-webhook users:read users:read.email,,
https://slack.com/marketplace/AT9MQP5MM-logicmonitor,LogicMonitor & Slack Integration | Slack Marketplace,Paid with free trial,app_mentions:read channels:join channels:read chat:write commands files:write groups:read im:history im:read im:write mpim:read team:read users:read,,
https://slack.com/marketplace/ATAFJ2E79-proper,Proper & Slack Integration | Slack Marketplace,Paid with free trial,channels:join channels:manage channels:read chat:write commands groups:read identity.basic im:history im:write reactions:read reactions:write users:read users:read.email,,
https://slack.com/marketplace/ATCSZBG06-swarmia,Swarmia & Slack Integration | Slack Marketplace,Free and paid plans available,channels:join channels:read chat:write groups:read users:read users:read.email,,
https://slack.com/marketplace/ATJ685EPK-lambert,Lambert & Slack Integration | Slack Marketplace,Free,chat:write commands dnd:read incoming-webhook users:read,,
https://slack.com/marketplace/ATJNHKFJN-nachonacho,NachoNacho & Slack Integration | Slack Marketplace,Paid with free trial,chat:write email im:history openid profile users:read users:read.email,,
https://slack.com/marketplace/ATLUQMN72-alertable,Alertable & Slack Integration | Slack Marketplace,Free,chat:write commands im:history,,
https://slack.com/marketplace/ATMC26LBW-anonymous-bot,Anonymous Bot & Slack Integration | Slack Marketplace,Free and paid plans available,channels:read chat:write chat:write.public commands groups:read groups:write openid users:read,,
https://slack.com/marketplace/ATP9E4Z55-documill-leap,Documill Leap & Slack Integration | Slack Marketplace,Paid with free trial,chat:write commands im:history,,
https://slack.com/marketplace/ATPFNHQJC-signl4,SIGNL4 & Slack Integration | Slack Marketplace,Paid with free trial,channels:history channels:read chat:write groups:history groups:read im:history im:read im:write mpim:history mpim:read mpim:write users:read,,
https://slack.com/marketplace/ATPU7GDQB-loadster,Loadster & Slack Integration | Slack Marketplace,Paid with free trial,incoming-webhook,,
https://slack.com/marketplace/ATR68NTAM-sleuth,Sleuth & Slack Integration | Slack Marketplace,Free,app_mentions:read channels:read chat:write chat:write.public commands dnd:read groups:read identity.basic identity.email im:read im:write mpim:read reactions:read team:read users:read,,
https://slack.com/marketplace/ATT23DKJL-cortex-xdr,Cortex XDR & Slack Integration | Slack Marketplace,Paid,channels:join channels:read chat:write chat:write.public files:write groups:read team:read,,
https://slack.com/marketplace/ATTP29ETB-qatalog,Qatalog & Slack Integration | Slack Marketplace,Free and paid plans available,channels:manage channels:read chat:write chat:write.public commands groups:read team:read users:read,,
https://slack.com/marketplace/ATV6H0P8T-instatus,Instatus & Slack Integration | Slack Marketplace,Free and paid plans available,app_mentions:read channels:history channels:join channels:manage channels:read chat:write chat:write.public commands incoming-webhook pins:write reactions:read reactions:write team:read usergroups:read users:read users:read.email,,
https://slack.com/marketplace/ATWAPCVCL-helpdesk,HelpDesk+ & Slack Integration | Slack Marketplace,Paid with free trial,channels:history channels:join channels:manage channels:read channels:write chat:write chat:write.customize commands emoji:read files:read groups:history groups:read groups:write im:history im:read im:write mpim:history mpim:read mpim:write pins:write reactions:read reactions:write team:read users:read users:read.email,,
https://slack.com/marketplace/ATWDNFLJ1-chronus,Chronus & Slack Integration | Slack Marketplace,Included with service subscription,chat:write im:history team:read users:read users:read.email,,
https://slack.com/marketplace/ATXQPQF4N-tidybot,Tidybot & Slack Integration | Slack Marketplace,Free and paid plans available,chat:write email files:read im:history openid profile team:read users.profile:read users:read,,
https://slack.com/marketplace/AU3QJCQMB-slicky-the-do-not-disturb-light,Slicky: The Do-Not-Disturb Light & Slack Integration | Slack Marketplace,Paid,users.profile:write,,
https://slack.com/marketplace/AU4SDPKQQ-akiflow,Akiflow & Slack Integration | Slack Marketplace,Paid with free trial,channels:read commands groups:read im:read mpim:read stars:read stars:write team:read users:read,,
https://slack.com/marketplace/AU5C4QPQS-todo,Todo & Slack Integration | Slack Marketplace,Free and paid plans available,app_mentions:read channels:join channels:read chat:write commands email groups:read identity.basic im:history im:read mpim:read openid pins:write profile team:read users:read users:read.email,,
https://slack.com/marketplace/AU88ZR9J5-lunch,Lunch & Slack Integration | Slack Marketplace,Free and paid plans available,app_mentions:read channels:join channels:read chat:write commands email groups:read identity.basic im:history openid pins:write profile team:read users:read users:read.email,,
https://slack.com/marketplace/AU8K64A4Q-refcome-teams,Refcome Teams & Slack Integration | Slack Marketplace,Included with service subscription,channels:join channels:read chat:write groups:read im:write links:read links:write users:read users:read.email,,
https://slack.com/marketplace/AU8P4DEH2-opsgenie-eu-for-incident-management,Opsgenie EU for Incident Management & Slack Integration | Slack Marketplace,Free and paid plans available,channels:manage channels:read chat:write commands pins:write team:read usergroups:read users:read users:read.email,,
https://slack.com/marketplace/AU949446B-geeknews,GeekNews & Slack Integration | Slack Marketplace,Free,incoming-webhook,,
https://slack.com/marketplace/AU9Q00XUZ-polls-surveys-by-surveysparrow,Polls & Surveys by SurveySparrow & Slack Integration | Slack Marketplace,Free and paid plans available,channels:read chat:write chat:write.customize chat:write.public commands groups:read groups:write.invites im:history im:write mpim:read users:read users:read.email,,
https://slack.com/marketplace/AUAU41PS9-opsgenie-for-incident-management,Opsgenie for Incident Management & Slack Integration | Slack Marketplace,Free and paid plans available,channels:manage channels:read chat:write commands pins:write team:read usergroups:read users:read users:read.email,,
https://slack.com/marketplace/AUBR0A35F-vollna,Vollna & Slack Integration | Slack Marketplace,Paid with free trial,channels:read chat:write chat:write.public groups:read incoming-webhook,,
https://slack.com/marketplace/AUC96DJGJ-doropomo,Doropomo & Slack Integration | Slack Marketplace,Free,chat:write chat:write.public commands incoming-webhook users:read users:read.email,,
https://slack.com/marketplace/AUCDUQSLB-codekickbot,CodeKickBot & Slack Integration | Slack Marketplace,Paid with free trial,chat:write chat:write.public commands im:history team:read users:read users:read.email,,
https://slack.com/marketplace/AUCJA0TAP-daily-chess-puzzle-by-lichess,Daily Chess Puzzle by Lichess & Slack Integration | Slack Marketplace,Free,commands incoming-webhook,,
https://slack.com/marketplace/AUFCR7FNY-better-stack,Better Stack & Slack Integration | Slack Marketplace,Free and paid plans available,bookmarks:read bookmarks:write channels:history channels:join channels:manage channels:read chat:write chat:write.public commands files:read groups:history groups:read groups:write im:history incoming-webhook links:read links:write usergroups:read usergroups:write users:read users:read.email,,
https://slack.com/marketplace/AUG0TSAR0-360-feedback-by-inkrement,360 Feedback by Inkrement & Slack Integration | Slack Marketplace,Paid with free trial,channels:read chat:write chat:write.public commands files:write groups:read identity.basic im:history users:read users:read.email,,
https://slack.com/marketplace/AUHDR6HRT-now,ごちクルNow & Slack Integration | Slack Marketplace,Free,channels:join channels:manage chat:write identity.basic im:history incoming-webhook,,
https://slack.com/marketplace/AUHQ16YKA-jira-slack-integration,Jira Slack Integration & Slack Integration | Slack Marketplace,Free and paid plans available,channels:history channels:join channels:read chat:write commands files:read groups:history groups:read identity.basic identity.email identity.team im:history im:read im:write mpim:history mpim:read users:read users:read.email,,
https://slack.com/marketplace/AUJUMB00N-butler-by-trello,Butler by Trello & Slack Integration | Slack Marketplace,Free,channels:read chat:write chat:write.public groups:read identify im:read mpim:read team:read users.profile:read users:read users:read.email,identify,
https://slack.com/marketplace/AUKHJQS30-geppo,Geppo（ゲッポウ） & Slack Integration | Slack Marketplace,Paid,chat:write im:history im:write users:read users:read.email,,
https://slack.com/marketplace/AUKLFH44A-g2-for-slack,G2 for Slack & Slack Integration | Slack Marketplace,Paid,channels:read chat:write chat:write.public users:read users:read.email,,
https://slack.com/marketplace/AUMC63Y6S-speedway,Speedway & Slack Integration | Slack Marketplace,Free and paid plans available,incoming-webhook,,
https://slack.com/marketplace/AUNQK1L5D-interviewsly,Interviewsly & Slack Integration | Slack Marketplace,Paid with free trial,channels:manage chat:write commands groups:read groups:write identity.avatar identity.basic identity.email identity.team im:history im:write mpim:write users:read users:read.email,,
https://slack.com/marketplace/AUPUSQVQA-bellbird,Bellbird & Slack Integration | Slack Marketplace,Free,chat:write commands,,
https://slack.com/marketplace/AV21TQ81L-rali,Rali & Slack Integration | Slack Marketplace,Free and paid plans available,chat:write commands,,
https://slack.com/marketplace/AV4BZEDKK-nerdydata,NerdyData & Slack Integration | Slack Marketplace,Free,commands users:read users:read.email,,
https://slack.com/marketplace/A01003CLCGM-turnshift-shift-scheduling,TurnShift Shift Scheduling & Slack Integration | Slack Marketplace,Paid with free trial,channels:join channels:manage channels:read chat:write chat:write.public groups:read groups:write identity.avatar identity.basic identity.email identity.team team:read users:read users:read.email,,
https://slack.com/marketplace/A01009DTC8G-calend-meet,Calend Meet & Slack Integration | Slack Marketplace,Paid with free trial,channels:manage channels:read chat:write chat:write.public im:history im:read users:read users:read.email,,
https://slack.com/marketplace/A0106BJ5CAD-jicoo,Jicoo & Slack Integration | Slack Marketplace,Free and paid plans available,app_mentions:read channels:history channels:read chat:write groups:history groups:read users:read users:read.email,,
https://slack.com/marketplace/A0108APQFQC-geckoboard,Geckoboard & Slack Integration | Slack Marketplace,Paid with free trial,channels:read chat:write chat:write.public groups:read links:read links:write,,
https://slack.com/marketplace/A010B2YL469-decision-tracker,Decision Tracker & Slack Integration | Slack Marketplace,Paid with free trial,channels:history channels:join channels:read chat:write chat:write.public commands reactions:read reactions:write users:read,,
https://slack.com/marketplace/A010B8XA0GH-airbase,Airbase & Slack Integration | Slack Marketplace,Free,app_mentions:read chat:write commands im:history im:read im:write team:read users:read users:read.email,,
https://slack.com/marketplace/A010BUGP6FJ-tenable-cloud-security,Tenable Cloud Security & Slack Integration | Slack Marketplace,Paid with free trial,channels:read chat:write commands files:write groups:read team:read users:read users:read.email,,
https://slack.com/marketplace/A010CU512EQ-aws-support,AWS Support & Slack Integration | Slack Marketplace,Included with service subscription,app_mentions:read channels:read chat:write chat:write.customize commands files:read groups:history groups:read groups:write pins:read pins:write reactions:read team:read users:read,,
https://slack.com/marketplace/A010HKHTHT4-intercom-by-supportman,Intercom by Supportman & Slack Integration | Slack Marketplace,Paid with free trial,channels:join channels:manage channels:read chat:write groups:read im:history users:read users:read.email,,
https://slack.com/marketplace/A010KTMN328-pi-reminder,Pi Reminder & Slack Integration | Slack Marketplace,Free and paid plans available,app_mentions:read chat:write commands im:history users:read users:read.email,,
https://slack.com/marketplace/A010KUSRKRV-document360,Document360 & Slack Integration | Slack Marketplace,Paid,chat:write chat:write.customize chat:write.public commands team:read,,
https://slack.com/marketplace/A010L6243EJ-appspace,Appspace & Slack Integration | Slack Marketplace,Free and paid plans available,channels:read chat:write chat:write.customize chat:write.public groups:read users:read,,
https://slack.com/marketplace/A010P0J4M7T-actrecipebot,ActRecipeBot & Slack Integration | Slack Marketplace,Free,chat:write commands im:history im:write pins:read pins:write reactions:write users:read users:read.email,,
https://slack.com/marketplace/A010PD913CG-cypress,Cypress & Slack Integration | Slack Marketplace,Free and paid plans available,chat:write incoming-webhook links:read links:write,,
https://slack.com/marketplace/A010Q91PKM3-draw-the-short-straw,Draw the Short Straw & Slack Integration | Slack Marketplace,Free,commands,,
https://slack.com/marketplace/A010UMJAP7U-aiaibot,aiaibot & Slack Integration | Slack Marketplace,Paid,channels:history channels:join channels:manage channels:read chat:write chat:write.customize incoming-webhook users:read,,
https://slack.com/marketplace/A010ZEEB44R-hightouch,Hightouch & Slack Integration | Slack Marketplace,Free and paid plans available,app_mentions:read channels:read chat:write chat:write.customize files:write groups:read im:history im:read im:write reactions:write team:read users:read users:read.email,,
https://slack.com/marketplace/A010ZHE79T2-photoshelter-brands,PhotoShelter Brands & Slack Integration | Slack Marketplace,Paid,channels:join chat:write chat:write.public commands incoming-webhook links:read links:write users:read users:read.email,,
https://slack.com/marketplace/A010ZP17KJ4-asanify,Asanify & Slack Integration | Slack Marketplace,Included with service subscription,chat:write im:history im:read im:write team:read users:read users:read.email,,
https://slack.com/marketplace/A01112RD3LY-focus-mode,Focus Mode & Slack Integration | Slack Marketplace,Free,chat:write dnd:write im:history im:write users.profile:write users:read,,
https://slack.com/marketplace/A0111AZTD1U-ackly,Ackly & Slack Integration | Slack Marketplace,Paid with free trial,channels:history channels:read chat:write reactions:read users:read,,
https://slack.com/marketplace/A0112N7FNUW-meterian-sentinel,Meterian Sentinel & Slack Integration | Slack Marketplace,Paid,incoming-webhook,,
https://slack.com/marketplace/A0112SVK6RL-evaluagent,EvaluAgent & Slack Integration | Slack Marketplace,Paid with free trial,channels:read chat:write chat:write.customize chat:write.public groups:read users:read users:read.email,,
https://slack.com/marketplace/A0114L5HGP5-stackhawk,StackHawk & Slack Integration | Slack Marketplace,Free,channels:read chat:write chat:write.public groups:read,,
https://slack.com/marketplace/A01150UKX1S-edconnect,EdConnect & Slack Integration | Slack Marketplace,Free,commands incoming-webhook,,
https://slack.com/marketplace/A0116UH9YNS-surveyapp,Surveyapp & Slack Integration | Slack Marketplace,Paid with free trial,channels:read chat:write chat:write.public commands groups:read im:history team:read users:read users:read.email,,
https://slack.com/marketplace/A011878FKNJ-everidays,Everidays & Slack Integration | Slack Marketplace,Paid with free trial,channels:read chat:write groups:read im:read mpim:read team:read users:read,,
https://slack.com/marketplace/A01189AQQBH-accord,Accord & Slack Integration | Slack Marketplace,Free,channels:join channels:read chat:write chat:write.public commands groups:read im:history im:read mpim:read team:read users:read,,
https://slack.com/marketplace/A0119SWBD39-klue,Klue & Slack Integration | Slack Marketplace,Paid,app_mentions:read channels:history channels:join channels:read chat:write chat:write.public commands groups:history groups:read im:history links:read links:write mpim:history reactions:read team:read users:read users:read.email,,
https://slack.com/marketplace/A011ARWQVLZ-unicorn-train,Unicorn Train & Slack Integration | Slack Marketplace,Free and paid plans available,channels:history channels:join channels:read chat:write identity.avatar identity.basic identity.email im:history incoming-webhook team:read users:read users:read.email,,
https://slack.com/marketplace/A011B34UHPX-engagewith-kudos-surveys-feedback,"EngageWith Kudos, Surveys, Feedback & Slack Integration | Slack Marketplace",Paid with free trial,channels:join channels:manage channels:read chat:write commands email groups:read im:history openid profile reactions:read team:read usergroups:read users.profile:write users:read users:read.email,,
https://slack.com/marketplace/A011B3BC8MV-sidequest,Sidequest & Slack Integration | Slack Marketplace,Paid with free trial,app_mentions:read channels:history channels:read chat:write chat:write.customize chat:write.public commands groups:history groups:read im:history im:read reactions:read users:read users:read.email workflow.steps:execute,,
https://slack.com/marketplace/A011C0N7QVD-workstory,WorkStory & Slack Integration | Slack Marketplace,Free and paid plans available,app_mentions:read channels:history chat:write commands groups:history im:history mpim:history users:read users:read.email,,
https://slack.com/marketplace/A011CMUC23Z-codesubmit,CodeSubmit & Slack Integration | Slack Marketplace,Paid with free trial,channels:join channels:read chat:write groups:read,,
https://slack.com/marketplace/A011CN2QZJB-configcat-feature-flags,ConfigCat Feature Flags & Slack Integration | Slack Marketplace,Free,incoming-webhook,,
https://slack.com/marketplace/A011CQ8DHCP-appmagic-alerts,AppMagic Alerts & Slack Integration | Slack Marketplace,Free and paid plans available,incoming-webhook,,
https://slack.com/marketplace/A011DLYGD7Y-melting-pot,Melting Pot & Slack Integration | Slack Marketplace,Free,channels:read chat:write chat:write.public commands im:history im:read im:write mpim:read mpim:write users:read users:read.email,,
https://slack.com/marketplace/A011E8B0QDV-eclect-zendesk-integration-for-slack,eclect Zendesk Integration for Slack & Slack Integration | Slack Marketplace,Included with service subscription,app_mentions:read channels:history channels:read chat:write chat:write.customize chat:write.public files:read files:write groups:history groups:read im:history im:read reactions:read users:read users:read.email,,
https://slack.com/marketplace/A011GLEBPF0-starling-bank,Starling Bank & Slack Integration | Slack Marketplace,Free,chat:write groups:read groups:write,,
https://slack.com/marketplace/A011J8D9RQW-york-ie-fuel,York IE Fuel & Slack Integration | Slack Marketplace,Free and paid plans available,channels:read chat:write commands groups:read team:read users:read,,
https://slack.com/marketplace/A011KDRQZNU-tellspin,Tellspin & Slack Integration | Slack Marketplace,Paid with free trial,app_mentions:read channels:read chat:write commands usergroups:read usergroups:write users:read users:read.email,,
https://slack.com/marketplace/A011L3DD802-nailted,Nailted & Slack Integration | Slack Marketplace,Free and paid plans available,channels:join channels:read chat:write groups:read im:write mpim:write team:read users:read users:read.email,,
https://slack.com/marketplace/A011M9SSNR0-super-poll-anonymous-polls,Super Poll - Anonymous Polls & Slack Integration | Slack Marketplace,Paid with free trial,channels:join channels:read chat:write chat:write.customize chat:write.public commands im:write team:read users.profile:read users:read,,
https://slack.com/marketplace/A011MBWQRRB-code-names,Code Names & Slack Integration | Slack Marketplace,Free,chat:write chat:write.customize commands,,
https://slack.com/marketplace/A011MFBJEUU-sentry,Sentry & Slack Integration | Slack Marketplace,Free and paid plans available,app_mentions:read channels:history channels:read chat:write chat:write.customize chat:write.public commands groups:history groups:read im:history im:read links:read links:write reactions:read team:read users:read users:read.email,,
https://slack.com/marketplace/A011RTQ1HNC-artlens-for-slack,ArtLens for Slack & Slack Integration | Slack Marketplace,Free,app_mentions:read channels:read chat:write im:history im:read users:read,,
https://slack.com/marketplace/A011T1DK9AN-1800flowers-smartgift,1800Flowers SmartGift & Slack Integration | Slack Marketplace,Free,app_mentions:read chat:write commands im:history users:read,,
https://slack.com/marketplace/A011TPNQ43A-kakeai,Kakeai & Slack Integration | Slack Marketplace,Free and paid plans available,chat:write im:history im:read im:write users:read,,
https://slack.com/marketplace/A011UREB7DX-huddlai,huddl.ai & Slack Integration | Slack Marketplace,Free,commands,,
https://slack.com/marketplace/A011VEVQQTD-netumo,Netumo & Slack Integration | Slack Marketplace,Free,chat:write chat:write.public commands,,
https://slack.com/marketplace/A011WPCLBJA-needlesh,Needle.sh & Slack Integration | Slack Marketplace,Free and paid plans available,channels:join channels:read chat:write,,
https://slack.com/marketplace/A011X8MH4QN-epson-printer,Epson Printer & Slack Integration | Slack Marketplace,Free,app_mentions:read channels:manage chat:write files:read im:history im:read im:write users:read,,
https://slack.com/marketplace/A011X924ZK2-peoplecues,PeopleCues & Slack Integration | Slack Marketplace,Paid,channels:read chat:write commands dnd:read im:history users.profile:read users:read users:read.email,,
https://slack.com/marketplace/A011YB2V51D-noora,Noora & Slack Integration | Slack Marketplace,Paid with free trial,incoming-webhook,,
https://slack.com/marketplace/A011Z62RYR5-isdown,IsDown & Slack Integration | Slack Marketplace,Paid with free trial,commands incoming-webhook,,
https://slack.com/marketplace/A011ZGW894Z-flyle,flyle & Slack Integration | Slack Marketplace,Free,channels:join channels:read chat:write chat:write.public commands files:read groups:read users:read users:read.email,,
https://slack.com/marketplace/A01218FR7N2-rq-report,RQ Report & Slack Integration | Slack Marketplace,Free,channels:read chat:write files:write groups:read im:read mpim:read team:read users:read,,
https://slack.com/marketplace/A0121HXPPTQ-the-new-york-times,The New York Times & Slack Integration | Slack Marketplace,Free,app_mentions:read channels:read commands links:read links:write,,
https://slack.com/marketplace/A01221P9677-meetarapp,meetar.app & Slack Integration | Slack Marketplace,Free and paid plans available,chat:write im:history im:write reactions:write users.profile:read users:read users:read.email,,
https://slack.com/marketplace/A0123HLGY1G-status-list,Status List & Slack Integration | Slack Marketplace,Paid with free trial,channels:join channels:read chat:write groups:read,,
https://slack.com/marketplace/A0124QGS9CY-thinkingtime,ThinkingTime & Slack Integration | Slack Marketplace,Free,channels:read chat:write chat:write.public commands groups:read,,
https://slack.com/marketplace/A0125AXHXDL-crayon,Crayon & Slack Integration | Slack Marketplace,Paid,channels:history channels:join channels:read chat:write commands files:read groups:history groups:read im:history mpim:read users:read users:read.email,,
https://slack.com/marketplace/A0125UHFV9A-ethena,Ethena & Slack Integration | Slack Marketplace,Paid,app_mentions:read chat:write chat:write.customize im:history users:read users:read.email,,
https://slack.com/marketplace/A0126CD0VD2-referrals-by-deel,Referrals ⚡ by Deel & Slack Integration | Slack Marketplace,Paid with free trial,app_mentions:read chat:write chat:write.customize chat:write.public commands files:read files:write im:history im:write team:read users.profile:read users:read users:read.email,,
https://slack.com/marketplace/A0126UXP030-pinboard,Pinboard & Slack Integration | Slack Marketplace,Free,commands,,
https://slack.com/marketplace/A0128AWPC5B-torus,Torus+ & Slack Integration | Slack Marketplace,Free,channels:history channels:read chat:write identity.basic im:history team:read users:read users:read.email,,
https://slack.com/marketplace/A012B9W1JHY-vivun-for-slack,Vivun for Slack & Slack Integration | Slack Marketplace,Paid,chat:write commands im:history,,
https://slack.com/marketplace/A012E0SLPQU-usersnap-platform,Usersnap Platform & Slack Integration | Slack Marketplace,Paid with free trial,channels:read chat:write chat:write.public groups:read im:read users:read,,
https://slack.com/marketplace/A012E24MNGG-jam,Jam & Slack Integration | Slack Marketplace,Free and paid plans available,channels:read chat:write files:write groups:read im:read links.embed:write links:read links:write mpim:read users:read,,
https://slack.com/marketplace/A012EKF4QJE-short-break-from-work,Short Break From Work & Slack Integration | Slack Marketplace,Paid with free trial,app_mentions:read channels:read chat:write chat:write.public commands im:history mpim:write users:read users:read.email,,
https://slack.com/marketplace/A012F61PX17-peopleforce,PeopleForce & Slack Integration | Slack Marketplace,Included with service subscription,channels:read chat:write chat:write.public commands groups:read im:history incoming-webhook users:read users:read.email,,
https://slack.com/marketplace/A012FK9H97V-rootly,Rootly & Slack Integration | Slack Marketplace,Paid with free trial,admin.conversations:write app_mentions:read assistant:write bookmarks:write canvases:read canvases:write channels:history channels:manage channels:read channels:write chat:write chat:write.public commands conversations.connect:write email files:read files:write groups:history groups:read groups:write im:history links:read links:write mpim:read openid pins:read pins:write profile reactions:read reactions:write usergroups:read usergroups:write users.profile:read users:read users:read.email,,
https://slack.com/marketplace/A012NLWQYB1-gasparai,Gaspar.AI & Slack Integration | Slack Marketplace,Paid with free trial,app_mentions:read channels:history channels:read chat:write commands files:read groups:history groups:read im:history im:read mpim:read reactions:read reactions:write team:read users:read users:read.email,,
https://slack.com/marketplace/A012RBJE3RC-dopo,Dopo & Slack Integration | Slack Marketplace,Free and paid plans available,app_mentions:read channels:read chat:write commands groups:read im:history im:read im:write mpim:read users:read,,
https://slack.com/marketplace/A012T9P9VQF-trivia-games-birthday-watercooler,"Trivia Games, Birthday, Watercooler & Slack Integration | Slack Marketplace",Free and paid plans available,app_mentions:read channels:history channels:join channels:read chat:write chat:write.customize chat:write.public commands email groups:history groups:read im:history mpim:history mpim:read mpim:write openid profile reactions:write team:read users:read users:read.email,,
https://slack.com/marketplace/A012U6K6HU0-osmos,Osmos & Slack Integration | Slack Marketplace,Paid,channels:read chat:write chat:write.customize chat:write.public,,
https://slack.com/marketplace/A012WQ8982F-surveys,Surveys & Slack Integration | Slack Marketplace,Free and paid plans available,app_mentions:read channels:join channels:read chat:write chat:write.public commands files:write groups:read identify identity.basic identity.team im:history im:read mpim:read team:read users:read,identify,
https://slack.com/marketplace/A012X57B3N1-colla,Colla & Slack Integration | Slack Marketplace,Paid,app_mentions:read channels:join channels:read chat:write chat:write.public commands emoji:read files:read im:history im:write openid reactions:read reactions:write team:read users:read users:read.email,,
https://slack.com/marketplace/A012YULT8H4-rattle,Rattle & Slack Integration | Slack Marketplace,Paid with free trial,bookmarks:write canvases:read canvases:write channels:history channels:join channels:manage channels:read chat:write chat:write.customize chat:write.public commands files:read files:write groups:history groups:read groups:write im:history im:read im:write mpim:history mpim:read mpim:write reactions:read users:read users:read.email,,
https://slack.com/marketplace/A0130HJ89UL-mindwave,Mindwave & Slack Integration | Slack Marketplace,Free,chat:write commands im:history users:read,,
https://slack.com/marketplace/A0133KXMHNE-superhuman-docs,Superhuman Docs & Slack Integration | Slack Marketplace,Free and paid plans available,channels:read chat:write commands groups:read im:read links:read links:write mpim:read users:read users:read.email,,
https://slack.com/marketplace/A0133UTFXHP-empuls-employee-recognition,Empuls: Employee Recognition & Slack Integration | Slack Marketplace,Paid with free trial,app_mentions:read channels:read chat:write chat:write.public commands email im:history im:read incoming-webhook openid profile users:read users:read.email,,
https://slack.com/marketplace/A013AM33ADB-spotbot,SpotBot & Slack Integration | Slack Marketplace,Free and paid plans available,app_mentions:read channels:read chat:write chat:write.public commands dnd:read groups:read im:history im:read im:write mpim:history mpim:read mpim:write reactions:read team:read users:read,,
https://slack.com/marketplace/A013ARZPJRZ-oracle-cx-sales-service,Oracle CX Sales & Service & Slack Integration | Slack Marketplace,Paid,bot channels:history channels:read chat:write:bot commands dnd:read emoji:read files:read files:write:user groups:history groups:read im:history im:read im:write mpim:history mpim:read mpim:write pins:read pins:write reactions:read reactions:write rtm:stream stars:read stars:write team:read usergroups:read users:read users:read.email users:write,bot,classic
https://slack.com/marketplace/A013AUF6VMG-fox-news,Fox News & Slack Integration | Slack Marketplace,Free,chat:write commands,,
https://slack.com/marketplace/A013D24LZAR-valotalive-digital-signage,Valotalive Digital Signage & Slack Integration | Slack Marketplace,Paid with free trial,channels:history channels:read chat:write emoji:read files:read groups:history groups:read users:read,,
https://slack.com/marketplace/A013F0T50BG-sonrai-tickets,Sonrai Tickets & Slack Integration | Slack Marketplace,Paid,channels:read chat:write chat:write.public,,
https://slack.com/marketplace/A013JG73CVD-torq,Torq & Slack Integration | Slack Marketplace,Paid with free trial,app_mentions:read channels:join channels:manage channels:read chat:write chat:write.customize chat:write.public commands files:read files:write groups:read groups:write im:history mpim:history mpim:read mpim:write reactions:read reactions:write usergroups:read usergroups:write users:read users:read.email,,
https://slack.com/marketplace/A013MA8V7F1-sprint-bot,Sprint Bot & Slack Integration | Slack Marketplace,Free,channels:read chat:write chat:write.customize chat:write.public im:history im:read im:write team:read users:read users:read.email,,
https://slack.com/marketplace/A013P2X3SM7-oreilly-answers,O'Reilly Answers & Slack Integration | Slack Marketplace,Paid,chat:write chat:write.public commands,,
https://slack.com/marketplace/A013Q3ZFHGA-beekeeper,Beekeeper & Slack Integration | Slack Marketplace,Paid with free trial,channels:history channels:join channels:read chat:write chat:write.customize chat:write.public commands incoming-webhook users.profile:read,,
https://slack.com/marketplace/A013S0MDY2J-maze,Maze & Slack Integration | Slack Marketplace,Free,channels:read chat:write chat:write.public team:read,,
https://slack.com/marketplace/A013SKE8SHZ-roll-dice,Roll Dice & Slack Integration | Slack Marketplace,Free,commands,,
https://slack.com/marketplace/A013W2FGDBL-collavate,Collavate & Slack Integration | Slack Marketplace,Free and paid plans available,chat:write im:history users:read users:read.email,,
https://slack.com/marketplace/A013Z6Q5F8X-translate-channels,Translate Channels & Slack Integration | Slack Marketplace,Paid with free trial,channels:history channels:read chat:write commands groups:history groups:read users:read,,
https://slack.com/marketplace/A0142U9UPM5-ramp,Ramp & Slack Integration | Slack Marketplace,Paid,app_mentions:read bookmarks:read canvases:write channels:history channels:manage channels:read channels:write channels:write.invites chat:write chat:write.public commands emoji:read files:read files:write groups:history groups:read groups:write groups:write.invites im:history im:read im:write lists:read mpim:history mpim:read pins:read reactions:read reactions:write reminders:write search:read.files search:read.im search:read.mpim search:read.private search:read.public search:read.users usergroups:read users.profile:read users:read users:read.email,,
https://slack.com/marketplace/A0143JRQ8G4-leapsome,Leapsome & Slack Integration | Slack Marketplace,Paid with free trial,channels:read chat:write chat:write.public commands groups:read im:history incoming-webhook users.profile:read users.profile:write users:read users:read.email,,
https://slack.com/marketplace/A0144HB2RH6-awardco,Awardco & Slack Integration | Slack Marketplace,Included with service subscription,channels:read chat:write chat:write.public commands links.embed:write links:read team:read users:read users:read.email,,
https://slack.com/marketplace/A01451APF37-talent-pool-and-alerts-by-100hires,Talent pool and alerts by 100Hires & Slack Integration | Slack Marketplace,Free and paid plans available,channels:join chat:write incoming-webhook users:read users:read.email,,
https://slack.com/marketplace/A01455TGGMS-teamspective,Teamspective & Slack Integration | Slack Marketplace,Paid with free trial,assistant:write channels:read chat:write chat:write.customize chat:write.public commands email groups:history groups:read groups:write im:history im:read im:write openid profile team:read users:read users:read.email users:write,,
https://slack.com/marketplace/A0146KZJJUQ-jupiterone,JupiterOne & Slack Integration | Slack Marketplace,Free,channels:read chat:write chat:write.public users:read users:read.email,,
https://slack.com/marketplace/A0149KPB7D1-octonius,Octonius & Slack Integration | Slack Marketplace,Paid with free trial,commands incoming-webhook,,
https://slack.com/marketplace/A014HSW2QJG-happytrack,HappyTrack & Slack Integration | Slack Marketplace,Free,channels:read chat:write commands identity.basic identity.team im:history im:read im:write users:read,,
https://slack.com/marketplace/A014K9EPALX-jamespot,Jamespot & Slack Integration | Slack Marketplace,Free,channels:read chat:write chat:write.public,,
https://slack.com/marketplace/A014LTQVA4E-pathwork,PATHWORK & Slack Integration | Slack Marketplace,Free and paid plans available,channels:read chat:write commands im:history users:read,,
https://slack.com/marketplace/A014Q5ZN695-crowdpower,CrowdPower & Slack Integration | Slack Marketplace,Free and paid plans available,channels:read chat:write chat:write.public groups:read,,
https://slack.com/marketplace/A014SEAGFBM-vantage-circle,Vantage Circle & Slack Integration | Slack Marketplace,Paid,chat:write im:history incoming-webhook users:read users:read.email,,
https://slack.com/marketplace/A014TEF7TB5-markup-hero-screenshot-annotate,Markup Hero - Screenshot & Annotate & Slack Integration | Slack Marketplace,Free,channels:read commands files:read groups:read im:read mpim:read,,
https://slack.com/marketplace/A0151DE1RKL-beautifulai,Beautiful.ai & Slack Integration | Slack Marketplace,Paid with free trial,chat:write im:history im:read im:write,,
https://slack.com/marketplace/A0154CUC0RY-paperboy,paperboy & Slack Integration | Slack Marketplace,Free and paid plans available,app_mentions:read channels:join channels:read chat:write commands files:read files:write im:history reactions:read users:read,,
https://slack.com/marketplace/A0154MP9YCU-basedash,Basedash & Slack Integration | Slack Marketplace,Paid with free trial,app_mentions:read channels:history channels:read chat:write chat:write.customize chat:write.public files:read groups:history groups:read users:read users:read.email,,
https://slack.com/marketplace/A0154T8RLHJ-rollcall,Rollcall & Slack Integration | Slack Marketplace,Paid with free trial,channels:manage channels:read chat:write chat:write.customize chat:write.public im:write team:read users:read users:read.email,,
https://slack.com/marketplace/A0155CVUWLE-ariglad,Ariglad & Slack Integration | Slack Marketplace,Paid,channels:history channels:join channels:manage channels:read chat:write email groups:history groups:read im:history im:read openid profile users:read,,
https://slack.com/marketplace/A0155QQ78QJ-trello-dashcards,Trello Dashcards & Slack Integration | Slack Marketplace,Free and paid plans available,incoming-webhook,,
https://slack.com/marketplace/A0157TUAFA9-subops,SubOps & Slack Integration | Slack Marketplace,Paid with free trial,admin channels:read chat:write commands groups:read groups:write identity.basic team:read users:read users:read.email,,
https://slack.com/marketplace/A0159VBFRSL-sympathy,Sympathy & Slack Integration | Slack Marketplace,Free,chat:write commands team:read users:read users:read.email,,
https://slack.com/marketplace/A015BPHQ85P-jira-reminders,Jira Reminders & Slack Integration | Slack Marketplace,Free,chat:write chat:write.public commands identity.basic identity.email im:history links:read links:write users:read users:read.email,,
https://slack.com/marketplace/A015CNN5Z4Y-freshworks,Freshworks & Slack Integration | Slack Marketplace,Paid with free trial,channels:history channels:read chat:write groups:history groups:read groups:write users:read users:read.email,,
https://slack.com/marketplace/A015CT129S5-vorbee,Vorbee & Slack Integration | Slack Marketplace,Paid with free trial,app_mentions:read channels:history channels:read chat:write email groups:history groups:read im:history im:read mpim:history mpim:read openid profile reactions:read users:read,,
https://slack.com/marketplace/A015EAEATQE-today,Today> & Slack Integration | Slack Marketplace,Free,channels:read chat:write commands im:history im:write users:read users:read.email,,
https://slack.com/marketplace/A015F8MGBKN-coinmarketrank,CoinMarketRank & Slack Integration | Slack Marketplace,Free,commands,,
https://slack.com/marketplace/A015G1VMMLK-simple-ops-performance-monitoring,Simple Ops - Performance Monitoring & Slack Integration | Slack Marketplace,Free and paid plans available,incoming-webhook,,
https://slack.com/marketplace/A015J9M2X97-teamdeck-for-slack,Teamdeck for Slack & Slack Integration | Slack Marketplace,Paid with free trial,channels:history channels:read chat:write chat:write.public commands groups:history groups:read im:history im:write mpim:history team:read users:read users:read.email,,
https://slack.com/marketplace/A015K1375NG-exterro,Exterro & Slack Integration | Slack Marketplace,Paid,admin.legal_holds:read admin.legal_holds:write auditlogs:read discovery:read,,
https://slack.com/marketplace/A015LC4TT6V-docontrol,DoControl & Slack Integration | Slack Marketplace,Paid,channels:join channels:manage channels:read chat:write chat:write.public conversations.connect:manage files:read files:write groups:read team:read users.profile:read users:read users:read.email,,
https://slack.com/marketplace/A015M1TQD16-zoho-mail,Zoho Mail & Slack Integration | Slack Marketplace,Paid,channels:read channels:write chat:write commands groups:read,,
https://slack.com/marketplace/A015MQ1RJA1-approved,Approved & Slack Integration | Slack Marketplace,Free and paid plans available,channels:manage chat:write chat:write.public commands groups:write identity.basic identity.team im:history im:write team:read users:read users:read.email,,
https://slack.com/marketplace/A015Q5R7AP5-flowtrace,Flowtrace & Slack Integration | Slack Marketplace,Free and paid plans available,channels:history channels:join channels:manage channels:read chat:write chat:write.customize chat:write.public commands email groups:history groups:read openid profile reactions:read users:read users:read.email,,
https://slack.com/marketplace/A015QLGC9D5-clink,Clink & Slack Integration | Slack Marketplace,Free,channels:read chat:write chat:write.public commands groups:read im:read mpim:read users.profile:read,,
https://slack.com/marketplace/A015UHNUHGV-gong,Gong & Slack Integration | Slack Marketplace,Paid with free trial,channels:read chat:write chat:write.public groups:read groups:write im:history links:read links:write reactions:read reactions:write users:read users:read.email,,
https://slack.com/marketplace/A015WLDJK54-hexowatchbot,HexowatchBot & Slack Integration | Slack Marketplace,Free and paid plans available,incoming-webhook,,
https://slack.com/marketplace/A015XTNQ1LY-spekit,Spekit & Slack Integration | Slack Marketplace,Paid,channels:read chat:write commands im:history team:read users:read users:read.email,,
https://slack.com/marketplace/A015YGH8YMB-momentum,Momentum & Slack Integration | Slack Marketplace,Paid with free trial,app_mentions:read channels:history channels:join channels:manage channels:read chat:write chat:write.customize commands files:read files:write groups:history groups:read groups:write im:history im:read im:write mpim:history mpim:read mpim:write pins:write reactions:read reactions:write users:read users:read.email,,
https://slack.com/marketplace/A0160BWBX9V-culture-cloud,Culture Cloud & Slack Integration | Slack Marketplace,Included with service subscription,app_mentions:read channels:join channels:read chat:write commands groups:read im:history users:read,,
https://slack.com/marketplace/A0160DVCWQL-phrase,Phrase & Slack Integration | Slack Marketplace,Free and paid plans available,incoming-webhook,,
https://slack.com/marketplace/A0162QE8600-openpoll,OpenPoll & Slack Integration | Slack Marketplace,Free,chat:write chat:write.public commands,,
https://slack.com/marketplace/A0165295DFE-typelane,Typelane & Slack Integration | Slack Marketplace,Paid with free trial,chat:write team:read users:read users:read.email,,
https://slack.com/marketplace/A0166HRL7E3-vidyard,Vidyard & Slack Integration | Slack Marketplace,Free and paid plans available,chat:write commands team:read users:read,,
https://slack.com/marketplace/A016F8SM2UQ-alvis,Alvis & Slack Integration | Slack Marketplace,Paid with free trial,channels:read chat:write chat:write.public groups:read im:read users:read,,
https://slack.com/marketplace/A016FPJ6XH6-foqal-agent,Foqal Agent & Slack Integration | Slack Marketplace,Paid with free trial,app_mentions:read channels:history channels:join channels:manage channels:read chat:write chat:write.customize commands conversations.connect:write email files:read files:write groups:history groups:read groups:write im:history im:read im:write mpim:history mpim:read mpim:write openid profile reactions:read reactions:write remote_files:write team:read usergroups:read users:read users:read.email,,
https://slack.com/marketplace/A016HDS0G0G-moodmagic,MoodMagic & Slack Integration | Slack Marketplace,Free,chat:write commands users.profile:read,,
https://slack.com/marketplace/A016Q5S1L59-clicktime,ClickTime & Slack Integration | Slack Marketplace,Paid with free trial,chat:write commands im:history incoming-webhook users.profile:write users:read,,
https://slack.com/marketplace/A016R2LAM1N-woolfie,Woolfie & Slack Integration | Slack Marketplace,Free and paid plans available,chat:write chat:write.public commands,,
https://slack.com/marketplace/A016S7N3QSJ-feedbaxley,FeedBaxley & Slack Integration | Slack Marketplace,Free and paid plans available,incoming-webhook,,
https://slack.com/marketplace/A016SDK3JTE-zoho-assist,Zoho Assist & Slack Integration | Slack Marketplace,Paid with free trial,chat:write commands,,
https://slack.com/marketplace/A016SU90DSN-pact,Pact & Slack Integration | Slack Marketplace,Free and paid plans available,channels:history channels:read chat:write chat:write.public commands email im:history im:write mpim:history mpim:write openid profile users.profile:read users:read users:read.email,,
https://slack.com/marketplace/A016UH35H8D-mentionlytics,Mentionlytics & Slack Integration | Slack Marketplace,Paid with free trial,channels:join chat:write incoming-webhook,,
https://slack.com/marketplace/A016X0AT6QL-n8ncloud,n8n.cloud & Slack Integration | Slack Marketplace,Paid with free trial,app_configurations:read app_configurations:write channels:history channels:read channels:write chat:write files:read files:write groups:history groups:read groups:write im:history im:read managed_apps:install mpim:history mpim:read reactions:read reactions:write search:read search:read.im search:read.mpim search:read.private search:read.public stars:read stars:write usergroups:read usergroups:write users.profile:read users.profile:write users:read users:read.email,,
https://slack.com/marketplace/A01705SL36K-karte-talk,KARTE TALK & Slack Integration | Slack Marketplace,Paid,channels:history chat:write chat:write.customize groups:history,,
https://slack.com/marketplace/A01734836JY-asana,Asana & Slack Integration | Slack Marketplace,Free and paid plans available,app_mentions:read assistant:write canvases:read canvases:write channels:history channels:read chat:write chat:write.customize chat:write.public commands files:read groups:history groups:read im:history links:read links:write mpim:history reactions:read reactions:write search:read.files search:read.im search:read.mpim search:read.private search:read.public search:read.users team:read users:read users:read.email,,
https://slack.com/marketplace/A0176L7P0RE-package-tracker,Package Tracker & Slack Integration | Slack Marketplace,Free and paid plans available,channels:join chat:write commands incoming-webhook users:read users:read.email,,
https://slack.com/marketplace/A017EE7DL3S-zonka-feedback,Zonka Feedback & Slack Integration | Slack Marketplace,Paid with free trial,channels:read chat:write chat:write.public groups:read im:history users:read users:write,,
https://slack.com/marketplace/A017HKPJFJQ-hyve,Hyve & Slack Integration | Slack Marketplace,Free,bookmarks:read bookmarks:write channels:join channels:manage channels:read chat:write groups:read groups:write im:write team:read users:read users:read.email,,
https://slack.com/marketplace/A017HR72XLL-appomni,AppOmni & Slack Integration | Slack Marketplace,Paid,admin admin.apps:read admin.invites:read admin.teams:read admin.usergroups:read admin.users:read auditlogs:read calls:read files:read team:read usergroups:read users.profile:read users:read users:read.email,,
https://slack.com/marketplace/A017KCUP2DV-paser,Paser & Slack Integration | Slack Marketplace,Free and paid plans available,chat:write commands im:history users:read users:read.email,,
https://slack.com/marketplace/A017L5JN1GA-good4work-beta,Good4Work (beta) & Slack Integration | Slack Marketplace,Paid with free trial,app_mentions:read channels:read chat:write commands groups:read im:history users:read users:read.email,,
https://slack.com/marketplace/A017MJ9UREW-docusign,Docusign & Slack Integration | Slack Marketplace,Free and paid plans available,chat:write commands identity.basic im:history mcp:connect users:read,,
https://slack.com/marketplace/A017MMN0TF0-adobe-status,Adobe Status & Slack Integration | Slack Marketplace,Free,channels:read groups:read incoming-webhook,,
https://slack.com/marketplace/A017N2XAZ88-harmonicai,Harmonic.ai & Slack Integration | Slack Marketplace,Included with service subscription,incoming-webhook,,
https://slack.com/marketplace/A017SAL9MC5-trainual,Trainual & Slack Integration | Slack Marketplace,Paid with free trial,channels:read chat:write chat:write.public commands groups:read im:history im:read im:write mpim:read users:read users:read.email,,
https://slack.com/marketplace/A017XTXHF8R-rewatch,Rewatch & Slack Integration | Slack Marketplace,Free and paid plans available,channels:read chat:write chat:write.public commands files:read groups:read links.embed:write links:read links:write users:read users:read.email,,
https://slack.com/marketplace/A017YN7CW67-ruddr,Ruddr & Slack Integration | Slack Marketplace,Free and paid plans available,channels:join channels:read chat:write commands groups:read im:history im:write team:read users:read,,
https://slack.com/marketplace/A017ZU5FT3R-high-five,High Five & Slack Integration | Slack Marketplace,Paid with free trial,app_mentions:read channels:history channels:join chat:write commands im:history im:write,,
https://slack.com/marketplace/A0181502GAX-monte-carlo,Monte Carlo & Slack Integration | Slack Marketplace,Paid,channels:history channels:join channels:read channels:write.invites chat:write groups:history im:write reactions:read usergroups:read users.profile:read users:read users:read.email,,
https://slack.com/marketplace/A0186CA8FRP-mymowo,MyMOWO & Slack Integration | Slack Marketplace,Paid with free trial,channels:read chat:write chat:write.customize chat:write.public groups:read im:history im:write team:read users:read users:read.email,,
https://slack.com/marketplace/A0187LHV5QC-digest,Digest & Slack Integration | Slack Marketplace,Free,incoming-webhook,,
https://slack.com/marketplace/A01887MMHC5-theta-lake-for-slack,Theta Lake for Slack & Slack Integration | Slack Marketplace,Paid,auditlogs:read chat:write discovery:read discovery:write emoji:read,,
https://slack.com/marketplace/A01887Z7XFD-howamigoing,Howamigoing & Slack Integration | Slack Marketplace,Paid with free trial,chat:write identity.avatar identity.basic identity.email identity.team im:write users:read users:read.email,,
https://slack.com/marketplace/A018AC1T8HL-superquickquestion,SuperQuickQuestion & Slack Integration | Slack Marketplace,Free,app_mentions:read chat:write commands users:read,,
https://slack.com/marketplace/A018CHFR404-welcome,Welcome & Slack Integration | Slack Marketplace,Free,channels:read chat:write chat:write.public groups:read,,
https://slack.com/marketplace/A018GHUFKHC-let-them-eat-cake,Let Them Eat Cake & Slack Integration | Slack Marketplace,Paid with free trial,app_mentions:read channels:history channels:read chat:write groups:history groups:read identity.avatar identity.basic identity.email identity.team im:history im:read im:write mpim:history reactions:read team:read users:read,,
https://slack.com/marketplace/A018H2Z4HQE-teamhood,Teamhood & Slack Integration | Slack Marketplace,Free,chat:write im:history im:read im:write links:read links:write users.profile:read,,
https://slack.com/marketplace/A018HK8FDB5-channel-tools,Channel Tools & Slack Integration | Slack Marketplace,Free,channels:manage channels:read chat:write commands groups:read groups:write im:history team:read users:read users:read.email workflow.steps:execute,,
https://slack.com/marketplace/A018HKKQTTR-superlist,Superlist & Slack Integration | Slack Marketplace,Free and paid plans available,chat:write commands files:read links:read links:write users:read,,
https://slack.com/marketplace/A018JHQSHRR-nifty,Nifty & Slack Integration | Slack Marketplace,Free and paid plans available,channels:join channels:read chat:write commands groups:read users:read,,
https://slack.com/marketplace/A018LF7GJF4-gem,Gem & Slack Integration | Slack Marketplace,Paid,channels:read chat:write groups:read im:history links:read links:write users:read users:read.email,,
https://slack.com/marketplace/A018M9PHM6D-voxloud,Voxloud & Slack Integration | Slack Marketplace,Paid with free trial,channels:read chat:write chat:write.public groups:read users:read,,
https://slack.com/marketplace/A018QN0KF53-ticktick,TickTick & Slack Integration | Slack Marketplace,Free and paid plans available,chat:write commands,,
https://slack.com/marketplace/A018QPAC6Q5-catchup,catchup & Slack Integration | Slack Marketplace,Free and paid plans available,channels:read chat:write chat:write.public groups:read im:write mpim:write openid team:read users:read,,
https://slack.com/marketplace/A018QU4F7S7-stack-internal,Stack Internal & Slack Integration | Slack Marketplace,Free and paid plans available,app_mentions:read channels:join channels:read chat:write commands groups:read im:history links:read links:write team:read users:read users:read.email,,
https://slack.com/marketplace/A018RKTRY8P-officely-desk-booking,Officely - Desk Booking & Slack Integration | Slack Marketplace,Free and paid plans available,channels:join channels:read chat:write chat:write.public commands email files:read files:write groups:read groups:write im:history im:write links.embed:write links:read openid profile team:read usergroups:read users.profile:read users.profile:write users:read users:read.email,,
https://slack.com/marketplace/A018YMCU333-three-good,Three Good & Slack Integration | Slack Marketplace,Paid with free trial,app_mentions:read channels:read chat:write im:history im:read im:write incoming-webhook mpim:history mpim:read reactions:read team:read users:read users:read.email users:write,,
https://slack.com/marketplace/A018ZSE3P5Y-beamery-grow,Beamery Grow & Slack Integration | Slack Marketplace,Paid,app_mentions:read chat:write im:read im:write links:read links:write team:read users:read users:read.email,,
https://slack.com/marketplace/A0190B55KLM-seismic-learning,Seismic Learning & Slack Integration | Slack Marketplace,Paid,chat:write commands,,
https://slack.com/marketplace/A01911AC8AE-ipvideotalk,IPVideoTalk & Slack Integration | Slack Marketplace,Free,commands,,
https://slack.com/marketplace/A01973CLY85-coefficient-slack-for-sheets,Coefficient: Slack for Sheets & Slack Integration | Slack Marketplace,Paid with free trial,channels:join channels:read chat:write groups:read im:read im:write links:read links:write mpim:write team:read users:read users:read.email,,
https://slack.com/marketplace/A0198B1DXJT-telus-business-connect,TELUS Business Connect & Slack Integration | Slack Marketplace,Free,calls:write commands users:read,,
https://slack.com/marketplace/A0198TU0L65-timely,Timely & Slack Integration | Slack Marketplace,Free and paid plans available,app_mentions:read channels:history channels:read chat:write groups:history groups:read mpim:history mpim:read users:read users:read.email,,
https://slack.com/marketplace/A0199054YMQ-jeli,Jeli & Slack Integration | Slack Marketplace,Free and paid plans available,bookmarks:read bookmarks:write channels:history channels:join channels:manage channels:read chat:write commands email emoji:read files:read groups:history groups:read groups:write im:history links:read links:write openid profile reactions:read reactions:write usergroups:read users:read users:read.email,,
https://slack.com/marketplace/A0199HBC542-lucidspark,Lucidspark & Slack Integration | Slack Marketplace,Free and paid plans available,channels:read chat:write chat:write.customize chat:write.public commands files:write groups:read im:history im:write links:read links:write mcp:connect remote_files:write team:read users:read users:read.email,,
https://slack.com/marketplace/A019A9DQD39-rotation-shifts-rosters-rosterbird,"Rotation, Shifts & Rosters - RosterBird & Slack Integration | Slack Marketplace",Paid with free trial,channels:manage channels:read chat:write chat:write.customize chat:write.public commands groups:read groups:write im:history openid team:read usergroups:read usergroups:write users:read users:read.email,,
https://slack.com/marketplace/A019CQLK404-hubstaff,Hubstaff & Slack Integration | Slack Marketplace,Free and paid plans available,channels:read chat:write chat:write.public groups:read im:write users:read users:read.email,,
https://slack.com/marketplace/A019G2YUVKR-hyperproof,Hyperproof & Slack Integration | Slack Marketplace,Paid with free trial,channels:history channels:join channels:read chat:write chat:write.public im:history im:read im:write users:read users:read.email,,
https://slack.com/marketplace/A019GNVHYSV-kayak-for-business,KAYAK for Business & Slack Integration | Slack Marketplace,Free,chat:write im:write users:read users:read.email,,
https://slack.com/marketplace/A019JC1676V-growsurf,GrowSurf & Slack Integration | Slack Marketplace,Paid with free trial,channels:read chat:write chat:write.public groups:read,,
https://slack.com/marketplace/A019K3EU5AM-dailystory,DailyStory & Slack Integration | Slack Marketplace,Paid with free trial,channels:read chat:write chat:write.public,,
https://slack.com/marketplace/A019MGGA2Q1-caf-for-remote-and-hybrid-teams,Café for Remote and Hybrid teams & Slack Integration | Slack Marketplace,Free and paid plans available,channels:manage channels:read channels:write chat:write chat:write.customize im:write mpim:write team:read usergroups:read usergroups:write users.profile:write users:read users:read.email,,
https://slack.com/marketplace/A019NQ059HU-nozbe,Nozbe & Slack Integration | Slack Marketplace,Free and paid plans available,chat:write commands files:read links:read links:write users:read users:read.email,,
https://slack.com/marketplace/A019UQJ6W5S-ip2proxy,IP2Proxy & Slack Integration | Slack Marketplace,Free,commands,,
https://slack.com/marketplace/A019V6SLCTY-visualping-website-change-alerts,Visualping Website Change Alerts & Slack Integration | Slack Marketplace,Free and paid plans available,channels:read chat:write chat:write.public groups:read,,
https://slack.com/marketplace/A019V8JUJ9X-whocan,Whocan & Slack Integration | Slack Marketplace,Free,app_mentions:read channels:history channels:join channels:read chat:write commands dnd:read groups:history groups:write im:history im:write mpim:history mpim:read mpim:write reactions:read reactions:write team:read users.profile:read users:read users:read.email,,
https://slack.com/marketplace/A01A18SMWCC-allybot,AllyBot & Slack Integration | Slack Marketplace,Paid with free trial,channels:history channels:join channels:manage channels:read chat:write groups:history groups:read identity.basic im:history im:read im:write mpim:history mpim:read users:read users:read.email,,
https://slack.com/marketplace/A01A35CS7TR-haekka-security-awareness-training,Haekka Security Awareness Training & Slack Integration | Slack Marketplace,Free and paid plans available,channels:read chat:write commands email files:read files:write groups:read im:history im:read mpim:read openid profile reactions:read team:read usergroups:read users:read users:read.email,,
https://slack.com/marketplace/A01A5EKKFT9-thanks,Thanks & Slack Integration | Slack Marketplace,Paid with free trial,channels:read chat:write chat:write.public commands identity.basic im:history im:write users:read users:read.email,,
https://slack.com/marketplace/A01AMKGE7C5-red-deer-connected-surveillance,Red Deer Connected Surveillance & Slack Integration | Slack Marketplace,Free,discovery:read,,
https://slack.com/marketplace/A01AT413MMZ-culturemonkey,CultureMonkey & Slack Integration | Slack Marketplace,Included with service subscription,chat:write chat:write.public users:read users:read.email,,
https://slack.com/marketplace/A01AZ8UNTCG-lindy,Lindy & Slack Integration | Slack Marketplace,Free and paid plans available,chat:write commands email im:history links:read links:write openid profile users.profile:read users:read,,
https://slack.com/marketplace/A01B07MDKSB-staging,Staging & Slack Integration | Slack Marketplace,Free and paid plans available,channels:read chat:write commands groups:read,,
https://slack.com/marketplace/A01BCR0D1HC-bookipi-invoice,Bookipi Invoice & Slack Integration | Slack Marketplace,Free,incoming-webhook,,
https://slack.com/marketplace/A01BEF8G1PZ-approveit,Approveit & Slack Integration | Slack Marketplace,Free and paid plans available,app_mentions:read assistant:write bookmarks:read channels:read chat:write chat:write.public commands email files:read files:write groups:read im:history im:read im:write openid profile users:read users:read.email,,
https://slack.com/marketplace/A01BKT2DQTD-doozy,Doozy & Slack Integration | Slack Marketplace,Paid with free trial,app_mentions:read channels:manage channels:read channels:write.invites chat:write chat:write.customize chat:write.public commands email groups:read groups:write groups:write.invites mpim:read mpim:write openid profile team:read users.profile:read users:read users:read.email,,
https://slack.com/marketplace/A01BP7R4KNY-github,GitHub & Slack Integration | Slack Marketplace,Free and paid plans available,app_mentions:read assistant:write channels:history channels:read chat:write chat:write.public code_channels:manage commands files:read files:write groups:history groups:read im:history im:read links:read links:write mpim:history mpim:read reactions:read reactions:write team:read users:read,,
https://slack.com/marketplace/A01BPF0282G-trellix-ivx-cloud-slack-enterprise,Trellix IVX Cloud Slack Enterprise & Slack Integration | Slack Marketplace,Paid with free trial,chat:write discovery:read discovery:write,,
https://slack.com/marketplace/A01BWMZT41Y-perk,Perk & Slack Integration | Slack Marketplace,Paid,chat:write commands im:history users:read users:read.email,,
https://slack.com/marketplace/A01BX8TFQ5R-smart-qa,Smart Q&A & Slack Integration | Slack Marketplace,Free,channels:read chat:write chat:write.public groups:read im:read,,
https://slack.com/marketplace/A01C1NVM971-sdm-commander,SDM Commander & Slack Integration | Slack Marketplace,Free,chat:write commands,,
https://slack.com/marketplace/A01C2PQHW4R-avo,Avo & Slack Integration | Slack Marketplace,Free and paid plans available,incoming-webhook users:read users:read.email,,
https://slack.com/marketplace/A01C7D95XFY-servicebot,ServiceBot & Slack Integration | Slack Marketplace,Included with service subscription,app_mentions:read channels:history channels:manage channels:read channels:write chat:write commands files:read files:write groups:history groups:read groups:write im:history im:write links:read links:write mpim:history mpim:read reactions:write team:read users:read users:read.email,,
https://slack.com/marketplace/A01C7H6ABJ6-community-by-khoros-eu,Community by Khoros (EU) & Slack Integration | Slack Marketplace,Free,app_mentions:read chat:write commands im:history im:read im:write users:read users:read.email,,
https://slack.com/marketplace/A01C7R9BWCQ-opsera,Opsera & Slack Integration | Slack Marketplace,Paid,chat:write,,
https://slack.com/marketplace/A01CC4GA2R0-smarttask,SmartTask & Slack Integration | Slack Marketplace,Free and paid plans available,channels:read chat:write chat:write.public commands groups:read im:read links:read links:write mpim:read users:read users:read.email,,
https://slack.com/marketplace/A01CE0CLZFX-quboo,Quboo & Slack Integration | Slack Marketplace,Free and paid plans available,chat:write commands im:history reactions:read users.profile:read workflow.steps:execute,,
https://slack.com/marketplace/A01CFF33E9F-atlassian-connector,Atlassian Connector & Slack Integration | Slack Marketplace,Free,bookmarks:read bookmarks:write canvases:write channels:history channels:read channels:write chat:write files:read groups:history groups:read im:history im:read incoming-webhook links:write mpim:history mpim:read pins:read pins:write search:read.files search:read.im search:read.mpim search:read.private search:read.public search:read.users team:read usergroups:read usergroups:write users.profile:read users:read users:read.email,,
https://slack.com/marketplace/A01CLP2GX33-connections-by-deel,Connections ⚡ by Deel & Slack Integration | Slack Marketplace,Paid with free trial,channels:manage channels:read chat:write chat:write.public files:read groups:read im:history im:write mpim:read mpim:write team:read users.profile:read users:read users:read.email,,
https://slack.com/marketplace/A01CW6SDBH9-bkun,Bókun & Slack Integration | Slack Marketplace,Free and paid plans available,channels:read chat:write chat:write.public,,
https://slack.com/marketplace/A01CYKJCDBJ-meetquo,Meetquo & Slack Integration | Slack Marketplace,Free and paid plans available,incoming-webhook,,
https://slack.com/marketplace/A01CZ3PPX7Y-marketbeam,MarketBeam & Slack Integration | Slack Marketplace,Paid with free trial,chat:write users:read users:read.email,,
https://slack.com/marketplace/A01D2SDRHNU-elevate,Elevate & Slack Integration | Slack Marketplace,Free,chat:write chat:write.customize commands im:write users:read users:read.email,,
https://slack.com/marketplace/A01D35Y6NRJ-kasem,Kasem & Slack Integration | Slack Marketplace,Free,chat:write commands,,
https://slack.com/marketplace/A01D51EN928-classcred,ClassCred & Slack Integration | Slack Marketplace,Free and paid plans available,channels:history channels:join channels:manage channels:read chat:write commands files:write groups:history groups:read groups:write identity.basic im:history im:read reactions:read reactions:write team:read users:read users:read.email,,
https://slack.com/marketplace/A01D6HLU4G1-expenses,Expenses & Slack Integration | Slack Marketplace,Paid with free trial,app_mentions:read chat:write commands email files:read im:history openid profile team:read usergroups:read users:read users:read.email,,
https://slack.com/marketplace/A01D8M57X7F-formspark,Formspark & Slack Integration | Slack Marketplace,Free and paid plans available,channels:read chat:write chat:write.customize chat:write.public identity.basic identity.email,,
https://slack.com/marketplace/A01DA483Y30-,セキュリオ & Slack Integration | Slack Marketplace,Free,chat:write users:read users:read.email,,
https://slack.com/marketplace/A01DEGPUHHC-incidentio,incident.io & Slack Integration | Slack Marketplace,Paid with free trial,admin.conversations:write app_mentions:read assistant:write bookmarks:read bookmarks:write canvases:write channels:history channels:join channels:manage channels:read channels:write chat:write chat:write.customize chat:write.public commands email emoji:read files:read files:write groups:history groups:read groups:write im:history links:read links:write openid pins:read pins:write profile reactions:read reactions:write team:read usergroups:read usergroups:write users.profile:read users.profile:write users:read users:read.email,,
https://slack.com/marketplace/A01DEKLNV5L-sortly,Sortly & Slack Integration | Slack Marketplace,Included with service subscription,channels:read chat:write chat:write.public,,
https://slack.com/marketplace/A01DHKJTX3N-atlassian-home,Atlassian Home & Slack Integration | Slack Marketplace,Free and paid plans available,app_mentions:read channels:history channels:read channels:write chat:write chat:write.public commands groups:history groups:read groups:write im:history links:read links:write mpim:history reactions:read team:read users:read users:read.email,,
https://slack.com/marketplace/A01DJCQ21QS-runway,Runway & Slack Integration | Slack Marketplace,Free and paid plans available,app_mentions:read bookmarks:write channels:join channels:manage channels:read chat:write chat:write.public commands groups:read groups:write im:history im:read im:write reactions:read reactions:write usergroups:read usergroups:write users:read users:read.email,,
https://slack.com/marketplace/A01DRDMHKD1-prodcamp,ProdCamp & Slack Integration | Slack Marketplace,Free and paid plans available,incoming-webhook,,
https://slack.com/marketplace/A01DS8MPJ8K-meet4slack,meet4slack & Slack Integration | Slack Marketplace,Free and paid plans available,channels:read commands groups:read identify im:read mpim:read team:read users:read users:read.email,identify,
https://slack.com/marketplace/A01DSAKM3K7-rise,Rise & Slack Integration | Slack Marketplace,Paid,chat:write chat:write.customize chat:write.public commands im:history im:write links:read links:write team:read,,
https://slack.com/marketplace/A01DY4ARU3D-accelo-integration,Accelo Integration & Slack Integration | Slack Marketplace,Free,commands,,
https://slack.com/marketplace/A01E0468DEG-flocki,Flocki & Slack Integration | Slack Marketplace,Paid with free trial,channels:read chat:write chat:write.public commands email files:write im:history im:read im:write mpim:read mpim:write openid profile users.profile:read users.profile:write users:read users:read.email,,
https://slack.com/marketplace/A01E5U5F309-autify,Autify & Slack Integration | Slack Marketplace,Included with service subscription,incoming-webhook,,
https://slack.com/marketplace/A01EHHDD29F-travelbank,TravelBank & Slack Integration | Slack Marketplace,Free,chat:write im:history im:read im:write users:read users:read.email,,
https://slack.com/marketplace/A01EL1SR7V4-groomba,Groomba & Slack Integration | Slack Marketplace,Free and paid plans available,app_mentions:read channels:history channels:join channels:manage channels:read chat:write chat:write.public commands email groups:history groups:read groups:write im:history im:read mpim:history mpim:read openid profile users:read users:read.email,,
https://slack.com/marketplace/A01EL53M36J-tactiq,Tactiq & Slack Integration | Slack Marketplace,Free and paid plans available,channels:read chat:write chat:write.customize chat:write.public groups:read links:read links:write,,
https://slack.com/marketplace/A01ELPEUL5V-bug-reporting,Bug Reporting & Slack Integration | Slack Marketplace,Free and paid plans available,channels:read chat:write chat:write.public groups:read im:history im:write users:read users:read.email,,
https://slack.com/marketplace/A01ET8BSXT2-behavox-slack-agent,Behavox Slack Agent & Slack Integration | Slack Marketplace,Included with service subscription,discovery:read,,
https://slack.com/marketplace/A01EZ930EL9-teamplify-time-off-standups,"Teamplify: Time Off, Standups & Slack Integration | Slack Marketplace",Free and paid plans available,channels:history channels:join channels:read chat:write chat:write.customize chat:write.public commands email groups:history groups:read im:write openid profile team:read users.profile:read users.profile:write users:read users:read.email,,
https://slack.com/marketplace/A01EZN95XD5-spotmystatus,SpotMyStatus & Slack Integration | Slack Marketplace,Paid with free trial,commands users.profile:read users.profile:write users:read,,
https://slack.com/marketplace/A01F0JK3UBB-bigeye,Bigeye & Slack Integration | Slack Marketplace,Included with service subscription,channels:read chat:write chat:write.public im:read im:write users:read,,
https://slack.com/marketplace/A01F13G6C6N-process-street,Process Street & Slack Integration | Slack Marketplace,Free and paid plans available,chat:write im:history team:read users:read users:read.email,,
https://slack.com/marketplace/A01F1AABZQW-issue-alize-for-backlog,issue-alize for Backlog & Slack Integration | Slack Marketplace,Free and paid plans available,commands,,
https://slack.com/marketplace/A01F73M28BF-shell,Shell & Slack Integration | Slack Marketplace,Free,channels:history chat:write groups:history im:history mpim:history,,
https://slack.com/marketplace/A01F7RQGQ03-comala-notifications-for-confluence,Comala Notifications for Confluence & Slack Integration | Slack Marketplace,Paid with free trial,chat:write im:write,,
https://slack.com/marketplace/A01F9F1F0JZ-endid-for-github,Endid for GitHub & Slack Integration | Slack Marketplace,Free and paid plans available,chat:write chat:write.public im:history,,
https://slack.com/marketplace/A01FAD3LPUG-frankli,Frankli & Slack Integration | Slack Marketplace,Paid,chat:write commands incoming-webhook users.profile:read users:read users:read.email,,
https://slack.com/marketplace/A01FCAGKXF1-surveysensum,SurveySensum & Slack Integration | Slack Marketplace,Free,channels:read chat:write chat:write.public groups:read im:read team:read users.profile:read users:read users:read.email,,
https://slack.com/marketplace/A01FCBWPEAK-metaplane,Metaplane & Slack Integration | Slack Marketplace,Free and paid plans available,channels:history channels:read chat:write chat:write.public files:read groups:history groups:read links:write users.profile:read,,
https://slack.com/marketplace/A01FEE3MLKX-servicenow-for-slack,ServiceNow for Slack & Slack Integration | Slack Marketplace,Paid,channels:manage chat:write chat:write.public commands groups:write im:write links:read links:write mpim:write users:read workflow.steps:execute,,
https://slack.com/marketplace/A01FFSER9C3-scripto,Scripto & Slack Integration | Slack Marketplace,Free and paid plans available,incoming-webhook,,
https://slack.com/marketplace/A01FM5WCJFR-telerooster,teleRooster & Slack Integration | Slack Marketplace,Free and paid plans available,app_mentions:read channels:manage channels:read chat:write chat:write.customize commands im:history im:write users:read users:read.email,,
https://slack.com/marketplace/A01FN6P6W7N-suptask,Suptask & Slack Integration | Slack Marketplace,Free and paid plans available,channels:history channels:read channels:write chat:write chat:write.customize chat:write.public commands files:read files:write groups:history groups:read groups:write im:history im:read im:write mpim:history mpim:read mpim:write reactions:read reactions:write team:read users:read users:read.email workflow.steps:execute,,
https://slack.com/marketplace/A01FPMQRLLS-wrangle,Wrangle & Slack Integration | Slack Marketplace,Paid with free trial,channels:history channels:join channels:manage channels:read chat:write chat:write.customize chat:write.public commands files:read files:write groups:history groups:read groups:write groups:write.invites im:history reactions:read reactions:write team:read usergroups:read users.profile:read users:read users:read.email workflow.steps:execute,,
https://slack.com/marketplace/A01FRAYUK26-claptastic,claptastic & Slack Integration | Slack Marketplace,Free and paid plans available,channels:history chat:write groups:history im:history reactions:read team:read users:read,,
https://slack.com/marketplace/A01FSPD1MC4-pingpong-notifications,PingPong Notifications & Slack Integration | Slack Marketplace,Free and paid plans available,incoming-webhook,,
https://slack.com/marketplace/A01FY640881-marketplace,Marketplace & Slack Integration | Slack Marketplace,Free,channels:manage channels:read chat:write chat:write.public commands users:read,,
https://slack.com/marketplace/A01FY6N4QKT-banter-icebreaker-games,Banter Icebreaker Games & Slack Integration | Slack Marketplace,Paid with free trial,channels:history channels:join channels:manage channels:read chat:write commands email groups:read im:history im:write openid profile users:read users:read.email,,
https://slack.com/marketplace/A01FYHHGH4P-optmyzr,Optmyzr & Slack Integration | Slack Marketplace,Paid with free trial,app_mentions:read channels:history chat:write commands groups:history im:history im:read im:write reactions:write users:read users:read.email,,
https://slack.com/marketplace/A01FZFVQJ8M-strategyx,,,,,erreur
https://slack.com/marketplace/A01G3QXNBDM-assist-ai,Assist AI & Slack Integration | Slack Marketplace,Free and paid plans available,app_mentions:read channels:history channels:read chat:write chat:write.customize commands email emoji:read files:read files:write groups:history groups:read im:history im:read im:write mpim:history openid profile reactions:read reactions:write team:read users.profile:read users:read users:read.email,,
https://slack.com/marketplace/A01G66KRMHC-platoforms,PlatoForms & Slack Integration | Slack Marketplace,Free and paid plans available,channels:manage channels:read chat:write chat:write.public groups:read groups:write im:read im:write mpim:read mpim:write users:read,,
https://slack.com/marketplace/A01G6U9U4Q7-selectoraiops,SelectorAIOps & Slack Integration | Slack Marketplace,Paid with free trial,channels:read chat:write chat:write.public commands files:write incoming-webhook users:read,,
https://slack.com/marketplace/A01G8T9D069-brex,Brex & Slack Integration | Slack Marketplace,Free,chat:write files:read im:history im:write.topic mcp:connect reactions:read reactions:write users:read users:read.email,,
https://slack.com/marketplace/A01G8UAGFQ9-weet,Weet & Slack Integration | Slack Marketplace,Free,chat:write commands groups:read im:history im:read mpim:read users:read users:read.email,,
https://slack.com/marketplace/A01GETLKWEB-sailpoint,SailPoint & Slack Integration | Slack Marketplace,Paid,chat:write commands im:history,,
https://slack.com/marketplace/A01GM7H6WKT-employee-engagement-by-wrenlyai,Employee Engagement by Wrenly.ai & Slack Integration | Slack Marketplace,Free and paid plans available,app_mentions:read channels:join channels:manage channels:read chat:write commands files:write groups:read groups:write im:history im:read im:write links.embed:write links:read links:write mpim:read mpim:write openid users:read users:read.email,,
https://slack.com/marketplace/A01GRAW8WPJ-dx,DX & Slack Integration | Slack Marketplace,Free and paid plans available,channels:read chat:write commands email groups:read groups:write mpim:read mpim:write openid profile team:read users:read users:read.email,,
https://slack.com/marketplace/A01GSNM2H6V-riot,Riot & Slack Integration | Slack Marketplace,Free and paid plans available,channels:read chat:write chat:write.customize email files:write im:history im:write openid profile team:read usergroups:read users.profile:read users:read users:read.email,,
https://slack.com/marketplace/A01GVH320ET-pgtop,pgTop & Slack Integration | Slack Marketplace,Paid with free trial,commands,,
https://slack.com/marketplace/A01H1G2MVJR-ricotta-games-trivia-icebreakers,"Ricotta Games, Trivia & Icebreakers & Slack Integration | Slack Marketplace",Free and paid plans available,channels:read chat:write chat:write.public commands im:read im:write mpim:read mpim:write users:read users:read.email,,
https://slack.com/marketplace/A01H417ES79-meltwater,Meltwater & Slack Integration | Slack Marketplace,Paid,app_mentions:read assistant:write channels:history chat:write commands files:write groups:history im:history im:read incoming-webhook reactions:write,,
https://slack.com/marketplace/A01H4ERKSQK-webhr,WebHR & Slack Integration | Slack Marketplace,Free and paid plans available,chat:write commands incoming-webhook users:read,,
https://slack.com/marketplace/A01H5FBEJAH-june,June & Slack Integration | Slack Marketplace,Free and paid plans available,channels:join channels:read chat:write,,
https://slack.com/marketplace/A01H6P920SV-salto,Salto & Slack Integration | Slack Marketplace,Paid with free trial,channels:join channels:read chat:write files:write groups:read,,
https://slack.com/marketplace/A01HB8C7TBN-platformly,Platform.ly & Slack Integration | Slack Marketplace,Paid with free trial,channels:read channels:write chat:write commands groups:read groups:write im:read team:read users:read,,
https://slack.com/marketplace/A01HEJRHGNT-kiwihr,kiwiHR & Slack Integration | Slack Marketplace,Paid with free trial,chat:write commands,,
https://slack.com/marketplace/A01HHRZUEEL-twine,twine & Slack Integration | Slack Marketplace,Free and paid plans available,chat:write chat:write.public commands incoming-webhook team:read users.profile:read users:read users:read.email,,
https://slack.com/marketplace/A01HKJ2UBST-gtm-buddy,GTM Buddy & Slack Integration | Slack Marketplace,Paid,app_mentions:read channels:history channels:join channels:read chat:write commands groups:read im:history links:read links:write users.profile:read users:read users:read.email,,
https://slack.com/marketplace/A01HNRNMVPA-zl-technologies,ZL Technologies & Slack Integration | Slack Marketplace,Paid with free trial,discovery:read,,
https://slack.com/marketplace/A01HUQ8CS06-jobtread,JobTread & Slack Integration | Slack Marketplace,Paid,incoming-webhook,,
https://slack.com/marketplace/A01HZ1E6BGC-callhippo,CallHippo & Slack Integration | Slack Marketplace,Paid,channels:read incoming-webhook,,
https://slack.com/marketplace/A01HZRE9TLK-pupster,Pupster & Slack Integration | Slack Marketplace,Free,app_mentions:read channels:history channels:read chat:write commands files:read groups:read im:history team:read users:read,,
https://slack.com/marketplace/A01J12DV51Q-picsio,Picsio & Slack Integration | Slack Marketplace,Free and paid plans available,channels:read chat:write groups:read links:read links:write,,
https://slack.com/marketplace/A01J2RWNMCP-wellness-coach,Wellness Coach & Slack Integration | Slack Marketplace,Free and paid plans available,channels:join channels:manage channels:read channels:write chat:write chat:write.customize files:read im:history pins:write team:read users:read users:read.email,,
https://slack.com/marketplace/A01J5RGL5PF-karmuh,karmuh & Slack Integration | Slack Marketplace,Paid with free trial,channels:history chat:write commands email groups:history im:history mpim:history openid profile users:read,,
https://slack.com/marketplace/A01JBGHLMA7-matter-recognition-rewards,Matter: Recognition & Rewards & Slack Integration | Slack Marketplace,Free and paid plans available,app_mentions:read channels:join channels:manage channels:read chat:write commands groups:read groups:write im:history im:read im:write mpim:write reactions:read team:read users:read users:read.email,,
https://slack.com/marketplace/A01JD8R74R3-pointr,Pointr & Slack Integration | Slack Marketplace,Free,channels:manage channels:read chat:write email groups:read im:history openid profile team:read users.profile:read users:read users:read.email,,
https://slack.com/marketplace/A01JH9GL223-session,Session & Slack Integration | Slack Marketplace,Free and paid plans available,dnd:write users.profile:write,,
https://slack.com/marketplace/A01JHJC3EUQ-tidbits-of-reason,Tidbits of Reason & Slack Integration | Slack Marketplace,Free,channels:read chat:write users:read,,
https://slack.com/marketplace/A01JKGJB30S-atrium,Atrium & Slack Integration | Slack Marketplace,Paid with free trial,channels:read chat:write chat:write.customize chat:write.public groups:read groups:write im:read im:write mpim:read mpim:write users:read,,
https://slack.com/marketplace/A01JL4SBFC2-leanmote,Leanmote & Slack Integration | Slack Marketplace,Free and paid plans available,chat:write chat:write.customize im:write users:read users:read.email,,
https://slack.com/marketplace/A01JMG14CKC-hootconnect,HootConnect & Slack Integration | Slack Marketplace,Free and paid plans available,channels:read chat:write groups:read im:read mpim:read users:read,,
https://slack.com/marketplace/A01K2PQ55FW-everlaw-cloud-connector,Everlaw Cloud Connector & Slack Integration | Slack Marketplace,Free,discovery:read,,
https://slack.com/marketplace/A01K47JQL9F-talos-perform,Talos Perform & Slack Integration | Slack Marketplace,Paid with free trial,chat:write commands links:read links:write users:read users:read.email,,
https://slack.com/marketplace/A01KA5QGWMQ-gamma-enterprise-dlp-for-slack,Gamma Enterprise DLP for Slack & Slack Integration | Slack Marketplace,Paid with free trial,auditlogs:read chat:write commands discovery:read discovery:write groups:read groups:write im:write,,
https://slack.com/marketplace/A01KE0WF6CX-hashboard,Hashboard & Slack Integration | Slack Marketplace,Included with service subscription,channels:read chat:write chat:write.public files:write groups:read users:read users:read.email,,
https://slack.com/marketplace/A01L18G5HRV-hot-desk,Hot Desk & Slack Integration | Slack Marketplace,Free and paid plans available,channels:read chat:write commands files:write im:history users:read users:read.email,,
https://slack.com/marketplace/A01L99LFRD1-calendly,Calendly & Slack Integration | Slack Marketplace,Free and paid plans available,chat:write chat:write.public commands links:read links:write openid users:read,,
https://slack.com/marketplace/A01LBTKTSBS-okrs-by-managerly,OKRs by Managerly & Slack Integration | Slack Marketplace,Free and paid plans available,users:read users:read.email,,
https://slack.com/marketplace/A01LFEBN6AK-siit,Siit & Slack Integration | Slack Marketplace,Paid with free trial,app_mentions:read assistant:write channels:history channels:join channels:manage channels:read channels:write.invites chat:write chat:write.customize chat:write.public commands files:read files:write groups:history groups:read im:history im:read im:write links:read links:write mcp:connect mpim:history mpim:read reactions:read reactions:write team:read usergroups:read usergroups:write users:read users:read.email,,
https://slack.com/marketplace/A01LPMT6U9K-cozylayer,CozyLayer & Slack Integration | Slack Marketplace,Paid with free trial,commands,,
https://slack.com/marketplace/A01LPS3BS22-deepdyve,DeepDyve & Slack Integration | Slack Marketplace,Free,channels:read chat:write identity.basic,,
https://slack.com/marketplace/A01LW99HSJH-superpath,SuperPath & Slack Integration | Slack Marketplace,Free and paid plans available,chat:write users:read users:read.email,,
https://slack.com/marketplace/A01LZLWT5DJ-vouch,Vouch & Slack Integration | Slack Marketplace,Included with service subscription,app_mentions:read channels:read chat:write commands files:read links.embed:write links:read links:write team:read users:read users:read.email,,
https://slack.com/marketplace/A01M53R3ZNU-standupwizard,StandupWizard & Slack Integration | Slack Marketplace,Paid with free trial,channels:join channels:read chat:write chat:write.customize groups:read identity.basic identity.email im:history im:read im:write users:read,,
https://slack.com/marketplace/A01M6J96VG8-lucky-draw,lucky-draw & Slack Integration | Slack Marketplace,Free,channels:read chat:write chat:write.public commands groups:read users:read,,
https://slack.com/marketplace/A01M7MVFVPV-pagefreezer,Pagefreezer & Slack Integration | Slack Marketplace,Paid,channels:history channels:join channels:read files:read team:read users.profile:read users:read,,
https://slack.com/marketplace/A01M8GPK3HU-todo-cloud,Todo Cloud & Slack Integration | Slack Marketplace,Paid with free trial,commands,,
https://slack.com/marketplace/A01ML33TJPM-media-ratings-terminal,Media Ratings Terminal & Slack Integration | Slack Marketplace,Free and paid plans available,commands links:read links:write,,
https://slack.com/marketplace/A01MLSHLQHY-vacation-leave-tracker-flamingo,Vacation + Leave Tracker | Flamingo & Slack Integration | Slack Marketplace,Paid with free trial,channels:read chat:write chat:write.public commands email groups:read im:history im:read mpim:read openid profile team.billing:read team:read users.profile:read users.profile:write users:read users:read.email,,
https://slack.com/marketplace/A01MS6Z77CY-kb-clip,KB Clip & Slack Integration | Slack Marketplace,Paid,app_mentions:read channels:history channels:join chat:write chat:write.customize chat:write.public commands email files:read im:history openid profile team.billing:read team:read users:read users:read.email,,
https://slack.com/marketplace/A01N2QYSA81-figma,Figma & Slack Integration | Slack Marketplace,Free and paid plans available,canvases:read canvases:write channels:history channels:read chat:write commands groups:read identity.basic im:history im:read im:write links:read links:write mcp:connect search:read.files search:read.public users:read users:read.email,,
https://slack.com/marketplace/A01NC785S59-datelist-booking-scheduling,Datelist - Booking & Scheduling & Slack Integration | Slack Marketplace,Free and paid plans available,channels:read chat:write chat:write.public groups:read,,
https://slack.com/marketplace/A01NENSGXNJ-akerun,Akerun & Slack Integration | Slack Marketplace,Free,incoming-webhook,,
https://slack.com/marketplace/A01NL4K4Y5P-worknet,Worknet & Slack Integration | Slack Marketplace,Paid with free trial,channels:history channels:join channels:read chat:write chat:write.customize chat:write.public commands conversations.connect:write emoji:read groups:history groups:read im:history mpim:history mpim:read reactions:read team:read usergroups:read users:read users:read.email,,
https://slack.com/marketplace/A01NPFG51V5-transcend,Transcend & Slack Integration | Slack Marketplace,Paid,channels:read chat:write chat:write.public discovery:read discovery:write email groups:read im:write openid profile users.profile:read,,
https://slack.com/marketplace/A01NQ7LV6GY-1-on-1s-by-deel,1-on-1s ⚡ by Deel & Slack Integration | Slack Marketplace,Paid with free trial,app_mentions:read chat:write commands files:read files:write im:history im:write mpim:write team:read users.profile:read users:read users:read.email,,
https://slack.com/marketplace/A01NTCE2G4A-issue-alize-for-redmine,issue-alize for Redmine & Slack Integration | Slack Marketplace,Free and paid plans available,commands,,
https://slack.com/marketplace/A01P180MT9D-product-snippets-,,Free,chat:write users:read,,
https://slack.com/marketplace/A01P6BHLHJT-neelix-live-pulse,Neelix Live Pulse & Slack Integration | Slack Marketplace,Free,channels:read chat:write chat:write.public commands users:read,,
https://slack.com/marketplace/A01PBEYRC2X-reacto-reaction-notifications,REACTO: Reaction Notifications & Slack Integration | Slack Marketplace,Free and paid plans available,channels:join channels:read chat:write commands groups:read im:write reactions:read team:read users.profile:read users:read,,
https://slack.com/marketplace/A01PFPGP10V-kudoboard,Kudoboard & Slack Integration | Slack Marketplace,Paid with free trial,channels:read chat:write chat:write.public links:read links:write users:read users:read.email,,
https://slack.com/marketplace/A01PSHT3084-crewdle,Crewdle & Slack Integration | Slack Marketplace,Free and paid plans available,calls:read calls:write chat:write commands users:read,,
https://slack.com/marketplace/A01Q3NRAGDU-timinator,Timinator & Slack Integration | Slack Marketplace,Free,chat:write commands email files:read im:history openid remote_files:write,,
https://slack.com/marketplace/A01QA963UHL-ewebinar,eWebinar & Slack Integration | Slack Marketplace,Paid with free trial,channels:history channels:join channels:manage channels:read chat:write chat:write.customize groups:history groups:read groups:write reactions:read reactions:write users.profile:read users:read users:read.email,,
https://slack.com/marketplace/A01QCAKKUNA-taskcall,TaskCall & Slack Integration | Slack Marketplace,Free,chat:write chat:write.public commands incoming-webhook,,
https://slack.com/marketplace/A01QLNC9F4K-ark-one,ARK ONE & Slack Integration | Slack Marketplace,Free,commands identity.basic identity.email users:read users:read.email,,
https://slack.com/marketplace/A01QQFYT3SS-onlineornot,OnlineOrNot & Slack Integration | Slack Marketplace,Free and paid plans available,incoming-webhook,,
https://slack.com/marketplace/A01QUPTQRNX-lucid,Lucid & Slack Integration | Slack Marketplace,Free and paid plans available,email links:read openid profile,,
https://slack.com/marketplace/A01QVT6R830-everyonesocial,EveryoneSocial & Slack Integration | Slack Marketplace,Paid,channels:join channels:read chat:write chat:write.customize commands users.profile:read users:read,,
https://slack.com/marketplace/A01QX2G836W-statuscake,StatusCake & Slack Integration | Slack Marketplace,Free and paid plans available,incoming-webhook,,
https://slack.com/marketplace/A01QZEYLPHT-logtail,Logtail & Slack Integration | Slack Marketplace,Free and paid plans available,incoming-webhook,,
https://slack.com/marketplace/A01RDL2NJAH-service-cloud-for-slack,Service Cloud for Slack & Slack Integration | Slack Marketplace,Paid with free trial,app_mentions:read channels:history channels:join channels:manage channels:read channels:write chat:write chat:write.public commands emoji:read files:read files:write groups:history groups:read groups:write im:history im:read mpim:read pins:write reactions:read reactions:write team:read users:read users:read.email,,
https://slack.com/marketplace/A01RHC2DXDY-uniqode,Uniqode & Slack Integration | Slack Marketplace,Paid with free trial,incoming-webhook,,
https://slack.com/marketplace/A01RP0R62N7-axolo-for-github-gitlab,Axolo for GitHub & GitLab & Slack Integration | Slack Marketplace,Free and paid plans available,app_mentions:read bookmarks:read bookmarks:write channels:history channels:join channels:manage channels:read channels:write chat:write chat:write.public commands email emoji:read groups:history groups:read groups:write im:history im:read im:write openid profile reactions:read reactions:write team:read users.profile:read users:read users:read.email,,
https://slack.com/marketplace/A01SS9WN8V7-standup-pto-tracking-bot-sup,Standup & PTO tracking Bot | Sup & Slack Integration | Slack Marketplace,Free and paid plans available,channels:read chat:write chat:write.customize chat:write.public email groups:read im:history openid profile team:read users.profile:read users.profile:write users:read users:read.email,,
https://slack.com/marketplace/A01TJL6668P-dailyq,DailyQ & Slack Integration | Slack Marketplace,Free and paid plans available,channels:read chat:write chat:write.public commands groups:read im:read team:read users:read,,
https://slack.com/marketplace/A01TJNANM5Y-anodot,Anodot & Slack Integration | Slack Marketplace,Free,app_mentions:read channels:history channels:read chat:write groups:read links:read,,
https://slack.com/marketplace/A01TJNUHSN7-goprofiles,GoProfiles & Slack Integration | Slack Marketplace,Paid with free trial,channels:read chat:write chat:write.public commands im:history im:write team:read users:read users:read.email,,
https://slack.com/marketplace/A01TVT93SCU-maestro-ai,Maestro AI & Slack Integration | Slack Marketplace,Paid with free trial,channels:history channels:read chat:write files:write groups:history groups:read mpim:history mpim:read reactions:read users:read users:read.email,,
https://slack.com/marketplace/A01TZRAPHDK-onboarding-by-deel,Onboarding ⚡ by Deel & Slack Integration | Slack Marketplace,Paid with free trial,app_mentions:read chat:write files:read files:write im:history im:write team:read users.profile:read users:read users:read.email,,
https://slack.com/marketplace/A01U0KSE33M-condens,Condens & Slack Integration | Slack Marketplace,Included with service subscription,app_mentions:read channels:read chat:write commands groups:read incoming-webhook links.embed:write links:read links:write,,
https://slack.com/marketplace/A01U2UBUMN0-carbon-for-slack,Carbon for Slack & Slack Integration | Slack Marketplace,Free,channels:read chat:write chat:write.public commands files:write team:read,,
https://slack.com/marketplace/A01U5G69E5B-metomic-dlp-for-slack-enterprise,Metomic DLP for Slack Enterprise & Slack Integration | Slack Marketplace,Included with service subscription,channels:history chat:write chat:write.customize chat:write.public discovery:read discovery:write groups:history im:history incoming-webhook mpim:history,,
https://slack.com/marketplace/A01UDSEDEAK-productive,Productive & Slack Integration | Slack Marketplace,Paid with free trial,app_mentions:read assistant:write canvases:read canvases:write channels:history channels:read channels:write chat:write chat:write.customize chat:write.public commands emoji:read files:read files:write groups:history groups:read groups:write im:history im:write links:read links:write mpim:history mpim:read mpim:write reactions:read reactions:write search:read.files search:read.im search:read.mpim search:read.private search:read.public search:read.users usergroups:read usergroups:write users.profile:write users:read users:read.email,,
https://slack.com/marketplace/A01UKJAK78W-pagefreezer-for-enterprise-grid,Pagefreezer for Enterprise Grid & Slack Integration | Slack Marketplace,Paid,channels:history channels:join channels:read discovery:read discovery:write files:read groups:history im:history mpim:history team:read users.profile:read,,
https://slack.com/marketplace/A01ULSRAG73-numeric,Numeric & Slack Integration | Slack Marketplace,Free and paid plans available,chat:write,,
https://slack.com/marketplace/A01URJ9CLAW-churnkey-connect,Churnkey Connect & Slack Integration | Slack Marketplace,Included with service subscription,incoming-webhook,,
https://slack.com/marketplace/A01UV8QJAKH-engagedly,Engagedly & Slack Integration | Slack Marketplace,Paid,chat:write,,
https://slack.com/marketplace/A01V0V9CZTQ-workato-eu,Workato EU & Slack Integration | Slack Marketplace,Paid with free trial,channels:read channels:write chat:write groups:read groups:write im:read im:write mpim:read mpim:write users:read users:read.email,,
https://slack.com/marketplace/A01V61Y00H0-thrivedesk,ThriveDesk & Slack Integration | Slack Marketplace,Free and paid plans available,channels:join channels:read chat:write groups:read,,
https://slack.com/marketplace/A01V6CK29R7-lunch-status-emoji,Lunch Status Emoji & Slack Integration | Slack Marketplace,Free,emoji:read users.profile:read users.profile:write users:read,,
https://slack.com/marketplace/A01VC24T5T5-coachello,Coachello & Slack Integration | Slack Marketplace,Free and paid plans available,channels:read chat:write chat:write.customize commands groups:history groups:read groups:write im:history im:write users:read users:read.email,,
https://slack.com/marketplace/A0202LJMS87-culturebot,CultureBot & Slack Integration | Slack Marketplace,Free and paid plans available,channels:read chat:write chat:write.customize chat:write.public commands email files:read groups:read im:history im:read im:write mpim:write openid profile reactions:read reactions:write team:read users:read users:read.email,,
https://slack.com/marketplace/A02047ERS84-millie,Millie & Slack Integration | Slack Marketplace,Paid,app_mentions:read channels:join channels:manage channels:read chat:write chat:write.public commands groups:read groups:write im:history im:read links:read links:write team:read users:read users:read.email,,
https://slack.com/marketplace/A0204FMEUP7-scout-apm,Scout APM & Slack Integration | Slack Marketplace,Paid with free trial,channels:read chat:write chat:write.customize chat:write.public groups:read,,
https://slack.com/marketplace/A020HG3TJU8-workbot-eu,Workbot EU & Slack Integration | Slack Marketplace,Paid with free trial,app_mentions:read channels:read chat:write files:read files:write groups:read identity.basic identity.email identity.team im:history im:write mpim:read users:read users:read.email,,
https://slack.com/marketplace/A020HTDANN4-modernloop,ModernLoop & Slack Integration | Slack Marketplace,Paid,chat:write files:write groups:read groups:write im:write mpim:write users:read users:read.email,,
https://slack.com/marketplace/A020M4DEP0Q-mycheckins,MyCheckins & Slack Integration | Slack Marketplace,Free and paid plans available,app_mentions:read channels:join channels:read chat:write chat:write.customize chat:write.public files:read groups:read im:history im:write openid team:read users.profile:read users:read users:read.email,,
https://slack.com/marketplace/A020Q5ZF49H-shufflet,Shufflet & Slack Integration | Slack Marketplace,Free,commands usergroups:read,,
https://slack.com/marketplace/A020QRMF2FN-casepoint,Casepoint & Slack Integration | Slack Marketplace,Paid,admin.conversations:read admin.legal_holds:read admin.legal_holds:write discovery:read team:read users.profile:read,,
https://slack.com/marketplace/A020SA0S727-navan-expense,Navan Expense & Slack Integration | Slack Marketplace,Paid,chat:write commands files:read files:write im:history openid team:read users.profile:read users:read users:read.email,,
https://slack.com/marketplace/A020VE20SD6-feedback-ingestion-by-enterpret,Feedback Ingestion By Enterpret & Slack Integration | Slack Marketplace,Included with service subscription,channels:history channels:join channels:read chat:write groups:history groups:read links:read mpim:read team:read usergroups:read users:read users:read.email,,
https://slack.com/marketplace/A020WJERWCU-tability-okrs,Tability OKRs & Slack Integration | Slack Marketplace,Free and paid plans available,app_mentions:read channels:join channels:read chat:write chat:write.public groups:read im:history im:read links:read links:write users:read users:read.email,,
https://slack.com/marketplace/A0211H2QXB5-smtp2go,SMTP2GO & Slack Integration | Slack Marketplace,Free and paid plans available,commands incoming-webhook,,
https://slack.com/marketplace/A0211LGDHDW-zip,Zip & Slack Integration | Slack Marketplace,Included with service subscription,app_mentions:read assistant:write channels:history channels:read chat:write chat:write.public commands files:read files:write groups:history groups:read im:history im:write users:read users:read.email,,
https://slack.com/marketplace/A0214S5PHB4-robusta,Robusta & Slack Integration | Slack Marketplace,Free and paid plans available,chat:write chat:write.public files:write,,
https://slack.com/marketplace/A021LP37S1J-sturdy,Sturdy & Slack Integration | Slack Marketplace,Included with service subscription,channels:read chat:write chat:write.public groups:read,,
https://slack.com/marketplace/A021PEN09NC-bamboohr,BambooHR & Slack Integration | Slack Marketplace,Included with service subscription,assistant:write channels:history channels:join channels:read chat:write chat:write.public commands files:read im:history reactions:read team:read users:read users:read.email,,
https://slack.com/marketplace/A021RSCQRGQ-uchat-agent-bot,UChat Agent Bot & Slack Integration | Slack Marketplace,Free and paid plans available,chat:write chat:write.customize commands files:read files:write groups:history groups:read groups:write team:read users:read,,
https://slack.com/marketplace/A0221L31T4P-zendesk,Zendesk & Slack Integration | Slack Marketplace,Included with service subscription,app_mentions:read assistant:write channels:history channels:join channels:read chat:write chat:write.customize chat:write.public commands emoji:read files:read files:write groups:history groups:read groups:write groups:write.invites im:history im:read mpim:read reactions:read reactions:write team:read users:read users:read.email,,
https://slack.com/marketplace/A022209L2KC-sprintful,Sprintful & Slack Integration | Slack Marketplace,Paid with free trial,channels:read chat:write chat:write.public groups:read,,
https://slack.com/marketplace/A0229TM3DM0-sleekplan,,,,,erreur
https://slack.com/marketplace/A022BL4HJLD-onlythreads,OnlyThreads & Slack Integration | Slack Marketplace,Free and paid plans available,channels:history channels:join channels:read chat:write chat:write.customize commands im:history team:read users.profile:read,,
https://slack.com/marketplace/A022CHL7UJH-zscaler-saas-connector-01,Zscaler SaaS Connector 01 & Slack Integration | Slack Marketplace,Paid,admin.teams:read auditlogs:read channels:manage channels:read chat:write discovery:read discovery:write files:read files:write groups:read groups:write im:read im:write mpim:read mpim:write team:read,,
https://slack.com/marketplace/A022Q6LHE8G-herotofu,HeroTofu & Slack Integration | Slack Marketplace,Paid with free trial,incoming-webhook,,
https://slack.com/marketplace/A0232CPKR33-clarityflow,Clarityflow & Slack Integration | Slack Marketplace,Paid with free trial,channels:read chat:write chat:write.customize chat:write.public commands groups:read,,
https://slack.com/marketplace/A02371DPGDR-deskfound-desk-booking,Deskfound - Desk Booking & Slack Integration | Slack Marketplace,Paid with free trial,channels:read chat:write chat:write.public commands im:history users:read users:read.email,,
https://slack.com/marketplace/A02383ECSLS-review-flowz-reviews-tracking-bot,Review Flowz: reviews tracking bot & Slack Integration | Slack Marketplace,Paid with free trial,app_mentions:read chat:write chat:write.public email incoming-webhook openid profile,,
https://slack.com/marketplace/A0238CWMJDB-pagerduty-eu,PagerDuty EU & Slack Integration | Slack Marketplace,Paid with free trial,app_mentions:read assistant:write bookmarks:write channels:history channels:join channels:manage channels:read chat:write chat:write.public commands files:read groups:history groups:read groups:write im:history im:read im:write links:read links:write mcp:connect mpim:read pins:write reactions:read reactions:write team:read users:read users:read.email workflow.steps:execute,,
https://slack.com/marketplace/A023E3TJ2B1-perksweet,PerkSweet & Slack Integration | Slack Marketplace,Free and paid plans available,incoming-webhook,,
https://slack.com/marketplace/A023RB0DBL5-flowdash,Flowdash & Slack Integration | Slack Marketplace,Free and paid plans available,channels:read chat:write chat:write.public team:read users.profile:read users:read users:read.email,,
https://slack.com/marketplace/A023RM679DL-opscompass,OpsCompass & Slack Integration | Slack Marketplace,Paid with free trial,incoming-webhook,,
https://slack.com/marketplace/A023YL7KXSS-lets-do,Let’s Do & Slack Integration | Slack Marketplace,Free and paid plans available,channels:join channels:read chat:write chat:write.public commands email groups:read im:read mpim:read openid pins:write team:read users:read,,
https://slack.com/marketplace/A024648A7FD-cloudscene,Cloudscene & Slack Integration | Slack Marketplace,Free,chat:write,,
https://slack.com/marketplace/A024CD5VDM0-payfunnels,Payfunnels & Slack Integration | Slack Marketplace,Paid with free trial,incoming-webhook,,
https://slack.com/marketplace/A024HTHQZ47-vercel,Vercel & Slack Integration | Slack Marketplace,Free and paid plans available,app_configurations:read app_configurations:write app_mentions:read assistant:write canvases:read canvases:write channels:history channels:join channels:read chat:write chat:write.customize chat:write.public code_channels:manage commands emoji:read files:read files:write groups:history groups:read im:history im:read im:write links:read links:write managed_apps:install mcp:connect metadata.message:read mpim:history mpim:read mpim:write openid reactions:read reactions:write team:read usergroups:read users.profile:read users:read,,
https://slack.com/marketplace/A024J19TG6A-pullflow,PullFlow & Slack Integration | Slack Marketplace,Free and paid plans available,app_mentions:read channels:history channels:manage channels:read chat:write commands groups:history groups:read groups:write im:history im:write openid reactions:read reactions:write reminders:write team:read users.profile:write users:read users:read.email,,
https://slack.com/marketplace/A024M4H13TJ-aboard,Aboard & Slack Integration | Slack Marketplace,Free and paid plans available,channels:read chat:write groups:read im:history im:write mpim:write team:read users:read users:read.email,,
https://slack.com/marketplace/A024NMX1588-xcode-cloud,Xcode Cloud & Slack Integration | Slack Marketplace,Free,channels:read chat:write chat:write.public groups:read groups:write im:write team:read users:read,,
https://slack.com/marketplace/A024PQWJJLD-intel-471-bot,Intel 471 Bot & Slack Integration | Slack Marketplace,Paid,commands incoming-webhook,,
https://slack.com/marketplace/A024SEU6D4M-transcriber,Transcriber & Slack Integration | Slack Marketplace,Free and paid plans available,app_mentions:read channels:history channels:read chat:write files:read groups:history groups:read im:history im:read im:write mpim:history team:read users:read,,
https://slack.com/marketplace/A025FG9B2QH-guidde,Guidde & Slack Integration | Slack Marketplace,Free and paid plans available,chat:write chat:write.public commands links:read links:write,,
https://slack.com/marketplace/A025TEU99G9-onstrategy,OnStrategy & Slack Integration | Slack Marketplace,Paid with free trial,chat:write commands im:history,,
https://slack.com/marketplace/A026N9T5F70-convin,Convin & Slack Integration | Slack Marketplace,Paid with free trial,chat:write im:write users:read users:read.email,,
https://slack.com/marketplace/A026RA4ND1R-tableau,Tableau & Slack Integration | Slack Marketplace,Paid with free trial,app_mentions:read channels:read chat:write chat:write.public commands files:read files:write groups:read im:read im:write links:read links:write mcp:connect mpim:read mpim:write remote_files:read remote_files:share remote_files:write users:read users:read.email,,
https://slack.com/marketplace/A026RJR7UF3-pandadoc,PandaDoc & Slack Integration | Slack Marketplace,Paid with free trial,chat:write commands email files:read im:history links:read links:write openid profile,,
https://slack.com/marketplace/A026YEHBNR5-betterup,BetterUp & Slack Integration | Slack Marketplace,Paid,assistant:write chat:write chat:write.customize im:history im:write users:read users:read.email,,
https://slack.com/marketplace/A02709H3B7W-qlik-application-automation,Qlik Application Automation & Slack Integration | Slack Marketplace,Free and paid plans available,channels:manage channels:read chat:write chat:write.customize chat:write.public files:write groups:read im:read mpim:read reactions:read reactions:write team:read usergroups:read usergroups:write users:read users:read.email,,
https://slack.com/marketplace/A0270HGDAQ5-cosmos-video,Cosmos Video & Slack Integration | Slack Marketplace,Free and paid plans available,calls:read calls:write channels:join channels:manage channels:read chat:write commands im:write links:read links:write mpim:write users.profile:read users.profile:write users:read users:read.email,,
https://slack.com/marketplace/A0276QBBTR8-poptin-pop-ups-forms,Poptin Pop Ups & Forms & Slack Integration | Slack Marketplace,Free and paid plans available,incoming-webhook,,
https://slack.com/marketplace/A027KL3SU05-flatsocial,flat.social & Slack Integration | Slack Marketplace,Free and paid plans available,chat:write commands,,
https://slack.com/marketplace/A027NU0A65B-draxlr-sql-db-data-change-alerts,Draxlr | SQL DB Data change alerts & Slack Integration | Slack Marketplace,Paid with free trial,channels:read chat:write chat:write.customize chat:write.public files:write groups:read,,
https://slack.com/marketplace/A027R9D6A5Q-loadmill,Loadmill & Slack Integration | Slack Marketplace,Free and paid plans available,channels:read chat:write chat:write.public users:read users:read.email,,
https://slack.com/marketplace/A027T30FQ4Q-neverblink,NeverBlink & Slack Integration | Slack Marketplace,Paid with free trial,app_mentions:read chat:write commands incoming-webhook,,
https://slack.com/marketplace/A02833FSY5P-feathery,Feathery & Slack Integration | Slack Marketplace,Free and paid plans available,incoming-webhook,,
https://slack.com/marketplace/A028E9MG1HC-spotdraft,SpotDraft & Slack Integration | Slack Marketplace,Paid,chat:write commands files:read groups:history groups:read groups:write groups:write.invites groups:write.topic im:history links:read links:write pins:write users:read users:read.email,,
https://slack.com/marketplace/A028NC1P30B-everyspace,Everyspace & Slack Integration | Slack Marketplace,Free and paid plans available,channels:read channels:write chat:write chat:write.customize groups:read groups:write incoming-webhook users:read users:read.email,,
https://slack.com/marketplace/A028VJ1KG3G-sales-cloud-for-slack,Sales Cloud for Slack & Slack Integration | Slack Marketplace,Included with service subscription,channels:history channels:join channels:manage channels:read channels:write chat:write chat:write.customize chat:write.public commands groups:history groups:read groups:write im:history im:read im:write mpim:read mpim:write pins:read pins:write team:read users:read,,
https://slack.com/marketplace/A028WHBSZ2R-customfit,CustomFit & Slack Integration | Slack Marketplace,Free and paid plans available,channels:join channels:read chat:write users:read users:read.email,,
https://slack.com/marketplace/A028YV2LBEW-bravo,BRAVO & Slack Integration | Slack Marketplace,Paid with free trial,app_mentions:read channels:join channels:read chat:write commands groups:read im:history im:read incoming-webhook mpim:read team:read users.profile:read users:read users:read.email,,
https://slack.com/marketplace/A029428CP99--meet-for-slack,/meet for Slack & Slack Integration | Slack Marketplace,Free and paid plans available,commands users.profile:write users:read,,
https://slack.com/marketplace/A0299SVKSN4-breach-insider,Breach Insider & Slack Integration | Slack Marketplace,Free,channels:read chat:write chat:write.public,,
https://slack.com/marketplace/A029G3496E7-accessowl,AccessOwl & Slack Integration | Slack Marketplace,Free and paid plans available,app_mentions:read channels:read chat:write chat:write.public commands email groups:read im:read mpim:read openid profile team:read usergroups:read usergroups:write users:read users:read.email,,
https://slack.com/marketplace/A029L1ZSWBA-artishok,Artishok & Slack Integration | Slack Marketplace,Free and paid plans available,chat:write users:read users:read.email,,
https://slack.com/marketplace/A029NCKJV6H-nuix-connector-for-slack,Nuix Connector for Slack & Slack Integration | Slack Marketplace,Paid,discovery:read,,
https://slack.com/marketplace/A029P9PQ2F7-ascendo,Ascendo & Slack Integration | Slack Marketplace,Included with service subscription,channels:history channels:read chat:write chat:write.public commands groups:history groups:read im:read mpim:read users:read users:read.email,,
https://slack.com/marketplace/A029Q40PEDT-yoffix-desk-booking-office-management,Yoffix Desk Booking & Office Management & Slack Integration | Slack Marketplace,Paid with free trial,channels:read chat:write groups:read im:write users:read users:read.email,,
https://slack.com/marketplace/A029UAS1YAJ-astrix,Astrix & Slack Integration | Slack Marketplace,Paid,admin channels:read chat:write chat:write.public groups:read im:read im:write team:read users:read users:read.email,,
https://slack.com/marketplace/A029VSQGS7Q-my2be,my2be & Slack Integration | Slack Marketplace,Free,chat:write im:read,,
https://slack.com/marketplace/A029W8U77SB-zelt,Zelt & Slack Integration | Slack Marketplace,Free and paid plans available,channels:read chat:write chat:write.public im:history im:read users:read users:read.email,,
https://slack.com/marketplace/A02A4627Z40-disco-hold,DISCO Hold & Slack Integration | Slack Marketplace,Paid,admin.legal_holds:read admin.legal_holds:write admin.teams:read admin.users:read discovery:read discovery:write users:read users:read.email,,
https://slack.com/marketplace/A02A8TY60GK-mentorloop,Mentorloop & Slack Integration | Slack Marketplace,Paid with free trial,chat:write im:history,,
https://slack.com/marketplace/A02AC4SRDM4-pixelmixer-assistant,PixelMixer Assistant & Slack Integration | Slack Marketplace,Free and paid plans available,app_mentions:read chat:write im:history incoming-webhook links.embed:write links:read links:write,,
https://slack.com/marketplace/A02AGFD0J04-p2,P2 & Slack Integration | Slack Marketplace,Free and paid plans available,channels:history channels:join channels:read chat:write commands im:history links:read links:write users:read,,
https://slack.com/marketplace/A02AHJ2B944-tempo,Tempo & Slack Integration | Slack Marketplace,Paid with free trial,chat:write commands im:history users:read users:read.email,,
https://slack.com/marketplace/A02AJBFQL5C-hatquest,HatQuest & Slack Integration | Slack Marketplace,Free and paid plans available,chat:write im:history users:read users:read.email,,
https://slack.com/marketplace/A02AL9LPUF6-getfeedback,GetFeedback & Slack Integration | Slack Marketplace,Paid with free trial,channels:read chat:write chat:write.public groups:read,,
https://slack.com/marketplace/A02AZB292QY-yoom,Yoom & Slack Integration | Slack Marketplace,Free and paid plans available,channels:history channels:manage channels:read chat:write chat:write.public files:read files:write groups:history groups:read groups:write im:history lists:read lists:write reactions:read usergroups:read usergroups:write users:read users:read.email,,
https://slack.com/marketplace/A02B0UFQAA1-wellsome,Wellsome & Slack Integration | Slack Marketplace,Paid,channels:join channels:read chat:write commands im:history openid profile users:read,,
https://slack.com/marketplace/A02B92HFLCX-superside,Superside & Slack Integration | Slack Marketplace,Included with service subscription,chat:write chat:write.customize commands files:read groups:history groups:read groups:write im:write users:read users:read.email,,
https://slack.com/marketplace/A02C3EFFQAF-unito-2-way-sync,Unito: 2-way Sync & Slack Integration | Slack Marketplace,Paid with free trial,channels:history channels:join channels:manage channels:read chat:write reactions:read reactions:write users:read users:read.email,,
https://slack.com/marketplace/A02C492MJV8-issit,issit & Slack Integration | Slack Marketplace,Free,chat:write chat:write.public commands im:write mpim:write users:read,,
https://slack.com/marketplace/A02C54FAX9B-jfrog-artifactory-and-xray,JFrog Artifactory and Xray & Slack Integration | Slack Marketplace,Free and paid plans available,chat:write chat:write.public commands incoming-webhook,,
https://slack.com/marketplace/A02CBL2KKDE-trailhead,Trailhead & Slack Integration | Slack Marketplace,Free,channels:read chat:write chat:write.public commands im:write links:read links:write mpim:write users:read,,
https://slack.com/marketplace/A02CD4ANH7D-clay,Clay & Slack Integration | Slack Marketplace,Free,channels:read chat:write chat:write.customize chat:write.public groups:read users:read users:read.email,,
https://slack.com/marketplace/A02CE4FSLBT-xappex,Xappex & Slack Integration | Slack Marketplace,Free and paid plans available,channels:read chat:write chat:write.public files:write groups:read,,
https://slack.com/marketplace/A02CE7JPBJL-storylane,Storylane & Slack Integration | Slack Marketplace,Included with service subscription,channels:join channels:read chat:write email users:read users:read.email,,
https://slack.com/marketplace/A02CH7HHLLF-elevenguard,ElevenGuard & Slack Integration | Slack Marketplace,Free and paid plans available,commands incoming-webhook,,
https://slack.com/marketplace/A02CJP06UJ1-zoom-to-slack-status-updater,Zoom To Slack Status Updater & Slack Integration | Slack Marketplace,Paid with free trial,users.profile:read users.profile:write,,
https://slack.com/marketplace/A02CKESQ7KQ-temp-mail,Temp Mail & Slack Integration | Slack Marketplace,Free,chat:write commands,,
https://slack.com/marketplace/A02CW1MMN82-claap,Claap & Slack Integration | Slack Marketplace,Free and paid plans available,app_mentions:read channels:read chat:write chat:write.public im:history links.embed:write links:read links:write users:read users:read.email,,
https://slack.com/marketplace/A02CYEBTB2N-cronofy,Cronofy & Slack Integration | Slack Marketplace,Paid with free trial,app_mentions:read chat:write commands im:history im:write links:read links:write team:read usergroups:read users:read users:read.email,,
https://slack.com/marketplace/A02D24070BZ-enterpret,Enterpret & Slack Integration | Slack Marketplace,Included with service subscription,app_mentions:read assistant:write canvases:read channels:history channels:read chat:write chat:write.customize chat:write.public emoji:read files:read files:write groups:history groups:read im:history im:read links:read links:write mpim:history mpim:read reactions:read reactions:write search:read.files search:read.im search:read.mpim search:read.private search:read.public search:read.users usergroups:read users:read users:read.email,,
https://slack.com/marketplace/A02DSKZRF3Q-bill-spend-and-expense,BILL Spend and Expense & Slack Integration | Slack Marketplace,Free,chat:write commands users:read,,
https://slack.com/marketplace/A02E37U7K0S-logikcull-for-slack,Logikcull for Slack & Slack Integration | Slack Marketplace,Paid with free trial,discovery:read users:read,,
https://slack.com/marketplace/A02E4TF9YG4-grafana-cloud,Grafana Cloud & Slack Integration | Slack Marketplace,Free and paid plans available,app_mentions:read bookmarks:read bookmarks:write channels:history channels:manage channels:read chat:write chat:write.public commands files:read files:write groups:history groups:read groups:write im:history im:read im:write links:read links:write reactions:read reactions:write team:read usergroups:read usergroups:write users.profile:read users:read users:read.email,,
https://slack.com/marketplace/A02EUD0HZDK-motivacio,motivac.io & Slack Integration | Slack Marketplace,Free and paid plans available,commands incoming-webhook users:read users:read.email,,
https://slack.com/marketplace/A02FB52GBPC-moodbit-pulse,Moodbit Pulse & Slack Integration | Slack Marketplace,Paid with free trial,chat:write commands im:history team:read users:read users:read.email,,
https://slack.com/marketplace/A02FQL5A6K0-shifter-on-call-shift-manager,Shifter | On-Call Shift Manager & Slack Integration | Slack Marketplace,Paid with free trial,chat:write commands usergroups:read usergroups:write users:read,,
https://slack.com/marketplace/A02FTH353M0-crm-analytics,CRM Analytics & Slack Integration | Slack Marketplace,Included with service subscription,channels:join channels:read chat:write chat:write.public commands files:write groups:read im:history im:read mpim:read team:read users:read,,
https://slack.com/marketplace/A02FVQV1KEF-icdsoft-web-hosting,ICDSoft Web Hosting & Slack Integration | Slack Marketplace,Free and paid plans available,channels:read incoming-webhook team:read,,
https://slack.com/marketplace/A02FYAL6YN9-databox,Databox & Slack Integration | Slack Marketplace,Free and paid plans available,channels:read chat:write chat:write.public groups:read im:read mpim:read,,
https://slack.com/marketplace/A02GF2X0MUG-superoffice-for-slack,SuperOffice for Slack & Slack Integration | Slack Marketplace,Free,channels:read chat:write chat:write.public,,
https://slack.com/marketplace/A02GKRNQXPS-sapling-kallidus-suite,Sapling (kallidus-suite) & Slack Integration | Slack Marketplace,Paid,channels:read chat:write chat:write.customize chat:write.public commands incoming-webhook team:read users.profile:read users:read users:read.email,,
https://slack.com/marketplace/A02GX4ABHLP-freedcamp,Freedcamp & Slack Integration | Slack Marketplace,Free and paid plans available,channels:read chat:write chat:write.public commands groups:read links:read links:write,,
https://slack.com/marketplace/A02H746A9UH-enable-us-by-mindtickle,Enable Us by Mindtickle & Slack Integration | Slack Marketplace,Paid with free trial,channels:join channels:read chat:write users:read users:read.email,,
https://slack.com/marketplace/A02H92EDHPH-chatarchitectcom-for-whatsapp,ChatArchitect.com for WhatsApp & Slack Integration | Slack Marketplace,Paid with free trial,channels:history channels:read chat:write chat:write.customize commands files:read files:write groups:read mpim:read reactions:write,,
https://slack.com/marketplace/A02HB9LG23W-latexbot,latexbot & Slack Integration | Slack Marketplace,Free and paid plans available,commands,,
https://slack.com/marketplace/A02HC4FR4AZ-amptalk,amptalk & Slack Integration | Slack Marketplace,Paid with free trial,channels:read chat:write chat:write.public groups:read users:read users:read.email,,
https://slack.com/marketplace/A02HDNFPZEV-salesforce-cms,Salesforce CMS & Slack Integration | Slack Marketplace,Free,channels:read chat:write chat:write.public groups:read im:read mpim:read,,
https://slack.com/marketplace/A02HQ7EM1EZ-cassava,Cassava & Slack Integration | Slack Marketplace,Free and paid plans available,app_mentions:read channels:read chat:write commands groups:read links.embed:write links:read openid profile team:read users:read,,
https://slack.com/marketplace/A02JCSC5L0Z-daily-quotes,Daily Quotes & Slack Integration | Slack Marketplace,Free,commands,,
https://slack.com/marketplace/A02JH6ZDDEH-tally-forms,Tally Forms & Slack Integration | Slack Marketplace,Free and paid plans available,channels:read chat:write chat:write.public groups:read mpim:read users:read,,
https://slack.com/marketplace/A02JJ24QJC8-enrollment-notification,Enrollment Notification & Slack Integration | Slack Marketplace,Paid,chat:write team:read users:read users:read.email,,
https://slack.com/marketplace/A02JKS7S2RL-brightidea,Brightidea & Slack Integration | Slack Marketplace,Paid with free trial,app_mentions:read channels:read chat:write chat:write.public commands files:read groups:read im:history links:read links:write users:read users:read.email,,
https://slack.com/marketplace/A02K3PRBMPZ-spinach-ai,Spinach AI & Slack Integration | Slack Marketplace,Free and paid plans available,app_mentions:read channels:join channels:read chat:write commands groups:read im:history im:read mpim:read mpim:write users:read users:read.email,,
https://slack.com/marketplace/A02K40HC55Z-scribe,Scribe & Slack Integration | Slack Marketplace,Free and paid plans available,channels:read chat:write chat:write.public commands groups:read im:read im:write links:read links:write mpim:read team:read users.profile:read users:read users:read.email,,
https://slack.com/marketplace/A02K9ST1NQ4-meetgeek,MeetGeek & Slack Integration | Slack Marketplace,Free and paid plans available,channels:read chat:write groups:read,,
https://slack.com/marketplace/A02KB9UQ0LQ-zerotime-bot-for-slack,ZeroTime Bot for Slack & Slack Integration | Slack Marketplace,Included with service subscription,app_mentions:read chat:write im:history im:read im:write users:read users:read.email,,
https://slack.com/marketplace/A02KEL75KT9-financial-services-cloud-for-slack,Financial Services Cloud for Slack & Slack Integration | Slack Marketplace,Free,channels:manage chat:write chat:write.public commands groups:write im:write incoming-webhook mpim:write,,
https://slack.com/marketplace/A02KGC3N6N9-dragonboat,Dragonboat & Slack Integration | Slack Marketplace,Paid with free trial,app_mentions:read channels:history channels:join channels:read chat:write chat:write.public commands im:history users:read users:read.email,,
https://slack.com/marketplace/A02KK4PEWF4-thrive,Thrive & Slack Integration | Slack Marketplace,Paid,channels:read chat:write chat:write.customize chat:write.public commands dnd:read groups:read identity.basic identity.email identity.team im:history im:read im:write links.embed:write links:read links:write mpim:read team:read usergroups:read users.profile:read users:read users:read.email,,
https://slack.com/marketplace/A02KQC0FURL-comeen-workplace,Comeen Workplace & Slack Integration | Slack Marketplace,Free and paid plans available,chat:write email im:history im:write openid users:read users:read.email,,
https://slack.com/marketplace/A02KUJP3DEV-liquidplanner,LiquidPlanner & Slack Integration | Slack Marketplace,Paid with free trial,chat:write,,
https://slack.com/marketplace/A02KXQLNW8Y-usbim,usBIM & Slack Integration | Slack Marketplace,Free,app_mentions:read channels:join channels:read chat:write commands files:read groups:read im:history im:read mpim:read users:read users:read.email,,
https://slack.com/marketplace/A02L03DKFKM-backtrace,Backtrace & Slack Integration | Slack Marketplace,Free,chat:write chat:write.public,,
https://slack.com/marketplace/A02LAQJHFQW-formsapp,forms.app & Slack Integration | Slack Marketplace,Free and paid plans available,channels:join channels:read chat:write groups:read im:read im:write users:read users:read.email,,
https://slack.com/marketplace/A02LASDL63B-docs-for-confluence,Docs+ for Confluence & Slack Integration | Slack Marketplace,Paid with free trial,channels:history channels:join channels:read chat:write commands files:read groups:history groups:read im:history im:read im:write mpim:history mpim:read mpim:write pins:write reactions:read team:read users:read users:read.email,,
https://slack.com/marketplace/A02LMQGEKAM-smartnotify,SmartNotify & Slack Integration | Slack Marketplace,Paid with free trial,incoming-webhook,,
https://slack.com/marketplace/A02M63H5ANT-ip2whois,IP2WHOIS & Slack Integration | Slack Marketplace,Free,commands,,
https://slack.com/marketplace/A02MASMAFS5-polymer,Polymer & Slack Integration | Slack Marketplace,Free and paid plans available,channels:join channels:read chat:write,,
https://slack.com/marketplace/A02MCEC1UMQ-dbgallery,DBGallery & Slack Integration | Slack Marketplace,Free and paid plans available,channels:join channels:read chat:write commands files:write incoming-webhook,,
https://slack.com/marketplace/A02MCHQQUTY-allvoices-admin,AllVoices - Admin & Slack Integration | Slack Marketplace,Included with service subscription,app_mentions:read channels:history channels:join channels:manage channels:read chat:write commands files:read groups:history groups:read groups:write im:history im:write mpim:history users.profile:read users:read users:read.email,,
https://slack.com/marketplace/A02MJR2A7TQ-rotation-app,Rotation App & Slack Integration | Slack Marketplace,Free and paid plans available,app_mentions:read channels:read chat:write chat:write.public usergroups:read usergroups:write users:read,,
https://slack.com/marketplace/A02MW3SC24F-genuity,Genuity & Slack Integration | Slack Marketplace,Paid with free trial,channels:history channels:manage chat:write chat:write.public commands im:history incoming-webhook users:read users:read.email,,
https://slack.com/marketplace/A02MWSA4NR2-assort,Assort & Slack Integration | Slack Marketplace,Free and paid plans available,app_mentions:read channels:history channels:read chat:write chat:write.public commands email groups:history groups:read im:history im:read mpim:read openid profile team.billing:read team:read users:read,,
https://slack.com/marketplace/A02MZ3DMPED-dovetail,Dovetail & Slack Integration | Slack Marketplace,Paid with free trial,app_mentions:read assistant:write channels:history channels:join channels:read chat:write commands files:write groups:history groups:read im:history im:write links.embed:write links:read links:write mpim:history reactions:read search:read.im search:read.mpim search:read.private search:read.public search:read.users team:read users:read,,
https://slack.com/marketplace/A02N736UC9Y-contentful,Contentful & Slack Integration | Slack Marketplace,Free,channels:read chat:write team:read,,
https://slack.com/marketplace/A02N9735YP8-stravito-share,Stravito Share & Slack Integration | Slack Marketplace,Paid,channels:read chat:write groups:read im:read im:write mpim:read mpim:write users:read,,
https://slack.com/marketplace/A02NAULLCG1-jira-service-management-chatops,Jira Service Management ChatOps & Slack Integration | Slack Marketplace,Free and paid plans available,bookmarks:write channels:history channels:join channels:manage channels:read channels:write.invites channels:write.topic chat:write commands files:write groups:history groups:read groups:write.invites groups:write.topic im:read im:write incoming-webhook mpim:read mpim:write pins:write reactions:read team:read users:read users:read.email,,
https://slack.com/marketplace/A02NJGJHSG4-status-updates-via-sorry,Status Updates via Sorry™ & Slack Integration | Slack Marketplace,Paid with free trial,incoming-webhook,,
https://slack.com/marketplace/A02NN8UDXNV-yobi,Yobi & Slack Integration | Slack Marketplace,Free and paid plans available,channels:read chat:write chat:write.public,,
https://slack.com/marketplace/A02NRM5HGBE-postman,Postman & Slack Integration | Slack Marketplace,Free,app_mentions:read channels:history channels:read chat:write chat:write.customize chat:write.public commands files:read files:write groups:history groups:read groups:write.invites im:read im:write links:read links:write mpim:history mpim:read mpim:write reactions:read reactions:write team:read users:read users:read.email,,
https://slack.com/marketplace/A02P7KXAG12-kno,Kno & Slack Integration | Slack Marketplace,Free,app_mentions:read chat:write im:history users:read users:read.email,,
https://slack.com/marketplace/A02PDDSHMMF-lunchkin,lunchkin & Slack Integration | Slack Marketplace,Paid with free trial,channels:history channels:join channels:manage channels:read chat:write email groups:history groups:read openid profile reactions:read users:read users:read.email,,
https://slack.com/marketplace/A02PDFHC1NX-amplitude,Amplitude & Slack Integration | Slack Marketplace,Free,app_mentions:read assistant:write canvases:read canvases:write channels:history channels:join channels:read channels:write chat:write email files:read files:write groups:history groups:read groups:write im:history im:read links:read links:write mcp:connect mpim:history mpim:read openid profile reactions:read reactions:write search:read.files search:read.im search:read.mpim search:read.private search:read.public search:read.users users:read users:read.email,,
https://slack.com/marketplace/A02PLHFNPUK-optimizely,Optimizely & Slack Integration | Slack Marketplace,Free and paid plans available,channels:read chat:write chat:write.public commands groups:read team:read users:read users:read.email,,
https://slack.com/marketplace/A02PWPA3TS4-cast-hr-platform,Cast HR Platform & Slack Integration | Slack Marketplace,Free and paid plans available,channels:join channels:read channels:write.invites chat:write chat:write.public commands email links:read links:write openid profile team:read users.profile:read users.profile:write users:read users:read.email,,
https://slack.com/marketplace/A02QCR65KGR-waybook,Waybook & Slack Integration | Slack Marketplace,Paid with free trial,chat:write chat:write.public commands links:read links:write team:read users:read,,
https://slack.com/marketplace/A02QHEFH02E-upsider,UPSIDER & Slack Integration | Slack Marketplace,Free,app_mentions:read channels:history channels:read chat:write chat:write.public files:read groups:history groups:read im:write reactions:read reactions:write team:read users:read users:read.email,,
https://slack.com/marketplace/A02QP74TN6P-ricotta-todo-list,Ricotta Todo List & Slack Integration | Slack Marketplace,Paid with free trial,channels:read chat:write chat:write.public commands im:read im:write mpim:read mpim:write users:read users:read.email,,
https://slack.com/marketplace/A02QRERAX25-asante-recognition-rewards,Asante | Recognition & Rewards & Slack Integration | Slack Marketplace,Free and paid plans available,channels:history channels:join channels:read chat:write email im:write openid profile reactions:read team:read users:read users:read.email users:write,,
https://slack.com/marketplace/A02R6NM9B38-reflag,Reflag & Slack Integration | Slack Marketplace,Free and paid plans available,channels:read chat:write chat:write.public,,
https://slack.com/marketplace/A02R6P2UEF4-gif-monger,GIF Monger & Slack Integration | Slack Marketplace,Free,channels:read chat:write commands groups:read im:read mpim:read users:read,,
https://slack.com/marketplace/A02R6RCP3GD-mutexbot,MutexBot & Slack Integration | Slack Marketplace,Free and paid plans available,commands incoming-webhook,,
https://slack.com/marketplace/A02RHUFQ2UR-clearfeed,ClearFeed & Slack Integration | Slack Marketplace,Paid with free trial,app_mentions:read channels:history channels:join channels:manage channels:read chat:write chat:write.customize chat:write.public commands files:read files:write groups:history groups:read groups:write im:history im:read im:write lists:read lists:write reactions:read reactions:write team:read usergroups:read users.profile:read users:read users:read.email users:write,,
https://slack.com/marketplace/A02RLTBB4TW-simple-todo-list,Simple Todo List & Slack Integration | Slack Marketplace,Paid with free trial,chat:write chat:write.public commands,,
https://slack.com/marketplace/A02RM0TUG3H-timeclock-365,TimeClock 365 & Slack Integration | Slack Marketplace,Paid with free trial,commands users.profile:read users.profile:write,,
https://slack.com/marketplace/A02RQNX4SBB-coffice-recognize-celebrate,Coffice - Recognize & Celebrate & Slack Integration | Slack Marketplace,Free,channels:history channels:join channels:manage channels:read chat:write email emoji:read openid profile reactions:read reactions:write team:read users:read users:read.email,,
https://slack.com/marketplace/A02S49RH3T4-staircase-ai,Staircase AI & Slack Integration | Slack Marketplace,Paid with free trial,channels:history channels:read chat:write commands groups:history groups:read im:history users:read users:read.email,,
https://slack.com/marketplace/A02SA0ZHLP6-medallia,Medallia & Slack Integration | Slack Marketplace,Paid,chat:write chat:write.public im:write users:read users:read.email,,
https://slack.com/marketplace/A02SG3VL6QK-finny-by-nova,Finny by Nova & Slack Integration | Slack Marketplace,Paid,channels:history channels:join channels:manage channels:read chat:write users:read users:read.email,,
https://slack.com/marketplace/A02STM3M664-sifflet-app,Sifflet App & Slack Integration | Slack Marketplace,Included with service subscription,channels:read chat:write chat:write.public groups:read,,
https://slack.com/marketplace/A02T0TNLBNE-oro-labs,Oro Labs & Slack Integration | Slack Marketplace,Paid,chat:write im:history users:read users:read.email,,
https://slack.com/marketplace/A02T52Z1QGM-basin,Basin & Slack Integration | Slack Marketplace,Paid with free trial,incoming-webhook,,
https://slack.com/marketplace/A02T59R5J4V-graphite,Graphite & Slack Integration | Slack Marketplace,Free,chat:write files:write im:write links:read links:write reactions:read users:read,,
https://slack.com/marketplace/A02T5MBC92M-b2brain,B2Brain & Slack Integration | Slack Marketplace,Paid with free trial,channels:read chat:write chat:write.public commands reactions:read users:read users:read.email,,
https://slack.com/marketplace/A02T992S3FE-tisane-bot,Tisane Bot & Slack Integration | Slack Marketplace,Free and paid plans available,channels:history channels:join channels:read chat:write commands im:write users.profile:read users:read,,
https://slack.com/marketplace/A02TJD2A21J-calendaranything-integration,CalendarAnything Integration & Slack Integration | Slack Marketplace,Free,channels:history channels:join channels:read chat:write im:read users:read,,
https://slack.com/marketplace/A02TKF03P5H-contentsquare-for-slack,Contentsquare for Slack & Slack Integration | Slack Marketplace,Included with service subscription,channels:read chat:write chat:write.public,,
https://slack.com/marketplace/A02U1DU291T-account-engagement-for-slack,Account Engagement for Slack & Slack Integration | Slack Marketplace,Paid,channels:read chat:write chat:write.customize chat:write.public team:read users:read,,
https://slack.com/marketplace/A02U5E48DMK-dankon,dankon & Slack Integration | Slack Marketplace,Paid with free trial,app_mentions:read channels:join channels:read chat:write chat:write.public commands groups:read mpim:read reactions:write users:read,,
https://slack.com/marketplace/A02U677EA2Z-jetdocs,Jetdocs & Slack Integration | Slack Marketplace,Free and paid plans available,chat:write commands email im:write openid profile users:read users:read.email,,
https://slack.com/marketplace/A02UAGZ9D32-org-chart-by-deel,Org Chart ⚡ by Deel & Slack Integration | Slack Marketplace,Paid with free trial,app_mentions:read chat:write chat:write.public commands files:read im:history im:write team:read users.profile:read users:read users:read.email,,
https://slack.com/marketplace/A02UBT69ME1-movezengo,MoveZenGo & Slack Integration | Slack Marketplace,Free and paid plans available,app_mentions:read channels:join channels:read chat:write commands groups:read users:read users:read.email,,
https://slack.com/marketplace/A02UEQA6CPM-unifi-identity,UniFi Identity & Slack Integration | Slack Marketplace,Free,chat:write im:history team:read users:read users:read.email,,
https://slack.com/marketplace/A02UR0NJ3BK-surfboard,Surfboard & Slack Integration | Slack Marketplace,Paid with free trial,chat:write commands im:history,,
https://slack.com/marketplace/A02UR8KSFAA-lawvu-europe,LawVu Europe & Slack Integration | Slack Marketplace,Paid,chat:write commands emoji:read files:read users:read,,
https://slack.com/marketplace/A02URF55J8N-lawvu-usa,LawVu USA & Slack Integration | Slack Marketplace,Paid,chat:write commands emoji:read files:read users:read,,
https://slack.com/marketplace/A02UU8DA7PE-flockjay,Flockjay & Slack Integration | Slack Marketplace,Included with service subscription,app_mentions:read channels:history chat:write chat:write.public commands files:read groups:history im:history im:write links:read links:write reactions:write users:read users:read.email,,
https://slack.com/marketplace/A02UV8GTCRK-lawvu-apac,LawVu APAC & Slack Integration | Slack Marketplace,Paid,chat:write commands emoji:read files:read users:read,,
https://slack.com/marketplace/A02UXFG8SUB-columns,Columns & Slack Integration | Slack Marketplace,Free and paid plans available,chat:write chat:write.customize chat:write.public commands incoming-webhook,,
https://slack.com/marketplace/A02UZ9K6GDU-optimizely,Optimizely++ & Slack Integration | Slack Marketplace,Paid with free trial,channels:read chat:write chat:write.public commands groups:read,,
https://slack.com/marketplace/A0308JG67U0-splats,SPLATS & Slack Integration | Slack Marketplace,Free,channels:read channels:write chat:write groups:read groups:write,,
https://slack.com/marketplace/A03090033NH-customer-fields,Customer Fields & Slack Integration | Slack Marketplace,Paid with free trial,channels:read chat:write chat:write.public,,
https://slack.com/marketplace/A030A17S5GR-bleemeo,Bleemeo & Slack Integration | Slack Marketplace,Paid with free trial,chat:write,,
https://slack.com/marketplace/A030K0ENHEK-tickkl,Tickkl & Slack Integration | Slack Marketplace,Free and paid plans available,commands,,
https://slack.com/marketplace/A030L55S8JK-cisco-secure-cloud-insights,Cisco Secure Cloud Insights & Slack Integration | Slack Marketplace,Free,channels:read chat:write chat:write.public users:read users:read.email,,
https://slack.com/marketplace/A030R21G519-fileopen-sharebot,FileOpen Sharebot & Slack Integration | Slack Marketplace,Paid with free trial,app_mentions:read channels:read chat:write chat:write.public commands files:read files:write groups:read im:history im:read im:write mpim:read openid profile remote_files:share remote_files:write team:read users:read users:read.email,,
https://slack.com/marketplace/A030VGB7UJX-expertconnect,ExpertConnect & Slack Integration | Slack Marketplace,Free,chat:write im:history users.profile:read,,
https://slack.com/marketplace/A031299JU9W-gamma,Gamma & Slack Integration | Slack Marketplace,Free and paid plans available,app_mentions:read assistant:write canvases:read channels:history channels:read chat:write emoji:read files:read groups:history groups:read im:history im:read im:write links:read links:write mcp:connect mpim:history mpim:read reactions:read reactions:write search:read.files search:read.im search:read.mpim search:read.private search:read.public search:read.users users:read users:read.email,,
https://slack.com/marketplace/A03196SRP2S-simplest-tracker,Simplest Tracker & Slack Integration | Slack Marketplace,Free and paid plans available,chat:write commands im:history openid team:read users:read users:read.email,,
https://slack.com/marketplace/A031B4EE2BY-personizer,Personizer & Slack Integration | Slack Marketplace,Included with service subscription,chat:write users.profile:read users.profile:write users:read,,
https://slack.com/marketplace/A031BBEQSV6-maxiq,MaxIQ & Slack Integration | Slack Marketplace,Included with service subscription,chat:write incoming-webhook users:read users:read.email,,
https://slack.com/marketplace/A031D6SD4ER-rocketlane,Rocketlane & Slack Integration | Slack Marketplace,Paid with free trial,channels:join channels:manage channels:read chat:write chat:write.public commands groups:read groups:write links:read links:write remote_files:write users:read users:read.email,,
https://slack.com/marketplace/A031FUDBUSX-komodor,Komodor & Slack Integration | Slack Marketplace,Paid with free trial,channels:read chat:write chat:write.public,,
https://slack.com/marketplace/A031K71RRCJ-qbit,Qbit & Slack Integration | Slack Marketplace,Paid,app_mentions:read channels:join channels:read chat:write commands files:read im:history im:read im:write users.profile:read users:read users:read.email,,
https://slack.com/marketplace/A031V1FKWG7-solarwinds-incident-response-eu,SolarWinds Incident Response (EU) & Slack Integration | Slack Marketplace,Free and paid plans available,app_mentions:read channels:join channels:read channels:write chat:write commands groups:read groups:write im:read im:write mpim:read mpim:write team:read users:read users:read.email,,
https://slack.com/marketplace/A031XRE3V2T-screeb,Screeb & Slack Integration | Slack Marketplace,Paid with free trial,channels:read chat:write chat:write.public,,
https://slack.com/marketplace/A03269G3DNE-salesforce-automations-legacy,Salesforce Automations (Legacy) & Slack Integration | Slack Marketplace,Included with service subscription,app_mentions:read channels:join channels:manage channels:read chat:write chat:write.public commands groups:read groups:write im:read im:write links:read links:write mpim:read mpim:write pins:write team:read users:read users:read.email,,
https://slack.com/marketplace/A0326RJKQ8H-plus,Plus & Slack Integration | Slack Marketplace,Free,channels:join chat:write links:read links:write users:read,,
https://slack.com/marketplace/A032N0PBZNJ-antenna,Antenna & Slack Integration | Slack Marketplace,Free and paid plans available,channels:manage channels:read chat:write chat:write.customize chat:write.public commands groups:read team:read users.profile:read users:read,,
https://slack.com/marketplace/A032UBHRD6Y-alation,Alation & Slack Integration | Slack Marketplace,Included with service subscription,channels:join channels:read chat:write chat:write.public commands im:write links:read links:write users:read,,
https://slack.com/marketplace/A032WBM72TF-buddy-eu,Buddy EU & Slack Integration | Slack Marketplace,Free and paid plans available,channels:read chat:write files:write groups:read users:read,,
https://slack.com/marketplace/A03302R6LJK-devcycle,DevCycle & Slack Integration | Slack Marketplace,Free,channels:read chat:write chat:write.public commands team:read,,
https://slack.com/marketplace/A03367CH8UX-student-success-alerts,Student Success Alerts & Slack Integration | Slack Marketplace,Free and paid plans available,chat:write commands,,
https://slack.com/marketplace/A033H5SKNMA-cisco-identity-intelligence,Cisco Identity Intelligence & Slack Integration | Slack Marketplace,Paid with free trial,channels:read chat:write chat:write.public files:write groups:read im:write users:read users:read.email,,
https://slack.com/marketplace/A033LC828CD-skyhighsecurity-for-enterprise,skyhighsecurity_for_enterprise & Slack Integration | Slack Marketplace,Paid,admin admin.apps:read admin.apps:write admin.conversations:write auditlogs:read channels:history channels:read channels:write chat:write chat:write.public discovery:read discovery:write files:read files:write groups:history groups:read groups:write im:write team:read users:read users:read.email,,
https://slack.com/marketplace/A034T9X5YAU-inclusive-bot,Inclusive Bot & Slack Integration | Slack Marketplace,Paid with free trial,app_mentions:read channels:history channels:join channels:manage channels:read chat:write groups:history mpim:history mpim:read reactions:read reactions:write,,
https://slack.com/marketplace/A034UAKR729-perkforce,perkforce & Slack Integration | Slack Marketplace,Free,channels:read chat:write chat:write.public,,
https://slack.com/marketplace/A03507W9CCT-onboard,Onboard & Slack Integration | Slack Marketplace,Included with service subscription,app_mentions:read channels:history channels:join channels:read chat:write chat:write.customize commands files:read groups:history groups:read im:history reactions:write users:read users:read.email,,
https://slack.com/marketplace/A035HPU2VBP-batonn,batonnアシスタントリクルーター & Slack Integration | Slack Marketplace,Free,chat:write users:read users:read.email,,
https://slack.com/marketplace/A035LANLUB1-offstack,OffStack & Slack Integration | Slack Marketplace,Free and paid plans available,chat:write chat:write.public commands email openid profile team:read,,
https://slack.com/marketplace/A035P3HMKDZ-balsamiq,Balsamiq & Slack Integration | Slack Marketplace,Paid with free trial,channels:read channels:write chat:write commands groups:read groups:write links:read links:write users:read,,
https://slack.com/marketplace/A035XRZT65B-simplebooklet,Simplebooklet & Slack Integration | Slack Marketplace,Free and paid plans available,channels:read chat:write chat:write.public commands groups:read,,
https://slack.com/marketplace/A035ZEVGY5P-videocafelive,VideoCafe.live & Slack Integration | Slack Marketplace,Paid with free trial,commands email openid profile users:read users:read.email,,
https://slack.com/marketplace/A036HRQD658-nimbata,Nimbata & Slack Integration | Slack Marketplace,Included with service subscription,channels:read chat:write chat:write.customize chat:write.public groups:read,,
https://slack.com/marketplace/A036TGJ70F7-care-coordination-for-slack,Care Coordination for Slack & Slack Integration | Slack Marketplace,Included with service subscription,channels:manage channels:read chat:write groups:read groups:write team:read,,
https://slack.com/marketplace/A036YD4PUBW-breakthru,Breakthru & Slack Integration | Slack Marketplace,Free,app_mentions:read channels:history channels:read chat:write chat:write.public files:write im:history,,
https://slack.com/marketplace/A0370TC3ZQR-3veta,3veta & Slack Integration | Slack Marketplace,Paid,chat:write commands,,
https://slack.com/marketplace/A0375GUT3ED-vistaly,Vistaly & Slack Integration | Slack Marketplace,Paid with free trial,channels:history chat:write commands im:history im:write links:read links:write users:read users:read.email,,
https://slack.com/marketplace/A037EE1D4D6-zscaler-saas-connector-zsgov-01,Zscaler SaaS Connector ZsGov 01 & Slack Integration | Slack Marketplace,Paid,admin.teams:read auditlogs:read channels:manage channels:read chat:write discovery:read discovery:write files:read files:write groups:read groups:write im:read im:write mpim:read mpim:write team:read,,
https://slack.com/marketplace/A037KHLBMKK-zight-screen-recorder,Zight Screen Recorder & Slack Integration | Slack Marketplace,Free and paid plans available,chat:write commands email links:read links:write openid profile,,
https://slack.com/marketplace/A037QJBQRRP-thoughtspot-sync,ThoughtSpot Sync & Slack Integration | Slack Marketplace,Paid with free trial,channels:read chat:write files:write groups:read,,
https://slack.com/marketplace/A037WHB910R-umbrella-cost,Umbrella Cost & Slack Integration | Slack Marketplace,Included with service subscription,channels:join channels:read chat:write files:write groups:read,,
https://slack.com/marketplace/A037WR8FJ91-amplify-by-hootsuite,Amplify by Hootsuite & Slack Integration | Slack Marketplace,Paid,links:read links:write,,
https://slack.com/marketplace/A0383BE612N-amex-gbt,Amex GBT & Slack Integration | Slack Marketplace,Paid,chat:write im:history,,
https://slack.com/marketplace/A03851ATQE7-grain,Grain & Slack Integration | Slack Marketplace,Free and paid plans available,channels:read chat:write chat:write.public groups:read groups:write team:read users:read,,
https://slack.com/marketplace/A0386AUGMU7-cotogoto-for-noby,CotoGoto for Noby & Slack Integration | Slack Marketplace,Free,commands,,
https://slack.com/marketplace/A0386K309SA-archive360-for-slack,Archive360 for Slack & Slack Integration | Slack Marketplace,Paid,channels:history discovery:read,,
https://slack.com/marketplace/A038FEW9F09-nemonic,Nemonic & Slack Integration | Slack Marketplace,Free,chat:write commands users:read users:read.email,,
https://slack.com/marketplace/A038KPQ597C-superthread,Superthread & Slack Integration | Slack Marketplace,Included with service subscription,chat:write incoming-webhook links.embed:write links:read links:write,,
https://slack.com/marketplace/A039B60PNQ5-louddoc,LoudDoc & Slack Integration | Slack Marketplace,Free and paid plans available,channels:read chat:write chat:write.public commands,,
https://slack.com/marketplace/A039E3XEZBP-vwo-wingify,VWO (Wingify) & Slack Integration | Slack Marketplace,Paid with free trial,channels:read chat:write chat:write.public groups:read incoming-webhook users:read users:read.email,,
https://slack.com/marketplace/A039K7N919D-tella,Tella & Slack Integration | Slack Marketplace,Free and paid plans available,links.embed:write links:read links:write,,
https://slack.com/marketplace/A039LQUTT1P-uplimit,Uplimit & Slack Integration | Slack Marketplace,Included with service subscription,channels:join channels:manage channels:read chat:write chat:write.customize commands groups:read im:history im:read im:write mpim:read mpim:write reactions:read users:read users:read.email,,
https://slack.com/marketplace/A039XJL4ZB8-prospero-proposals,Prospero Proposals & Slack Integration | Slack Marketplace,Paid with free trial,incoming-webhook,,
https://slack.com/marketplace/A039Y5378CQ-sec-filing-bot,SEC Filing Bot & Slack Integration | Slack Marketplace,Paid,app_mentions:read chat:write commands conversations.connect:manage conversations.connect:read conversations.connect:write email groups:read groups:write im:history im:read openid profile,,
https://slack.com/marketplace/A03A6PWSNFN-guul,Guul & Slack Integration | Slack Marketplace,Free and paid plans available,channels:join channels:manage channels:read chat:write commands email openid profile users:read users:read.email,,
https://slack.com/marketplace/A03A8S3HFAP-rosters-rotations,Rosters & Rotations & Slack Integration | Slack Marketplace,Free and paid plans available,channels:join channels:read channels:write.topic chat:write commands groups:read groups:write.topic team:read users:read,,
https://slack.com/marketplace/A03AJL7CT09-trova-connections,Trova Connections & Slack Integration | Slack Marketplace,Paid with free trial,channels:history channels:manage channels:read chat:write chat:write.customize chat:write.public commands email groups:history groups:read groups:write groups:write.invites im:history mpim:history mpim:write openid profile reactions:read team:read users.profile:read users.profile:write users:read users:read.email,,
https://slack.com/marketplace/A03AQC7HK5G-canopact,Canopact & Slack Integration | Slack Marketplace,Paid with free trial,chat:write commands users:read users:read.email,,
https://slack.com/marketplace/A03ASJHQEHZ-hex,Hex & Slack Integration | Slack Marketplace,Free and paid plans available,app_mentions:read channels:history channels:join channels:read chat:write chat:write.public files:read files:write groups:history groups:read im:history mpim:history mpim:read openid profile reactions:read reactions:write users:read users:read.email,,
https://slack.com/marketplace/A03AUS2UQHX-outplayhq,OutplayHQ & Slack Integration | Slack Marketplace,Paid with free trial,channels:manage channels:read chat:write commands groups:read im:history,,
https://slack.com/marketplace/A03AWTGKDGF-zoho-meeting,Zoho Meeting & Slack Integration | Slack Marketplace,Free and paid plans available,chat:write commands,,
https://slack.com/marketplace/A03AZSSSNM6-activecampaign-bot,ActiveCampaign Bot & Slack Integration | Slack Marketplace,Paid with free trial,chat:write commands im:read links:read links:write users:read,,
https://slack.com/marketplace/A03B3JB0PB2-globalping,Globalping & Slack Integration | Slack Marketplace,Free,app_mentions:read channels:read chat:write chat:write.public commands groups:read im:history im:read im:write mpim:read users:read,,
https://slack.com/marketplace/A03B6PPLJRK-workbot-sg,Workbot SG & Slack Integration | Slack Marketplace,Paid with free trial,app_mentions:read channels:read chat:write files:read files:write groups:read identity.basic identity.email identity.team im:history im:write mpim:read users:read users:read.email,,
https://slack.com/marketplace/A03B9M0JJHY-workato-sg,Workato SG & Slack Integration | Slack Marketplace,Paid with free trial,channels:read channels:write chat:write groups:read groups:write im:read im:write mpim:read mpim:write users:read users:read.email,,
https://slack.com/marketplace/A03BDVDBN73-easyllama,EasyLlama & Slack Integration | Slack Marketplace,Included with service subscription,chat:write incoming-webhook users:read users:read.email,,
https://slack.com/marketplace/A03C59P974N-precoro,Precoro & Slack Integration | Slack Marketplace,Paid with free trial,chat:write files:write im:history users:read users:read.email,,
https://slack.com/marketplace/A03CG5AP4CE-campsite,Campsite & Slack Integration | Slack Marketplace,Free and paid plans available,channels:join channels:read chat:write groups:read im:write links:read links:write team:read,,
https://slack.com/marketplace/A03CN30G7U5-laplace,Laplace & Slack Integration | Slack Marketplace,Free and paid plans available,incoming-webhook,,
https://slack.com/marketplace/A03CS0D6S2Y-lets-come-in,Let's Come In & Slack Integration | Slack Marketplace,Free and paid plans available,app_mentions:read channels:join chat:write links:read users.profile:write users:read users:read.email,,
https://slack.com/marketplace/A03CX7R401L-airfocus,airfocus & Slack Integration | Slack Marketplace,Paid with free trial,chat:write commands links:read links:write users:read,,
https://slack.com/marketplace/A03D0BPNP3J-questmate,Questmate & Slack Integration | Slack Marketplace,Free and paid plans available,channels:join channels:read chat:write files:write users:read users:read.email,,
https://slack.com/marketplace/A03D6HS2VB9-selldone,Selldone & Slack Integration | Slack Marketplace,Free and paid plans available,incoming-webhook,,
https://slack.com/marketplace/A03D8L9LD9U-thinkladder-insight-finder,Thinkladder Insight Finder & Slack Integration | Slack Marketplace,Free and paid plans available,chat:write users:read,,
https://slack.com/marketplace/A03DHSH5Z0A-nuclei-capture,Nuclei Capture & Slack Integration | Slack Marketplace,Included with service subscription,discovery:read discovery:write,,
https://slack.com/marketplace/A03E8BHL0Q0-wayleadr,Wayleadr & Slack Integration | Slack Marketplace,Included with service subscription,chat:write commands im:history users:read users:read.email,,
https://slack.com/marketplace/A03EGH40GR5-challengerunner,ChallengeRunner & Slack Integration | Slack Marketplace,Free and paid plans available,incoming-webhook,,
https://slack.com/marketplace/A03ET0YMPFE-anonymous-honestbot,Anonymous Honestbot & Slack Integration | Slack Marketplace,Free and paid plans available,channels:read chat:write chat:write.public commands groups:read mpim:read openid team:read usergroups:read users:read users:read.email,,
https://slack.com/marketplace/A03EX57MU9X-blink,Blink & Slack Integration | Slack Marketplace,Paid,channels:manage channels:read channels:write chat:write chat:write.public commands files:write groups:write im:read im:write mpim:write reactions:write team:read usergroups:write users.profile:read users:read users:read.email,,
https://slack.com/marketplace/A03F38P6Q91-kantata-ox,Kantata OX & Slack Integration | Slack Marketplace,Free and paid plans available,chat:write im:write users:read users:read.email,,
https://slack.com/marketplace/A03F3QTAU0N-cyberday,Cyberday & Slack Integration | Slack Marketplace,Paid with free trial,chat:write users:read users:read.email,,
https://slack.com/marketplace/A03F8FZGM3J-pagerly,Pagerly & Slack Integration | Slack Marketplace,Paid with free trial,app_mentions:read channels:join channels:manage channels:read chat:write chat:write.public commands email groups:read groups:write openid profile team:read usergroups:read usergroups:write users:read users:read.email,,
https://slack.com/marketplace/A03FEUU28GL-adscook,Adscook & Slack Integration | Slack Marketplace,Paid with free trial,incoming-webhook,,
https://slack.com/marketplace/A03FQ4K7YL8-deepsource,DeepSource & Slack Integration | Slack Marketplace,Free and paid plans available,channels:read chat:write chat:write.public groups:read,,
https://slack.com/marketplace/A03FS2UFR4N-facilitybot,FacilityBot & Slack Integration | Slack Marketplace,Paid with free trial,chat:write files:read im:history links.embed:write links:read links:write users:read users:read.email,,
https://slack.com/marketplace/A03G2V19KJ6-klutch-wiki-canned-responses,Klutch Wiki & Canned Responses & Slack Integration | Slack Marketplace,Free and paid plans available,commands users:read users:read.email,,
https://slack.com/marketplace/A03G65PD1FT-acquirecom,Acquire.com & Slack Integration | Slack Marketplace,Free,chat:write commands im:write users:read users:read.email,,
https://slack.com/marketplace/A03G8JQLQGP-ocr-image-to-text,,,,,erreur
https://slack.com/marketplace/A03G9FPR318-factorsai,Factors.ai & Slack Integration | Slack Marketplace,Free and paid plans available,channels:read chat:write chat:write.public groups:read mpim:read users:read users:read.email,,
https://slack.com/marketplace/A03GGTSD6CB--plus,マネーフォワード クラウド勤怠Plus & Slack Integration | Slack Marketplace,Included with service subscription,app_mentions:read channels:history chat:write,,
https://slack.com/marketplace/A03GL8HMPGC-everafter,EverAfter & Slack Integration | Slack Marketplace,Paid,channels:read chat:write chat:write.customize chat:write.public groups:read im:history users:read users:read.email,,
https://slack.com/marketplace/A03HQ5GGCCC-formaloobot,FormalooBot & Slack Integration | Slack Marketplace,Free and paid plans available,incoming-webhook,,
https://slack.com/marketplace/A03J0S62D7T-suiteop,SuiteOp & Slack Integration | Slack Marketplace,Included with service subscription,channels:read chat:write chat:write.public,,
https://slack.com/marketplace/A03J3H06R3N-sana,Sana & Slack Integration | Slack Marketplace,Paid,chat:write users:read users:read.email,,
https://slack.com/marketplace/A03J91GHL1L-foreman-todd,Foreman Todd & Slack Integration | Slack Marketplace,Free,chat:write commands,,
https://slack.com/marketplace/A03JA1MJS64-webwork,WebWork & Slack Integration | Slack Marketplace,Included with service subscription,app_mentions:read channels:history channels:join channels:read chat:write commands email groups:history groups:read im:history im:read mpim:history mpim:read openid profile users:read users:read.email,,
https://slack.com/marketplace/A03JBJP0E2X-shakaflow,ShakaFlow & Slack Integration | Slack Marketplace,Free,app_mentions:read assistant:write channels:history channels:manage channels:read channels:write.invites chat:write chat:write.customize chat:write.public commands files:read files:write groups:history groups:read groups:write groups:write.invites im:history im:write mpim:history mpim:read mpim:write users:read users:read.email,,
https://slack.com/marketplace/A03JJFCRKPG-unleash,Unleash & Slack Integration | Slack Marketplace,Paid with free trial,assistant:write channels:history channels:read chat:write commands email files:read groups:history groups:read im:history mpim:read openid profile reactions:read reactions:write users:read users:read.email,,
https://slack.com/marketplace/A03JXC6JM8S-ibm-video-streaming,IBM Video Streaming & Slack Integration | Slack Marketplace,Free,links.embed:write links:read links:write,,
https://slack.com/marketplace/A03JYBLAUKX-follow-up-bot,Follow Up Bot & Slack Integration | Slack Marketplace,Paid with free trial,app_mentions:read channels:history channels:join channels:read chat:write commands email groups:history groups:read im:history openid reactions:read users:read users:read.email,,
https://slack.com/marketplace/A03KF45T8R0-revoluspace-desk-booking,Revoluspace - Desk Booking & Slack Integration | Slack Marketplace,Free and paid plans available,channels:read chat:write email im:read im:write openid profile users.profile:write users:read users:read.email,,
https://slack.com/marketplace/A03KG803QFJ-archie,Archie & Slack Integration | Slack Marketplace,Included with service subscription,chat:write team:read users:read users:read.email,,
https://slack.com/marketplace/A03KNRBDXNH-instant-answers-by-questionpro,Instant Answers by QuestionPro & Slack Integration | Slack Marketplace,Free and paid plans available,channels:read chat:write chat:write.public commands groups:read mpim:read,,
https://slack.com/marketplace/A03KUD7DE76-air,Air & Slack Integration | Slack Marketplace,Free and paid plans available,incoming-webhook,,
https://slack.com/marketplace/A03KX5302G7-summize-assistant,Summize Assistant & Slack Integration | Slack Marketplace,Included with service subscription,chat:write files:read files:write im:history,,
https://slack.com/marketplace/A03KZCXF9DZ-salesmsg,Salesmsg & Slack Integration | Slack Marketplace,Paid with free trial,channels:history channels:join channels:manage channels:read chat:write chat:write.customize commands files:read users:read users:read.email,,
https://slack.com/marketplace/A03LC8QTP9D-speetals,Speetals & Slack Integration | Slack Marketplace,Paid,incoming-webhook,,
https://slack.com/marketplace/A03LEUBSKTR-multicollab,Multicollab & Slack Integration | Slack Marketplace,Paid with free trial,channels:read channels:write chat:write commands groups:read groups:write incoming-webhook,,
https://slack.com/marketplace/A03LFC1VDA4-compliancecow-connector-for-slack,ComplianceCow Connector for Slack & Slack Integration | Slack Marketplace,Free,channels:history channels:read chat:write files:read files:write groups:history groups:read im:history im:read im:write mpim:history team:read users:read users:read.email,,
https://slack.com/marketplace/A03M3FN0RSQ-posthog,PostHog & Slack Integration | Slack Marketplace,Free and paid plans available,app_mentions:read assistant:write canvases:write channels:history channels:manage channels:read chat:write chat:write.customize commands email files:read files:write groups:history groups:read im:history links:read links:write mpim:history mpim:read openid profile reactions:read reactions:write team:read users:read users:read.email,,
https://slack.com/marketplace/A03MBD331P0-obsidian-security,Obsidian Security & Slack Integration | Slack Marketplace,Paid,admin admin.apps:read admin.conversations:read admin.invites:read admin.roles:read admin.teams:read admin.usergroups:read admin.users:read auditlogs:read channels:read files:read groups:read team.preferences:read team:read usergroups:read users.profile:read users:read users:read.email,,
https://slack.com/marketplace/A03MGFYHE7J-tropic,Tropic & Slack Integration | Slack Marketplace,Included with service subscription,chat:write users:read users:read.email,,
https://slack.com/marketplace/A03MPK3K4AZ-conveer,Conveer & Slack Integration | Slack Marketplace,Free and paid plans available,app_mentions:read channels:join channels:manage channels:read chat:write commands email groups:read openid profile users:read,,
https://slack.com/marketplace/A03N0KXM9FC-freshdesk-customer-success,Freshdesk Customer Success & Slack Integration | Slack Marketplace,Paid,channels:history channels:manage channels:read channels:write chat:write users:read users:read.email,,
https://slack.com/marketplace/A03N3UBP0MS-logikcull-legal-hold,Logikcull Legal Hold & Slack Integration | Slack Marketplace,Free and paid plans available,chat:write files:write users:read users:read.email,,
https://slack.com/marketplace/A03N45SH7RB-out-of-office-assistant-for-jira,Out Of Office Assistant for Jira & Slack Integration | Slack Marketplace,Included with service subscription,users.profile:read users:read,,
https://slack.com/marketplace/A03NCBJT1MW-pitch,Pitch & Slack Integration | Slack Marketplace,Free and paid plans available,chat:write im:history links:read links:write,,
https://slack.com/marketplace/A03NN90AWJG-sudozi,Sudozi & Slack Integration | Slack Marketplace,Included with service subscription,chat:write commands files:read im:history users:read users:read.email,,
https://slack.com/marketplace/A03NY34BM5L-dock,Dock & Slack Integration | Slack Marketplace,Paid with free trial,channels:join channels:manage channels:read chat:write chat:write.public groups:read users:read users:read.email,,
https://slack.com/marketplace/A03P1CU00GP-globallink-portal,GlobalLink Portal & Slack Integration | Slack Marketplace,Included with service subscription,chat:write im:write users:read users:read.email,,
https://slack.com/marketplace/A03P64PAAS0-pulse-surveys-by-deel,Pulse Surveys ⚡ by Deel & Slack Integration | Slack Marketplace,Paid with free trial,app_mentions:read chat:write files:read files:write im:history im:write team:read users:read users:read.email,,
https://slack.com/marketplace/A03P9TPJ22Z-arrows-classic,Arrows Classic & Slack Integration | Slack Marketplace,Included with service subscription,channels:join channels:manage channels:read chat:write incoming-webhook users:read users:read.email,,
https://slack.com/marketplace/A03PE5VRFP1-socialpilot,SocialPilot & Slack Integration | Slack Marketplace,Paid with free trial,chat:write incoming-webhook team:read users:read,,
https://slack.com/marketplace/A03PGNC00S0-meetingflow,Meetingflow & Slack Integration | Slack Marketplace,Free and paid plans available,channels:read chat:write chat:write.public groups:read,,
https://slack.com/marketplace/A03PMGRSH7X-snagit,Snagit & Slack Integration | Slack Marketplace,Paid with free trial,channels:read files:write groups:read im:read links.embed:write links:read links:write mpim:read team:read users.profile:read users:read,,
https://slack.com/marketplace/A03PREQG85D-qotd,QOTD & Slack Integration | Slack Marketplace,Free and paid plans available,channels:read chat:write commands email groups:read im:history openid profile users:read,,
https://slack.com/marketplace/A03QAQSTR7H-devrev,DevRev & Slack Integration | Slack Marketplace,Paid with free trial,channels:history channels:join channels:manage channels:read channels:write.invites chat:write chat:write.customize chat:write.public commands files:read files:write groups:history groups:read links:read links:write metadata.message:read pins:read pins:write team:read users.profile:read users:read users:read.email,,
https://slack.com/marketplace/A03QBN9H5GF-igaming-next,iGaming NEXT & Slack Integration | Slack Marketplace,Free and paid plans available,channels:join channels:read chat:write groups:read im:read im:write mpim:read mpim:write,,
https://slack.com/marketplace/A03QEKH0H0F-maestra,Maestra & Slack Integration | Slack Marketplace,Paid with free trial,incoming-webhook,,
https://slack.com/marketplace/A03QEUZKXK7-celebrationsbot-birthdays-more,CelebrationsBot - Birthdays & More & Slack Integration | Slack Marketplace,Paid with free trial,channels:join channels:read chat:write chat:write.customize chat:write.public email files:write groups:read incoming-webhook openid profile reactions:write team:read users:read,,
https://slack.com/marketplace/A03QJ176JLD-alto,ALTO & Slack Integration | Slack Marketplace,Free and paid plans available,channels:read chat:write chat:write.public commands email groups:read im:history im:read openid profile users:read users:read.email,,
https://slack.com/marketplace/A03QRPRNVQT-block-insights,Block Insights & Slack Integration | Slack Marketplace,Free,channels:read chat:write chat:write.public commands groups:read im:read mpim:read,,
https://slack.com/marketplace/A03R3CMEF71-prisma-sd-wan-sugarloaf,Prisma SD-WAN Sugarloaf & Slack Integration | Slack Marketplace,Included with service subscription,app_mentions:read channels:read chat:write groups:read im:history im:write users:read,,
https://slack.com/marketplace/A03R4SWCW6B-involveme,involve.me & Slack Integration | Slack Marketplace,Paid with free trial,channels:read chat:write chat:write.public groups:read users:read users:read.email,,
https://slack.com/marketplace/A03R53730AJ-asa-team,Asa Team & Slack Integration | Slack Marketplace,Free,app_mentions:read channels:history channels:read chat:write commands groups:history groups:read im:history im:read im:write users:read,,
https://slack.com/marketplace/A03R7PJCT6G-saasconsole,SaaSConsole & Slack Integration | Slack Marketplace,Free and paid plans available,channels:join channels:manage channels:read conversations.connect:write users:read users:read.email,,
https://slack.com/marketplace/A03R86NK55Y-multiplayer,Multiplayer & Slack Integration | Slack Marketplace,Free,chat:write commands links:read links:write team:read users.profile:read,,
https://slack.com/marketplace/A03RBSX9V54-mememe,Mememe & Slack Integration | Slack Marketplace,Free,commands users:read,,
https://slack.com/marketplace/A03RERP0BQQ-diversitybot,DiversityBot & Slack Integration | Slack Marketplace,Paid with free trial,channels:history chat:write commands groups:history mpim:history users:read users:read.email,,
https://slack.com/marketplace/A03RJ69D16D-versatile-plantuml-renderer,Versatile PlantUML Renderer & Slack Integration | Slack Marketplace,Free,app_mentions:read channels:read chat:write commands files:write groups:read mpim:read,,
https://slack.com/marketplace/A03RLAC37SQ-prisma-sd-wan-elcapitan,Prisma SD-WAN Elcapitan & Slack Integration | Slack Marketplace,Included with service subscription,app_mentions:read channels:read chat:write groups:read im:history im:write users:read,,
https://slack.com/marketplace/A03RLAZ3ZFW-prisma-sd-wan-hood,Prisma SD-WAN Hood & Slack Integration | Slack Marketplace,Included with service subscription,app_mentions:read channels:read chat:write groups:read im:history im:write users:read,,
https://slack.com/marketplace/A03RQJJFZUP-plain,Plain & Slack Integration | Slack Marketplace,Paid with free trial,assistant:write channels:history channels:join channels:manage channels:read chat:write chat:write.customize commands files:read files:write groups:history groups:read im:history im:read im:write links:read links:write mpim:read openid profile reactions:read reactions:write team:read usergroups:read usergroups:write users:read users:read.email,,
https://slack.com/marketplace/A03S7UR7JMD-officedays,Officedays & Slack Integration | Slack Marketplace,Free and paid plans available,channels:read chat:write commands groups:read im:write openid profile team:read users:read,,
https://slack.com/marketplace/A03SCSA15FA-phish-report,Phish Report & Slack Integration | Slack Marketplace,Included with service subscription,chat:write chat:write.public commands,,
https://slack.com/marketplace/A03SS6FKEHY-gather-town,Gather Town & Slack Integration | Slack Marketplace,Free,channels:read commands groups:read,,
https://slack.com/marketplace/A03T5T94R3L-rudol,rudol & Slack Integration | Slack Marketplace,Included with service subscription,chat:write chat:write.public commands im:write links:read links:write,,
https://slack.com/marketplace/A03T8MHC44C-hithrive,HiThrive & Slack Integration | Slack Marketplace,Included with service subscription,channels:join channels:read chat:write commands groups:read openid profile team:read users:read users:read.email,,
https://slack.com/marketplace/A03TCPZRQ5C-allstarsbot,allstarsbot & Slack Integration | Slack Marketplace,Free and paid plans available,incoming-webhook,,
https://slack.com/marketplace/A03TJ6E34P4-emojibox,EmojiBox & Slack Integration | Slack Marketplace,Free,app_mentions:read channels:read chat:write email emoji:read im:history openid profile,,
https://slack.com/marketplace/A03TYV1C3GE-bigid-discovery,BigID-Discovery & Slack Integration | Slack Marketplace,Included with service subscription,discovery:read,,
https://slack.com/marketplace/A03U6F0P6KG-unthread,Unthread & Slack Integration | Slack Marketplace,Paid with free trial,channels:history channels:join channels:manage channels:read channels:write.invites chat:write chat:write.customize commands dnd:read emoji:read files:read files:write groups:history groups:read groups:write groups:write.invites im:history im:read im:write pins:read pins:write reactions:read reactions:write team:read usergroups:read usergroups:write users.profile:read users:read users:read.email,,
https://slack.com/marketplace/A03UMMBSCH0-billy-the-birthday-bot,Billy (The birthday bot) & Slack Integration | Slack Marketplace,Free and paid plans available,channels:join channels:read chat:write chat:write.public files:read groups:read im:history users.profile:read users:read users:read.email,,
https://slack.com/marketplace/A03UW8PUB7Y-recognitionnow-dm,RecognitionNow DM & Slack Integration | Slack Marketplace,Free,chat:write commands users:read users:read.email,,
https://slack.com/marketplace/A04019M7L31-markerio,Marker.io & Slack Integration | Slack Marketplace,Included with service subscription,incoming-webhook,,
https://slack.com/marketplace/A0404TL54BX-regarding-silent-messages,Regarding: Silent messages & Slack Integration | Slack Marketplace,Free,channels:read chat:write commands groups:read im:read mpim:read users:read users:read.email,,
https://slack.com/marketplace/A0407E1APP1-microsoft-viva-goals,Microsoft Viva Goals & Slack Integration | Slack Marketplace,Paid with free trial,app_mentions:read channels:read chat:write chat:write.public commands groups:read im:history im:read links:read links:write users:read users:read.email,,
https://slack.com/marketplace/A040KQM9HEK-straker-translate,Straker Translate & Slack Integration | Slack Marketplace,Free and paid plans available,app_mentions:read channels:history channels:join channels:read chat:write chat:write.public commands files:read files:write groups:history groups:read im:history mpim:history users:read users:read.email,,
https://slack.com/marketplace/A041B3HFAGG-leiga-bot,Leiga Bot & Slack Integration | Slack Marketplace,Free and paid plans available,channels:read chat:write chat:write.public commands groups:read im:history team:read users:read,,
https://slack.com/marketplace/A041E9ND163-outdoo-ai,Outdoo AI & Slack Integration | Slack Marketplace,Paid,channels:read chat:write chat:write.public users:read,,
https://slack.com/marketplace/A041N03SLC8-channel-response-bot,Channel Response Bot & Slack Integration | Slack Marketplace,Paid with free trial,channels:history channels:join chat:write commands groups:history team:read users:read,,
https://slack.com/marketplace/A041QME3XUN-direct-decisions,Direct Decisions & Slack Integration | Slack Marketplace,Free,channels:read chat:write chat:write.public commands,,
https://slack.com/marketplace/A041W4G9HLZ-esevel-support,Esevel Support & Slack Integration | Slack Marketplace,Included with service subscription,channels:history chat:write chat:write.customize commands groups:history groups:read users:read users:read.email,,
https://slack.com/marketplace/A041W8VE929-workato-jp,Workato JP & Slack Integration | Slack Marketplace,Paid with free trial,channels:read channels:write chat:write groups:read groups:write im:read im:write mpim:read mpim:write users:read users:read.email,,
https://slack.com/marketplace/A0423B71448-officernd-workplace,OfficeRnD Workplace & Slack Integration | Slack Marketplace,Included with service subscription,chat:write commands users:read users:read.email,,
https://slack.com/marketplace/A04297NQR3N-sitechecker,Sitechecker & Slack Integration | Slack Marketplace,Included with service subscription,incoming-webhook,,
https://slack.com/marketplace/A042BRUU3BK-workbot-jp,Workbot JP & Slack Integration | Slack Marketplace,Paid with free trial,app_mentions:read channels:read chat:write files:read files:write groups:read im:history im:write mpim:read users:read users:read.email,,
https://slack.com/marketplace/A042J2XCRS9-amplitude-eu,Amplitude - EU & Slack Integration | Slack Marketplace,Free and paid plans available,app_mentions:read assistant:write channels:history channels:join channels:read channels:write chat:write email files:read files:write groups:history groups:read groups:write im:history im:read links:read links:write mcp:connect mpim:history mpim:read openid profile reactions:read reactions:write users:read users:read.email,,
https://slack.com/marketplace/A042MRWGA3A-kin,Kin & Slack Integration | Slack Marketplace,Included with service subscription,app_mentions:read channels:history channels:manage channels:read channels:write.invites chat:write chat:write.customize files:read files:write groups:history groups:read groups:write groups:write.invites im:history im:write reactions:read reactions:write users:read users:read.email,,
https://slack.com/marketplace/A042QGLLE68-qarrot,Qarrot & Slack Integration | Slack Marketplace,Included with service subscription,incoming-webhook users:read users:read.email,,
https://slack.com/marketplace/A042QL1PAEP-zeroheight,zeroheight & Slack Integration | Slack Marketplace,Included with service subscription,app_mentions:read channels:history channels:read chat:write chat:write.public groups:history mpim:history,,
https://slack.com/marketplace/A042ZLZ7UTG-sunrize,Sunrize & Slack Integration | Slack Marketplace,Free,chat:write users:read users:read.email,,
https://slack.com/marketplace/A043086NH2T-drivetrain,Drivetrain & Slack Integration | Slack Marketplace,Included with service subscription,app_mentions:read chat:write im:history users:read users:read.email,,
https://slack.com/marketplace/A0434EHTV3N-glossary,Glossary & Slack Integration | Slack Marketplace,Free and paid plans available,channels:history channels:join chat:write commands email groups:history mpim:history openid profile users:read users:read.email,,
https://slack.com/marketplace/A04373HBC6B-neetochat,NeetoChat & Slack Integration | Slack Marketplace,Free and paid plans available,channels:history channels:join channels:read chat:write chat:write.customize emoji:read files:read groups:history groups:read users:read users:read.email,,
https://slack.com/marketplace/A043CED7TM0-lumapps,LumApps & Slack Integration | Slack Marketplace,Included with service subscription,channels:read chat:write chat:write.customize im:history im:read im:write team:read users:read users:read.email,,
https://slack.com/marketplace/A043SEY19PT-dailytics,Dailytics & Slack Integration | Slack Marketplace,Paid with free trial,incoming-webhook,,
https://slack.com/marketplace/A043SGSSH54-inkle,Inkle & Slack Integration | Slack Marketplace,Free and paid plans available,app_mentions:read chat:write,,
https://slack.com/marketplace/A043W5J7K1U-opstream,Opstream & Slack Integration | Slack Marketplace,Included with service subscription,chat:write commands users:read users:read.email,,
https://slack.com/marketplace/A043Y3T5X2R-organice-employee-engagement,OrgaNice - Employee Engagement & Slack Integration | Slack Marketplace,Paid with free trial,channels:read chat:write chat:write.public commands email groups:read groups:write im:history im:write openid profile team.billing:read team:read users.profile:read users.profile:write users:read users:read.email,,
https://slack.com/marketplace/A043YNPFR0A-imperative,Imperative & Slack Integration | Slack Marketplace,Included with service subscription,commands,,
https://slack.com/marketplace/A0442K4DPPZ-eppo,Eppo & Slack Integration | Slack Marketplace,Included with service subscription,channels:join channels:read chat:write,,
https://slack.com/marketplace/A0447NJMQTY-zoho-analytics,Zoho Analytics & Slack Integration | Slack Marketplace,Free and paid plans available,channels:read chat:write files:write groups:read im:read mpim:read users:read users:read.email,,
https://slack.com/marketplace/A0449GPSD98-skypher-us,Skypher US & Slack Integration | Slack Marketplace,Included with service subscription,app_mentions:read channels:history channels:read chat:write commands files:read files:write groups:history groups:read im:history im:read im:write pins:read pins:write users.profile:read users:read users:read.email,,
https://slack.com/marketplace/A0449JYBB3M-session-rewind,Session Rewind & Slack Integration | Slack Marketplace,Free and paid plans available,channels:join channels:read chat:write users:read,,
https://slack.com/marketplace/A044BL326B1-kick,kick & Slack Integration | Slack Marketplace,Free,channels:history channels:read chat:write chat:write.public commands im:write users:read,,
https://slack.com/marketplace/A044DNREPLZ-riyoai,riyo.ai & Slack Integration | Slack Marketplace,Paid with free trial,channels:read chat:write chat:write.public groups:read,,
https://slack.com/marketplace/A044EAH46F2-sms-to-slack,SMS to Slack & Slack Integration | Slack Marketplace,Paid with free trial,app_mentions:read channels:history channels:join channels:read chat:write chat:write.public commands files:read groups:history groups:read reactions:read reactions:write team:read users:read,,
https://slack.com/marketplace/A044RJJ6A90-locu,Locu & Slack Integration | Slack Marketplace,Free,commands dnd:read dnd:write emoji:read users.profile:read users.profile:write users:read,,
https://slack.com/marketplace/A044SDP8S14-screensteps,ScreenSteps & Slack Integration | Slack Marketplace,Included with service subscription,chat:write commands,,
https://slack.com/marketplace/A044USEAHRV-unblocked,Unblocked & Slack Integration | Slack Marketplace,Paid with free trial,app_mentions:read channels:history channels:join channels:read chat:write commands email files:read groups:history groups:read groups:write.invites im:history im:read links:read links:write mpim:read openid profile team:read users.profile:read users:read users:read.email,,
https://slack.com/marketplace/A0450U0D4VC-founderhood,Founderhood & Slack Integration | Slack Marketplace,Free and paid plans available,channels:read chat:write chat:write.public,,
https://slack.com/marketplace/A0453A1B4MT-chartmogul,ChartMogul & Slack Integration | Slack Marketplace,Free and paid plans available,channels:read chat:write chat:write.public groups:read,,
https://slack.com/marketplace/A0457NRC0TV-free-blocks,Free Blocks & Slack Integration | Slack Marketplace,Free,channels:read chat:write chat:write.public commands groups:read im:history im:read mpim:read users:read users:read.email,,
https://slack.com/marketplace/A0459MSCN7M-oracle-content-management,Oracle Content Management & Slack Integration | Slack Marketplace,Included with service subscription,channels:read channels:write chat:write commands groups:read groups:write im:read im:write links:read links:write mpim:read mpim:write remote_files:write users:read users:read.email,,
https://slack.com/marketplace/A045A21QU11-warmly,Warmly & Slack Integration | Slack Marketplace,Included with service subscription,channels:read chat:write chat:write.public incoming-webhook users:read users:read.email,,
https://slack.com/marketplace/A045DA9SELU-credal,Credal & Slack Integration | Slack Marketplace,Included with service subscription,app_mentions:read channels:history channels:join channels:read chat:write groups:history groups:read im:history im:write reactions:read reactions:write search:read.files search:read.im search:read.mpim search:read.private search:read.public search:read.users users.profile:read users:read users:read.email,,
https://slack.com/marketplace/A045DNRC0N4-railtownai,railtown.ai & Slack Integration | Slack Marketplace,Included with service subscription,channels:read chat:write chat:write.public,,
https://slack.com/marketplace/A045LKFA96C-neetodesk,NeetoDesk & Slack Integration | Slack Marketplace,Free and paid plans available,channels:history channels:join channels:read chat:write chat:write.customize emoji:read groups:history groups:read users:read users:read.email,,
https://slack.com/marketplace/A045SJPR3CL-zervise,Zervise & Slack Integration | Slack Marketplace,Free,channels:history channels:join channels:read chat:write chat:write.public commands email openid profile users:read users:read.email,,
https://slack.com/marketplace/A04693V2YAV-boringbot,BoringBot & Slack Integration | Slack Marketplace,Included with service subscription,channels:join chat:write commands files:write,,
https://slack.com/marketplace/A046B4U17T9-teamohana,TeamOhana & Slack Integration | Slack Marketplace,Included with service subscription,chat:write commands im:history,,
https://slack.com/marketplace/A046B8Z64QJ-spir,Spir & Slack Integration | Slack Marketplace,Free and paid plans available,incoming-webhook,,
https://slack.com/marketplace/A046M9DK988-chaser,Chaser & Slack Integration | Slack Marketplace,Paid with free trial,channels:read channels:write.invites chat:write commands groups:read groups:write.invites im:read mpim:read team:read usergroups:read users:read users:read.email,,
https://slack.com/marketplace/A046N1KFU3T-app-connect-bot,App Connect Bot & Slack Integration | Slack Marketplace,Paid with free trial,incoming-webhook,,
https://slack.com/marketplace/A046S38NNE8-nudge,Nudge & Slack Integration | Slack Marketplace,Free,chat:write incoming-webhook users.profile:read users.profile:write users:read users:read.email,,
https://slack.com/marketplace/A046T321VLK-kayak-out-of-office-generator,KAYAK Out of Office Generator & Slack Integration | Slack Marketplace,Free,chat:write commands,,
https://slack.com/marketplace/A046U7SJSN4-myzenteam,MyZenTeam & Slack Integration | Slack Marketplace,Free and paid plans available,channels:read chat:write chat:write.public groups:read users:read users:read.email,,
https://slack.com/marketplace/A046WMXJRHQ-scalr,Scalr & Slack Integration | Slack Marketplace,Free and paid plans available,channels:read chat:write chat:write.public files:write groups:read im:write,,
https://slack.com/marketplace/A0470CZR6AD-epsilon3,Epsilon3 & Slack Integration | Slack Marketplace,Paid,channels:join channels:read chat:write users:read users:read.email,,
https://slack.com/marketplace/A0479S3A9RN-round-robin,Round Robin & Slack Integration | Slack Marketplace,Free and paid plans available,app_mentions:read channels:manage channels:read chat:write chat:write.public commands email groups:read groups:write im:read im:write links:read links:write mcp:connect mpim:read openid profile reactions:read reactions:write team:read usergroups:read usergroups:write users:read users:read.email,,
https://slack.com/marketplace/A047LGY3YFR-pando,Pando & Slack Integration | Slack Marketplace,Included with service subscription,channels:history channels:join channels:read chat:write commands groups:history,,
https://slack.com/marketplace/A0488AFCH6J-deel,Deel & Slack Integration | Slack Marketplace,Included with service subscription,admin assistant:write channels:history channels:join channels:manage channels:read chat:write chat:write.public commands dnd:write emoji:read files:read files:write groups:history groups:read im:history links:read links:write mpim:history mpim:read reactions:read reactions:write team.billing:read team:read users.profile:read users.profile:write users:read users:read.email,,
https://slack.com/marketplace/A048LKMC57G-real-links-campaign-app,Real Links Campaign App & Slack Integration | Slack Marketplace,Included with service subscription,channels:read chat:write groups:read im:read im:write mpim:read users:read users:read.email,,
https://slack.com/marketplace/A04969N9FHS-solarwinds-service-desk,SolarWinds Service Desk & Slack Integration | Slack Marketplace,Paid with free trial,chat:write chat:write.customize commands files:read im:history,,
https://slack.com/marketplace/A049A02MGE4-omnea,Omnea & Slack Integration | Slack Marketplace,Included with service subscription,assistant:write channels:history channels:read chat:write chat:write.customize files:read files:write groups:history groups:read im:history links:read links:write users:read users:read.email,,
https://slack.com/marketplace/A049CQNNJJU-parrot-ai,Parrot AI & Slack Integration | Slack Marketplace,Free,channels:read chat:write chat:write.public groups:read im:history im:read links:read links:write mpim:read remote_files:write users:read users:read.email,,
https://slack.com/marketplace/A049JV0H0KC-notion,Notion & Slack Integration | Slack Marketplace,Free and paid plans available,app_mentions:read channels:history channels:read chat:write chat:write.public commands groups:history groups:read groups:write im:history im:read links:read links:write mcp:connect mpim:history mpim:read team:read users:read users:read.email,,
https://slack.com/marketplace/A049PK8AW4E-verityrms,VerityRMS & Slack Integration | Slack Marketplace,Included with service subscription,chat:write commands incoming-webhook,,
https://slack.com/marketplace/A049V2ZRX2R-sticky,Sticky & Slack Integration | Slack Marketplace,Paid with free trial,channels:read chat:write chat:write.public commands groups:read im:history users:read users:read.email,,
https://slack.com/marketplace/A049YQJ6EJE-appy-pie-connect-v2,Appy Pie Connect v2 & Slack Integration | Slack Marketplace,Paid with free trial,channels:manage channels:read channels:write channels:write.topic chat:write chat:write.customize groups:write groups:write.topic mpim:write.topic reminders:write users.profile:write users:read,,
https://slack.com/marketplace/A04A41PB7PT-feedbucket,Feedbucket & Slack Integration | Slack Marketplace,Paid with free trial,channels:read chat:write chat:write.public groups:read,,
https://slack.com/marketplace/A04ABQUAG03-workable,Workable & Slack Integration | Slack Marketplace,Paid with free trial,chat:write users:read users:read.email,,
https://slack.com/marketplace/A04B287N6P2-tuple,Tuple & Slack Integration | Slack Marketplace,Paid with free trial,calls:read calls:write commands links:read links:write users.profile:read users.profile:write,,
https://slack.com/marketplace/A04B2PNML79-visla,Visla & Slack Integration | Slack Marketplace,Free and paid plans available,links:read links:write,,
https://slack.com/marketplace/A04BLF2APJT-ipoll,iPoll & Slack Integration | Slack Marketplace,Free and paid plans available,app_mentions:read channels:read chat:write chat:write.public commands groups:read im:history im:read im:write team:read users:read users:read.email,,
https://slack.com/marketplace/A04BPL0C7KL-anony-botter-anonymous-messages,Anony Botter - anonymous messages & Slack Integration | Slack Marketplace,Free and paid plans available,channels:read chat:write chat:write.public commands groups:read im:history users:read,,
https://slack.com/marketplace/A04BR2EHDRU-happy-our,Happy Our & Slack Integration | Slack Marketplace,Free and paid plans available,channels:history channels:manage channels:read chat:write commands email im:history im:read im:write mpim:read mpim:write openid profile users.profile:read users:read users:read.email,,
https://slack.com/marketplace/A04BV8D1T7W-wowto,WowTo & Slack Integration | Slack Marketplace,Free and paid plans available,chat:write commands links.embed:write links:read links:write,,
https://slack.com/marketplace/A04BZRJ4G6B-vfunction,vFunction & Slack Integration | Slack Marketplace,Included with service subscription,chat:write,,
https://slack.com/marketplace/A04C0EU7WNB-megavote,MegaVote & Slack Integration | Slack Marketplace,Free and paid plans available,channels:join channels:read chat:write commands groups:read im:read mpim:read openid profile team.billing:read team:read users:read,,
https://slack.com/marketplace/A04CDB4SADV-pylon,Pylon & Slack Integration | Slack Marketplace,Paid with free trial,app_mentions:read bookmarks:read bookmarks:write canvases:read canvases:write channels:history channels:join channels:manage channels:read channels:write chat:write chat:write.customize chat:write.public commands conversations.connect:manage conversations.connect:read conversations.connect:write email emoji:read files:read files:write groups:history groups:read groups:write im:history im:read im:write links:read links:write metadata.message:read mpim:history mpim:read mpim:write openid profile reactions:read reactions:write remote_files:read remote_files:share remote_files:write search:read.files search:read.im search:read.mpim search:read.private search:read.public search:read.users team:read usergroups:read users:read users:read.email,,
https://slack.com/marketplace/A04CTLDVB17-ones,ONES & Slack Integration | Slack Marketplace,Paid with free trial,chat:write commands im:history,,
https://slack.com/marketplace/A04CX6R2A91-groupstrackercom,GroupsTracker.com & Slack Integration | Slack Marketplace,Free and paid plans available,incoming-webhook,,
https://slack.com/marketplace/A04D8GZH7CL-taktikal,Taktikal & Slack Integration | Slack Marketplace,Free,chat:write users:read users:read.email,,
https://slack.com/marketplace/A04DB06HK1U-loopio-eu,Loopio (EU) & Slack Integration | Slack Marketplace,Paid,app_mentions:read chat:write chat:write.public commands im:write team:read users:read users:read.email,,
https://slack.com/marketplace/A04DD7GCC20-kadence,Kadence & Slack Integration | Slack Marketplace,Included with service subscription,chat:write im:history users.profile:read users:read users:read.email,,
https://slack.com/marketplace/A04DDJUKF4L-multiplier-access-management,Multiplier Access Management & Slack Integration | Slack Marketplace,Included with service subscription,chat:write commands im:history users:read users:read.email,,
https://slack.com/marketplace/A04DKJPM6EN-dc-music-status,DC Music Status & Slack Integration | Slack Marketplace,Free,team:read users.profile:read users.profile:write,,
https://slack.com/marketplace/A04DWMQHE4X-lock-it,Lock It & Slack Integration | Slack Marketplace,Free and paid plans available,app_mentions:read chat:write chat:write.public team:read users:read users:read.email,,
https://slack.com/marketplace/A04E70ZTVCN-yeseo,YESEO & Slack Integration | Slack Marketplace,Free,chat:write chat:write.public commands im:history,,
https://slack.com/marketplace/A04E7DJJGLF-q-chatgpt-for-slack,"Q, ChatGPT for Slack & Slack Integration | Slack Marketplace",Paid with free trial,app_mentions:read bookmarks:read bookmarks:write channels:history channels:manage channels:read chat:write chat:write.customize commands conversations.connect:manage email files:read files:write groups:history groups:read im:history im:write mpim:history mpim:read openid profile reactions:read team:read users:read users:read.email,,
https://slack.com/marketplace/A04EBRGSJS3-appogee-hr,Appogee HR & Slack Integration | Slack Marketplace,Paid with free trial,chat:write commands team:read users:read users:read.email,,
https://slack.com/marketplace/A04EGHKEP9P-aikido-security,Aikido Security & Slack Integration | Slack Marketplace,Free and paid plans available,chat:write chat:write.public incoming-webhook,,
https://slack.com/marketplace/A04EQUT9X1C-open-poll,Open Poll+ & Slack Integration | Slack Marketplace,Free,channels:read chat:write chat:write.public commands groups:read mpim:read users:read,,
https://slack.com/marketplace/A04EV2641S9-anppii-for-slack,anppii for Slack & Slack Integration | Slack Marketplace,Paid with free trial,channels:history channels:join channels:read chat:write emoji:read groups:history groups:read openid reactions:read reactions:write team:read users:read users:read.email,,
https://slack.com/marketplace/A04FG4QEBHA-upearly,upearly & Slack Integration | Slack Marketplace,Free,chat:write commands im:history users:read users:read.email,,
https://slack.com/marketplace/A04FHS22NAE-standup-poll-checkin-by-botimum,"Standup,  poll & checkin by Botimum & Slack Integration | Slack Marketplace",Free and paid plans available,channels:read chat:write chat:write.public commands email files:read groups:read im:history im:write openid profile reactions:write users:read users:read.email,,
https://slack.com/marketplace/A04FR0ERPH9-instant-google-meet,Instant Google Meet & Slack Integration | Slack Marketplace,Free,channels:read commands groups:read im:read mpim:read users:read users:read.email,,
https://slack.com/marketplace/A04FVL3L3K4-unwrap,Unwrap & Slack Integration | Slack Marketplace,Included with service subscription,channels:read chat:write chat:write.public,,
https://slack.com/marketplace/A04G4FVTB60-skift-research,Skift Research & Slack Integration | Slack Marketplace,Included with service subscription,channels:join channels:manage channels:read channels:write.invites chat:write,,
https://slack.com/marketplace/A04GGLBTSGP-simpplr,Simpplr & Slack Integration | Slack Marketplace,Paid,channels:history channels:read chat:write chat:write.customize chat:write.public groups:read links:read links:write users:read,,
https://slack.com/marketplace/A04GY8G396Y-attio,Attio & Slack Integration | Slack Marketplace,Free and paid plans available,app_mentions:read assistant:write channels:history channels:join channels:read chat:write groups:history groups:read im:history im:read mpim:history mpim:read reactions:write team:read users:read users:read.email,,
https://slack.com/marketplace/A04HDSQHB51-listovey,Listovey & Slack Integration | Slack Marketplace,Free and paid plans available,channels:read chat:write chat:write.public groups:read,,
https://slack.com/marketplace/A04HJTXLYUE-,宅急便 & Slack Integration | Slack Marketplace,Included with service subscription,chat:write commands im:write team:read users:read,,
https://slack.com/marketplace/A04HWE26PGT-prm-for-slack,PRM for Slack & Slack Integration | Slack Marketplace,Included with service subscription,channels:history channels:join channels:manage channels:read channels:write chat:write chat:write.public commands conversations.connect:write groups:read groups:write im:write mpim:read mpim:write team:read users:read users:read.email,,
https://slack.com/marketplace/A04HZQSCV8F-meegle,Meegle & Slack Integration | Slack Marketplace,Paid with free trial,bookmarks:read bookmarks:write chat:write groups:read groups:write users:read users:read.email,,
https://slack.com/marketplace/A04J5KE7TE1-snipform-for-slack,SnipForm for Slack & Slack Integration | Slack Marketplace,Free and paid plans available,incoming-webhook,,
https://slack.com/marketplace/A04JN14U222-hay,HAY & Slack Integration | Slack Marketplace,Paid with free trial,channels:join channels:manage channels:read chat:write commands email openid profile team:read users:read users:read.email,,
https://slack.com/marketplace/A04K43SPLBS-sweep,Sweep & Slack Integration | Slack Marketplace,Included with service subscription,channels:join channels:manage channels:read chat:write chat:write.public files:write groups:read groups:write im:read im:write users:read users:read.email,,
https://slack.com/marketplace/A04KHGXAVAR-hoyaapp-by-blink22,HoyaApp By Blink22 & Slack Integration | Slack Marketplace,Free and paid plans available,channels:history channels:join channels:manage channels:read chat:write email emoji:read im:history im:read im:write openid profile team:read users:read,,
https://slack.com/marketplace/A04KMFUKN1Z-assessteam,AssessTEAM & Slack Integration | Slack Marketplace,Paid with free trial,chat:write users:read users:read.email,,
https://slack.com/marketplace/A04L0KTNS0N-bigtincan-for-slack,Bigtincan for Slack & Slack Integration | Slack Marketplace,Included with service subscription,chat:write commands im:history links:read links:write,,
https://slack.com/marketplace/A04L69KSYHG-gosearch,GoSearch & Slack Integration | Slack Marketplace,Included with service subscription,assistant:write channels:history channels:join channels:read chat:write chat:write.customize chat:write.public commands groups:history groups:read im:history im:write mpim:history search:read.files search:read.im search:read.mpim search:read.private search:read.public usergroups:read users.profile:read users:read users:read.email,,
https://slack.com/marketplace/A04LB3B0664-flaree,Flaree & Slack Integration | Slack Marketplace,Free and paid plans available,channels:read chat:write chat:write.public commands email openid profile team:read users:read users:read.email,,
https://slack.com/marketplace/A04LBF0QPPB-easy-jobs,Easy Jobs & Slack Integration | Slack Marketplace,Free and paid plans available,incoming-webhook,,
https://slack.com/marketplace/A04MHMJ3HEC-verivu,verivu & Slack Integration | Slack Marketplace,Included with service subscription,incoming-webhook,,
https://slack.com/marketplace/A04MM3DRBNU-architect-notifications,ARchitect Notifications & Slack Integration | Slack Marketplace,Included with service subscription,incoming-webhook,,
https://slack.com/marketplace/A04MMQAG4E9-abe-ott-chatgpt-in-slack,Abe Ott | ChatGPT in Slack & Slack Integration | Slack Marketplace,Paid with free trial,app_mentions:read channels:history channels:read chat:write commands groups:history groups:read im:history im:read mpim:history mpim:read reactions:write users:read users:read.email,,
https://slack.com/marketplace/A04MPPGDVBR-instant-meet,Instant Meet & Slack Integration | Slack Marketplace,Free and paid plans available,chat:write commands users:read users:read.email,,
https://slack.com/marketplace/A04N9QM8023-chrome-stats,Chrome-Stats & Slack Integration | Slack Marketplace,Free and paid plans available,channels:read chat:write email groups:read openid,,
https://slack.com/marketplace/A04NCL45JAX-k-task,K-Task & Slack Integration | Slack Marketplace,Free,app_mentions:read channels:history channels:read chat:write commands groups:history groups:read im:read im:write reactions:read team:read usergroups:read users:read,,
https://slack.com/marketplace/A04NLNL8ANN-phare,Phare & Slack Integration | Slack Marketplace,Free and paid plans available,channels:join chat:write incoming-webhook,,
https://slack.com/marketplace/A04NXBUEC0P-snyk-for-slack,Snyk for Slack & Slack Integration | Slack Marketplace,Free and paid plans available,channels:read chat:write chat:write.public groups:read,,
https://slack.com/marketplace/A04P28TUB44-one,One人事 & Slack Integration | Slack Marketplace,Paid,chat:write users:read users:read.email,,
https://slack.com/marketplace/A04PE4DU0LV-steeleye-supervision-archiving,SteelEye - Supervision & Archiving & Slack Integration | Slack Marketplace,Included with service subscription,discovery:read reactions:read users:read users:read.email,,
https://slack.com/marketplace/A04PEAH9MNU-turnify,Turnify & Slack Integration | Slack Marketplace,Free,chat:write chat:write.public commands,,
https://slack.com/marketplace/A04PSJ13EQ2-flix-by-mokacare,Félix by moka.care & Slack Integration | Slack Marketplace,Paid with free trial,chat:write chat:write.customize im:history im:read im:write team:read users:read users:read.email,,
https://slack.com/marketplace/A04PUGJSP9V-hyperping-uptime-monitoring,Hyperping - Uptime monitoring & Slack Integration | Slack Marketplace,Free and paid plans available,incoming-webhook,,
https://slack.com/marketplace/A04PVV57ATB-neoport,NEOPORT & Slack Integration | Slack Marketplace,Free,incoming-webhook,,
https://slack.com/marketplace/A04PXSV4R4K-vendr,Vendr & Slack Integration | Slack Marketplace,Free and paid plans available,channels:read chat:write chat:write.public groups:read im:history im:write users:read users:read.email,,
https://slack.com/marketplace/A04PZBPAXKN-team-picker,Team Picker & Slack Integration | Slack Marketplace,Free,channels:join chat:write commands,,
https://slack.com/marketplace/A04Q3080C6Q-collage-hr,Collage HR & Slack Integration | Slack Marketplace,Included with service subscription,chat:write im:history openid,,
https://slack.com/marketplace/A04QBNZS3CK-abi,Abi & Slack Integration | Slack Marketplace,Included with service subscription,chat:write emoji:read files:read im:history im:read users:read users:read.email,,
https://slack.com/marketplace/A04QCHN0F3Q-worktual,Worktual & Slack Integration | Slack Marketplace,Paid,commands users:read,,
https://slack.com/marketplace/A04QDCK2JCF-floqast-eu,FloQast EU & Slack Integration | Slack Marketplace,Paid,chat:write commands files:write im:history users:read users:read.email,,
https://slack.com/marketplace/A04QDUNJ752-anecdote,Anecdote & Slack Integration | Slack Marketplace,Free,app_mentions:read channels:join channels:manage channels:read chat:write im:history im:read im:write team:read,,
https://slack.com/marketplace/A04QQEU4S8L-notify-me,Notify Me & Slack Integration | Slack Marketplace,Free and paid plans available,incoming-webhook,,
https://slack.com/marketplace/A04QXDAE1R9-dealhub,DealHub & Slack Integration | Slack Marketplace,Included with service subscription,chat:write commands files:read files:write im:history im:read users:read users:read.email,,
https://slack.com/marketplace/A04QY7WF6V8-learnupon,LearnUpon & Slack Integration | Slack Marketplace,Free,chat:write users:read users:read.email,,
https://slack.com/marketplace/A04R0SNKKS4-manda-ai-calendar-assistant,Manda - AI Calendar Assistant & Slack Integration | Slack Marketplace,Free and paid plans available,chat:write dnd:read dnd:write im:history mpim:history mpim:read mpim:write reactions:read reactions:write team:read users.profile:write users:read users:read.email,,
https://slack.com/marketplace/A04R8NWATL5-whimsical,Whimsical & Slack Integration | Slack Marketplace,Free and paid plans available,channels:read chat:write chat:write.public commands emoji:read links:read links:write remote_files:read remote_files:write team:read users:read,,
https://slack.com/marketplace/A04RCH9U94G-atlassian-compass,Atlassian Compass & Slack Integration | Slack Marketplace,Free,channels:join channels:read channels:write.invites chat:write chat:write.public commands groups:read groups:write.invites im:history im:read im:write incoming-webhook links:read links:write mpim:read mpim:write team:read users:read users:read.email,,
https://slack.com/marketplace/A04RHP43AKH-linear-asks,Linear Asks & Slack Integration | Slack Marketplace,Paid with free trial,app_mentions:read channels:history channels:join channels:read chat:write chat:write.customize commands files:read files:write groups:history groups:read im:history im:read incoming-webhook links:read links:write mpim:read reactions:read reactions:write usergroups:read users:read users:read.email,,
https://slack.com/marketplace/A04RTCCVA9K-living-security-training,Living Security Training & Slack Integration | Slack Marketplace,Included with service subscription,chat:write users:read users:read.email,,
https://slack.com/marketplace/A04RU9XJT4Z-superglue,Superglue & Slack Integration | Slack Marketplace,Paid with free trial,channels:read chat:write commands groups:read mpim:read mpim:write users:read users:read.email,,
https://slack.com/marketplace/A04S0DXSLBT-light,Light & Slack Integration | Slack Marketplace,Paid,app_mentions:read channels:history channels:read chat:write files:read files:write groups:history groups:write groups:write.invites im:history reactions:write users:read users:read.email,,
https://slack.com/marketplace/A04S0TR1HLY-channel-sup-for-slack-teams,Channel S'Up for Slack Teams & Slack Integration | Slack Marketplace,Paid with free trial,app_mentions:read channels:read chat:write groups:read im:history im:write mpim:history mpim:read mpim:write users.profile:read users:read users:read.email,,
https://slack.com/marketplace/A04S2RY30G1-featurebase,Featurebase & Slack Integration | Slack Marketplace,Free and paid plans available,channels:history channels:join channels:read chat:write chat:write.customize commands emoji:read files:read groups:history groups:read mpim:read reactions:read reactions:write team:read users:read users:read.email,,
https://slack.com/marketplace/A04S4LQJHHT-party-on-slack,Party on Slack & Slack Integration | Slack Marketplace,Free,app_mentions:read assistant:write canvases:write channels:history channels:join channels:read chat:write commands files:read files:write groups:history groups:read im:history im:read im:write mpim:history mpim:read reactions:read team:read users:read users:read.email,,
https://slack.com/marketplace/A04S70FECMU-ai-profile-for-slack,AI Profile For Slack & Slack Integration | Slack Marketplace,Free and paid plans available,chat:write commands mpim:write users:read users:read.email,,
https://slack.com/marketplace/A04S9LQS7UP-introw,Introw & Slack Integration | Slack Marketplace,Free and paid plans available,app_mentions:read channels:history channels:read chat:write chat:write.public groups:history groups:read reactions:read users:read users:read.email,,
https://slack.com/marketplace/A04SFPKV7JQ-praise,Praise & Slack Integration | Slack Marketplace,Free,chat:write chat:write.public commands users:read,,
https://slack.com/marketplace/A04SH7J6V7V-mellie,Mellie & Slack Integration | Slack Marketplace,Free,commands,,
https://slack.com/marketplace/A04SJ8CKJSJ-effy-ai,Effy AI & Slack Integration | Slack Marketplace,Free and paid plans available,channels:history channels:read chat:write commands email im:history openid profile users:read users:read.email,,
https://slack.com/marketplace/A04SMN7AQ9H-campfiresocial,CampfireSocial & Slack Integration | Slack Marketplace,Free,incoming-webhook,,
https://slack.com/marketplace/A04SZ2PHCHE-nudge-security-for-slack-nudges,Nudge Security for Slack nudges & Slack Integration | Slack Marketplace,Included with service subscription,channels:join channels:read chat:write files:read files:write groups:read im:history users:read users:read.email,,
https://slack.com/marketplace/A04T3K48TEC-polite,Polite & Slack Integration | Slack Marketplace,Paid with free trial,chat:write commands,,
https://slack.com/marketplace/A04T8AH81V5-robin-eu,Robin EU & Slack Integration | Slack Marketplace,Paid with free trial,channels:read chat:write chat:write.public commands email im:history im:read openid profile team:read users:read users:read.email users:write,,
https://slack.com/marketplace/A04TMDYMH7F-romo,RoMo & Slack Integration | Slack Marketplace,Paid with free trial,channels:read channels:write chat:write commands email im:history openid profile users:read,,
https://slack.com/marketplace/A04TYLDTTJ8-just-polls,Just Polls & Slack Integration | Slack Marketplace,Free and paid plans available,channels:read chat:write chat:write.public commands groups:read users:read,,
https://slack.com/marketplace/A04TYPEL8HK-qonto-requests,Qonto requests & Slack Integration | Slack Marketplace,Included with service subscription,channels:read chat:write commands files:write im:history im:write users.profile:read users:read users:read.email,,
https://slack.com/marketplace/A04UFRUJAE9-taiga,Taiga & Slack Integration | Slack Marketplace,Paid with free trial,app_mentions:read channels:history chat:write groups:history im:history im:read mpim:history users:read users:read.email users:write,,
https://slack.com/marketplace/A04UG6274SW-xitoring,Xitoring & Slack Integration | Slack Marketplace,Paid with free trial,channels:read chat:write groups:read users:read,,
https://slack.com/marketplace/A04ULBXBTG9-salesmap,Salesmap & Slack Integration | Slack Marketplace,Included with service subscription,channels:join channels:read chat:write chat:write.customize users:read users:read.email,,
https://slack.com/marketplace/A04ULDS8UFN-otterai-ai-meeting-assistant,Otter.ai | AI Meeting Assistant & Slack Integration | Slack Marketplace,Free and paid plans available,app_mentions:read channels:read chat:write chat:write.public groups:read incoming-webhook links:read links:write team:read users.profile:read users:read users:read.email,,
https://slack.com/marketplace/A04UUCUGESK-read-ai,Read AI & Slack Integration | Slack Marketplace,Included with service subscription,assistant:write canvases:read channels:history channels:read chat:write chat:write.public email groups:history groups:read im:history im:read mpim:history mpim:read openid profile search:read.files search:read.im search:read.mpim search:read.private search:read.public search:read.users users:read users:read.email,,
https://slack.com/marketplace/A050APRNXBL-1up,1up & Slack Integration | Slack Marketplace,Paid with free trial,app_mentions:read channels:read chat:write im:history users:read users:read.email,,
https://slack.com/marketplace/A050DMR7QDQ-cybercoach,CyberCoach & Slack Integration | Slack Marketplace,Paid,chat:write email im:history openid profile usergroups:read users.profile:read users:read users:read.email,,
https://slack.com/marketplace/A050M366E0K-dot,Dot & Slack Integration | Slack Marketplace,Free and paid plans available,app_mentions:read channels:history channels:read chat:write emoji:read files:read files:write groups:history groups:read im:history im:read im:write mpim:history mpim:read reactions:read reactions:write team:read users:read users:read.email,,
https://slack.com/marketplace/A050PG7LR4Z-stickers-for-slack,Stickers for Slack & Slack Integration | Slack Marketplace,Free,app_mentions:read channels:join channels:read chat:write commands groups:read,,
https://slack.com/marketplace/A0512QCJ5PH-my-askai,My AskAI & Slack Integration | Slack Marketplace,Included with service subscription,channels:history channels:join chat:write commands groups:history im:history,,
https://slack.com/marketplace/A051GLQTLFR-fatebook,Fatebook & Slack Integration | Slack Marketplace,Free,app_mentions:read channels:read chat:write chat:write.public commands groups:read im:history im:read mpim:read users:read users:read.email,,
https://slack.com/marketplace/A051JEBBE1X-zapdroid,Zapdroid & Slack Integration | Slack Marketplace,Free and paid plans available,app_mentions:read chat:write reactions:read users:read,,
https://slack.com/marketplace/A052FU6ETNW-mentorcliq,MentorcliQ & Slack Integration | Slack Marketplace,Included with service subscription,chat:write users:read users:read.email,,
https://slack.com/marketplace/A052VNUDLAD-spark-hire-recruit,Spark Hire Recruit & Slack Integration | Slack Marketplace,Included with service subscription,chat:write,,
https://slack.com/marketplace/A053232Q92N-apollo,Apollo & Slack Integration | Slack Marketplace,Included with service subscription,app_mentions:read assistant:write channels:join channels:read channels:write chat:write chat:write.customize groups:read groups:write im:history im:write mcp:connect reactions:write search:read.public search:read.users users:read users:read.email,,
https://slack.com/marketplace/A0539QPM268-ironclad,Ironclad & Slack Integration | Slack Marketplace,Included with service subscription,chat:write commands mcp:connect users:read users:read.email,,
https://slack.com/marketplace/A053PGV5TDH-kitesuite,KiteSuite & Slack Integration | Slack Marketplace,Paid with free trial,channels:read chat:write chat:write.public commands users:read users:read.email,,
https://slack.com/marketplace/A053REVJE87-pagerduty-status-pages,PagerDuty Status Pages & Slack Integration | Slack Marketplace,Included with service subscription,incoming-webhook,,
https://slack.com/marketplace/A054D7ET4GK-plane,Plane & Slack Integration | Slack Marketplace,Free and paid plans available,app_mentions:read channels:history channels:join channels:read chat:write commands files:read groups:history groups:read links:read links:write mpim:history reactions:read reactions:write users:read users:read.email,,
https://slack.com/marketplace/A054M83N18A-pagerduty-status-pages-eu,PagerDuty Status Pages EU & Slack Integration | Slack Marketplace,Included with service subscription,incoming-webhook,,
https://slack.com/marketplace/A05551HT17T-curated-donut-and-coffee,Curated Donut and Coffee & Slack Integration | Slack Marketplace,Free and paid plans available,chat:write mpim:write users:read users:read.email,,
https://slack.com/marketplace/A055BH9SYG1-butter,Butter & Slack Integration | Slack Marketplace,Free and paid plans available,chat:write chat:write.public commands users:read,,
https://slack.com/marketplace/A055DT87QBW-iamagile,iAmAgile & Slack Integration | Slack Marketplace,Free,chat:write chat:write.public commands,,
https://slack.com/marketplace/A055F0ZCEE8-announcements-by-deel,Announcements ⚡ by Deel & Slack Integration | Slack Marketplace,Paid with free trial,channels:read chat:write chat:write.public commands files:read files:write groups:read im:history im:write mpim:write reactions:read team:read usergroups:read users:read users:read.email,,
https://slack.com/marketplace/A055NKNCGRG-streamwork,StreamWork & Slack Integration | Slack Marketplace,Included with service subscription,chat:write,,
https://slack.com/marketplace/A055YG30UNN-emoji-happenings,Emoji Happenings & Slack Integration | Slack Marketplace,Free and paid plans available,channels:read chat:write emoji:read,,
https://slack.com/marketplace/A056EEJMEQZ-oyster,Oyster & Slack Integration | Slack Marketplace,Included with service subscription,chat:write im:write users:read users:read.email,,
https://slack.com/marketplace/A056G8N26LU-vidmonials,Vidmonials & Slack Integration | Slack Marketplace,Free and paid plans available,incoming-webhook,,
https://slack.com/marketplace/A056HKLQX24-harriet,Harriet & Slack Integration | Slack Marketplace,Paid with free trial,app_mentions:read canvases:write channels:read chat:write commands email files:read files:write im:history im:read openid pins:read profile reactions:read users:read users:read.email,,
https://slack.com/marketplace/A056U9XEQ1W-cohere-ai,Cohere AI & Slack Integration | Slack Marketplace,Free and paid plans available,app_mentions:read assistant:write channels:history channels:read chat:write commands email files:read groups:history groups:read im:history im:read mpim:history mpim:read mpim:write openid profile reactions:read reactions:write users:read,,
https://slack.com/marketplace/A056X9TUFPG-docontrol-for-slack-enterprise,DoControl for Slack Enterprise & Slack Integration | Slack Marketplace,Paid,admin.conversations:read auditlogs:read chat:write chat:write.public discovery:read discovery:write,,
https://slack.com/marketplace/A056XKYNERX-conectere,Conectere & Slack Integration | Slack Marketplace,Free and paid plans available,app_mentions:read channels:history channels:join channels:read chat:write chat:write.customize commands groups:history groups:write im:history reactions:read reactions:write users:read users:read.email,,
https://slack.com/marketplace/A05784KUGAY-digthisdata,DigThisData & Slack Integration | Slack Marketplace,Included with service subscription,incoming-webhook,,
https://slack.com/marketplace/A057DKYSM6E-chatscope-ai,ChatScope AI & Slack Integration | Slack Marketplace,Paid with free trial,app_mentions:read channels:history chat:write commands groups:history im:history users:read users:read.email,,
https://slack.com/marketplace/A058D3LKPN0-teleskope-enterprise-data-protection,Teleskope Enterprise Data Protection & Slack Integration | Slack Marketplace,Paid with free trial,chat:write chat:write.public discovery:read discovery:write im:write,,
https://slack.com/marketplace/A058QUQAZD0-dot-eu,Dot (EU) & Slack Integration | Slack Marketplace,Free and paid plans available,app_mentions:read channels:history channels:read chat:write emoji:read files:read files:write groups:history groups:read im:history im:read im:write mpim:history mpim:read reactions:read reactions:write team:read users:read users:read.email,,
https://slack.com/marketplace/A0595GYA8SG-tiny-finch,Tiny Finch & Slack Integration | Slack Marketplace,Paid with free trial,channels:history channels:manage channels:read chat:write files:read groups:history groups:read openid reactions:read reactions:write team:read users:read,,
https://slack.com/marketplace/A0598G828AG-factory,Factory & Slack Integration | Slack Marketplace,Included with service subscription,app_mentions:read assistant:write channels:history channels:join channels:read chat:write chat:write.customize chat:write.public code_channels:manage files:read files:write groups:history groups:read im:history im:read im:write mpim:history mpim:read reactions:read reactions:write team:read users:read users:read.email,,
https://slack.com/marketplace/A059M3XH4SC-fortras-digital-guardian,Fortra's Digital Guardian & Slack Integration | Slack Marketplace,Included with service subscription,chat:write discovery:read discovery:write team:read,,
https://slack.com/marketplace/A05A21591R8-castle,Castle & Slack Integration | Slack Marketplace,Paid with free trial,channels:read chat:write chat:write.public,,
https://slack.com/marketplace/A05ALKPBN8G-ai-pitch-deck-generator,AI Pitch Deck Generator & Slack Integration | Slack Marketplace,Paid with free trial,chat:write im:history,,
https://slack.com/marketplace/A05AUHLSM0W-backengine,BackEngine & Slack Integration | Slack Marketplace,Included with service subscription,assistant:write channels:history channels:join channels:manage channels:read chat:write groups:history groups:read im:history users:read users:read.email,,
https://slack.com/marketplace/A05AVV2K7SB-dewstack,Dewstack & Slack Integration | Slack Marketplace,Paid with free trial,app_mentions:read chat:write commands,,
https://slack.com/marketplace/A05B8J5K3N3-approvalmax,ApprovalMax & Slack Integration | Slack Marketplace,Paid with free trial,chat:write im:history users:read users:read.email,,
https://slack.com/marketplace/A05BGV3EB35-top-story-turtle,Top Story Turtle & Slack Integration | Slack Marketplace,Free,app_mentions:read chat:write commands im:history,,
https://slack.com/marketplace/A05BJ9S9GMT-streamlined-sow,Streamlined SOW & Slack Integration | Slack Marketplace,Free and paid plans available,chat:write commands email openid profile team:read users:read,,
https://slack.com/marketplace/A05BNF5KX8R-bubble-tea,Bubble Tea & Slack Integration | Slack Marketplace,Free and paid plans available,app_mentions:read channels:join channels:read chat:write chat:write.customize chat:write.public commands email groups:read im:history im:write openid pins:write profile reactions:write users:read users:read.email,,
https://slack.com/marketplace/A05BU5GLRGV-shout-out,Shout Out & Slack Integration | Slack Marketplace,Paid with free trial,app_mentions:read channels:read chat:write commands email groups:read openid profile users:read,,
https://slack.com/marketplace/A05BX93J6G2-orchestra,Orchestra & Slack Integration | Slack Marketplace,Free and paid plans available,channels:read chat:write groups:read users:read users:read.email,,
https://slack.com/marketplace/A05BXV73EG7-kudos-by-deel,Kudos ⚡ by Deel & Slack Integration | Slack Marketplace,Paid with free trial,app_mentions:read channels:history channels:read chat:write commands files:read files:write im:history im:write team:read users:read users:read.email,,
https://slack.com/marketplace/A05C746MW1X-meetup,Meetup & Slack Integration | Slack Marketplace,Free,chat:write commands users.profile:write users:read,,
https://slack.com/marketplace/A05CH8RKZ1A-botkube,Botkube & Slack Integration | Slack Marketplace,Free and paid plans available,app_mentions:read channels:read chat:write files:write groups:read reactions:write team:read users:read,,
https://slack.com/marketplace/A05CN5Y8E5P-lockybot,LockyBot & Slack Integration | Slack Marketplace,Free and paid plans available,app_mentions:read channels:read chat:write chat:write.public commands groups:read im:history im:write team:read,,
https://slack.com/marketplace/A05CVQC58Q6-wiv-bot,Wiv Bot & Slack Integration | Slack Marketplace,Included with service subscription,channels:read chat:write commands groups:read users:read users:read.email,,
https://slack.com/marketplace/A05D0FDCDUY-core-strengths,Core Strengths & Slack Integration | Slack Marketplace,Included with service subscription,channels:read chat:write commands emoji:read users:read users:read.email,,
https://slack.com/marketplace/A05D0KP5T63-ironclad-eu,Ironclad EU & Slack Integration | Slack Marketplace,Included with service subscription,chat:write commands mcp:connect users:read users:read.email,,
https://slack.com/marketplace/A05D51J3QJU-day-off,Day Off & Slack Integration | Slack Marketplace,Free and paid plans available,channels:join channels:read chat:write commands users:read users:read.email,,
https://slack.com/marketplace/A05DMJM9Z71-recognize,Recognize & Slack Integration | Slack Marketplace,Paid with free trial,chat:write commands email openid profile users:read users:read.email,,
https://slack.com/marketplace/A05DYFY3KKR-mailersend,MailerSend & Slack Integration | Slack Marketplace,Free and paid plans available,channels:join channels:read chat:write commands groups:read,,
https://slack.com/marketplace/A05EJHYLDQF-gmo-for-slack,電子印鑑GMOサイン for Slack & Slack Integration | Slack Marketplace,Paid with free trial,channels:read chat:write commands files:read files:write groups:read im:history im:read im:write mpim:read users:read users:read.email,,
https://slack.com/marketplace/A05ENUE28JW-markupio,MarkUp.io & Slack Integration | Slack Marketplace,Free and paid plans available,channels:read chat:write commands groups:read im:history links:read links:write,,
https://slack.com/marketplace/A05EV5PDY2X-seedhr-praise-kudos-shoutouts,"SeedHR - Praise, Kudos & Shoutouts & Slack Integration | Slack Marketplace",Paid with free trial,channels:join channels:read chat:write chat:write.public commands users:read users:read.email,,
https://slack.com/marketplace/A05F737J9V4-cat-select,Cat-Select & Slack Integration | Slack Marketplace,Free,channels:read chat:write chat:write.public commands groups:read mpim:read team:read,,
https://slack.com/marketplace/A05FPNEN24Q-coffee-chat-donut-chats-,Coffee & Chat ☕️  -  Donut & Chats 🍩 & Slack Integration | Slack Marketplace,Free and paid plans available,channels:read chat:write chat:write.customize chat:write.public email groups:read mpim:write openid profile team:read users:read users:read.email,,
https://slack.com/marketplace/A05FVK7KRUH-next,NEXT & Slack Integration | Slack Marketplace,Free and paid plans available,app_mentions:read channels:read chat:write groups:read links.embed:write links:read links:write users:read,,
https://slack.com/marketplace/A05FXQTL0NB-varicent-incentives,Varicent Incentives & Slack Integration | Slack Marketplace,Included with service subscription,chat:write files:write im:history,,
https://slack.com/marketplace/A05G24HK5NW-hybrideplace,Hybride.place & Slack Integration | Slack Marketplace,Paid with free trial,chat:write email openid profile team:read users:read,,
https://slack.com/marketplace/A05G4U7NGSH-consensus,Consensus & Slack Integration | Slack Marketplace,Included with service subscription,channels:read chat:write im:read mcp:connect openid team:read users:read users:read.email,,
https://slack.com/marketplace/A05G5FJ22UD-summize-assistant-us,Summize Assistant (US) & Slack Integration | Slack Marketplace,Included with service subscription,chat:write files:read files:write im:history,,
https://slack.com/marketplace/A05H6MSJR8Q-ask-skift,Ask Skift & Slack Integration | Slack Marketplace,Free,app_mentions:read chat:write im:history,,
https://slack.com/marketplace/A05H75GPYV6-answerhub,AnswerHub & Slack Integration | Slack Marketplace,Free and paid plans available,app_mentions:read channels:history channels:join channels:read chat:write chat:write.public commands email groups:history groups:read im:history im:read openid profile users:read,,
https://slack.com/marketplace/A05HL5W1ATF-sunchaser,SunChaser & Slack Integration | Slack Marketplace,Free and paid plans available,channels:read channels:write.topic chat:write chat:write.public commands email groups:read groups:write.topic im:history openid profile team:read usergroups:read usergroups:write users:read users:read.email,,
https://slack.com/marketplace/A05JDJWC4CE-thrivesparrow,ThriveSparrow & Slack Integration | Slack Marketplace,Paid with free trial,channels:history channels:manage channels:read channels:write chat:write files:write groups:read groups:write im:write reactions:read users:read users:read.email,,
https://slack.com/marketplace/A05JGLMHJSJ-abacusai,Abacus.AI & Slack Integration | Slack Marketplace,Included with service subscription,app_mentions:read channels:history channels:read chat:write commands groups:history groups:read im:history im:read links:write mpim:history mpim:read users:read users:read.email,,
https://slack.com/marketplace/A05JJ57QRM3-stream-deck-plugin-for-slack,Stream Deck Plugin for Slack & Slack Integration | Slack Marketplace,Free,channels:read dnd:read dnd:write emoji:read groups:read im:read im:write mpim:read team:read users.profile:read users.profile:write users:read,,
https://slack.com/marketplace/A05JK0M5DFG-drawboard-pdf,Drawboard PDF & Slack Integration | Slack Marketplace,Free and paid plans available,commands files:read,,
https://slack.com/marketplace/A05JRM8S34Z-groupsync,GroupSync & Slack Integration | Slack Marketplace,Paid,email openid profile usergroups:read usergroups:write users:read users:read.email,,
https://slack.com/marketplace/A05JXDHJRJ4-reach-360,Reach 360 & Slack Integration | Slack Marketplace,Paid with free trial,chat:write chat:write.public commands im:history links:read links:write,,
https://slack.com/marketplace/A05K4GXBTCL-pigment,Pigment & Slack Integration | Slack Marketplace,Included with service subscription,chat:write team:read users:read users:read.email,,
https://slack.com/marketplace/A05K5UYJU3H-knowledgeowl-webhooks,KnowledgeOwl Webhooks & Slack Integration | Slack Marketplace,Included with service subscription,incoming-webhook,,
https://slack.com/marketplace/A05K75378EM-stomio,Stomio & Slack Integration | Slack Marketplace,Paid with free trial,channels:read chat:write chat:write.public,,
https://slack.com/marketplace/A05KHTYF2MQ-strongdm,StrongDM & Slack Integration | Slack Marketplace,Included with service subscription,app_mentions:read channels:read chat:write commands groups:read im:history mpim:read openid pins:write users:read,,
https://slack.com/marketplace/A05L8PCH2F7-dates-collector-celebration-bot,Dates Collector & Celebration Bot & Slack Integration | Slack Marketplace,Free and paid plans available,channels:join channels:read chat:write chat:write.public files:read files:write groups:read im:history im:read users:read users:read.email,,
https://slack.com/marketplace/A05L9HKAMUL-integrate-plus-for-mondaycom,Integrate Plus for monday.com & Slack Integration | Slack Marketplace,Free and paid plans available,app_mentions:read channels:read chat:write chat:write.public commands emoji:read groups:read im:read mpim:read reactions:read team:read users:read users:read.email,,
https://slack.com/marketplace/A05LSK8SMS7-swan,swan & Slack Integration | Slack Marketplace,Paid,channels:history channels:join channels:manage channels:read chat:write chat:write.customize email files:write groups:history groups:read im:history im:read im:write incoming-webhook links:read openid profile reactions:read reactions:write users:read users:read.email,,
https://slack.com/marketplace/A05LV4WNA3D-tribble,Tribble & Slack Integration | Slack Marketplace,Included with service subscription,app_mentions:read channels:history channels:join channels:read chat:write files:read files:write groups:history groups:read im:history mpim:history reactions:read users:read users:read.email,,
https://slack.com/marketplace/A05LWQCNMUP-neetoform,NeetoForm & Slack Integration | Slack Marketplace,Free and paid plans available,channels:read chat:write chat:write.public groups:read users:read users:read.email,,
https://slack.com/marketplace/A05M2FUP2N8-pivot,Pivot & Slack Integration | Slack Marketplace,Included with service subscription,bookmarks:write channels:read chat:write chat:write.customize chat:write.public commands files:read groups:history groups:read groups:write im:write mpim:read mpim:write pins:write users.profile:read users:read users:read.email,,
https://slack.com/marketplace/A05M3MX9Q66-goodtime,GoodTime & Slack Integration | Slack Marketplace,Included with service subscription,channels:join channels:read channels:write.invites chat:write groups:read groups:write users:read users:read.email,,
https://slack.com/marketplace/A05MAK90DU3-skej,Skej & Slack Integration | Slack Marketplace,Paid with free trial,app_mentions:read channels:history channels:read chat:write files:read groups:history groups:read im:history im:read links:read mpim:history mpim:read reactions:read reactions:write team:read users.profile:read users:read users:read.email,,
https://slack.com/marketplace/A05MDNKS820-neetocal,NeetoCal & Slack Integration | Slack Marketplace,Free and paid plans available,channels:read chat:write chat:write.public groups:read,,
https://slack.com/marketplace/A05ML2UM48K-swivel,Swivel & Slack Integration | Slack Marketplace,Free and paid plans available,channels:read chat:write chat:write.public commands users:read users:read.email,,
https://slack.com/marketplace/A05MRED8WEM-gather,Gather & Slack Integration | Slack Marketplace,Free,app_mentions:read assistant:write channels:history channels:read chat:write chat:write.public commands email groups:history im:history openid profile team:read users:read users:read.email,,
https://slack.com/marketplace/A05MT83DY8L-approval-buddy,Approval Buddy & Slack Integration | Slack Marketplace,Free and paid plans available,channels:read chat:write commands email groups:read groups:write groups:write.invites im:history im:read mpim:read openid profile users:read users:read.email,,
https://slack.com/marketplace/A05MU090V25-memo-confirm-read,Memo - Confirm Read & Slack Integration | Slack Marketplace,Paid with free trial,app_mentions:read channels:history channels:join channels:read chat:write commands email groups:history groups:read im:history openid profile reactions:read team:read usergroups:read users:read,,
https://slack.com/marketplace/A05MYRTB3UG-tines,Tines & Slack Integration | Slack Marketplace,Free and paid plans available,channels:manage channels:read chat:write chat:write.public files:read files:write groups:write mpim:write reactions:read reactions:write team:read users.profile:read users:read users:read.email,,
https://slack.com/marketplace/A05MZ256BCY-databook,Databook & Slack Integration | Slack Marketplace,Included with service subscription,app_mentions:read channels:history channels:read chat:write commands files:write groups:history groups:read im:history im:read mpim:history mpim:read reactions:read users:read users:read.email,,
https://slack.com/marketplace/A05N79BR3V2-rwx,RWX & Slack Integration | Slack Marketplace,Included with service subscription,channels:read chat:write chat:write.public groups:read,,
https://slack.com/marketplace/A05NLJSF610-nomon,Nomon & Slack Integration | Slack Marketplace,Free,channels:history channels:read chat:write commands groups:history groups:read im:history mpim:history mpim:read users:read users:read.email,,
https://slack.com/marketplace/A05NNNH9135-sidekick,sidekick & Slack Integration | Slack Marketplace,Free and paid plans available,canvases:read canvases:write channels:history channels:join channels:manage channels:read chat:write chat:write.public commands conversations.connect:write files:read groups:history groups:read groups:write im:read im:write users:read users:read.email,,
https://slack.com/marketplace/A05NS51GTG9-enjo,Enjo & Slack Integration | Slack Marketplace,Paid with free trial,channels:history channels:join channels:manage channels:read chat:write chat:write.customize chat:write.public commands emoji:read files:read groups:history groups:read groups:write im:history im:read im:write mpim:history mpim:read openid reactions:read reactions:write users:read users:read.email,,
https://slack.com/marketplace/A05P27DR8C8-netlify,Netlify & Slack Integration | Slack Marketplace,Included with service subscription,app_mentions:read channels:read chat:write chat:write.public commands groups:read links:read links:write metadata.message:read team.billing:read team:read,,
https://slack.com/marketplace/A05P92WP51V-mermaid-preview,Mermaid Preview & Slack Integration | Slack Marketplace,Free,channels:join chat:write commands files:write,,
https://slack.com/marketplace/A05PDDK6086-hadrius-archiver,Hadrius Archiver & Slack Integration | Slack Marketplace,Included with service subscription,discovery:read discovery:write,,
https://slack.com/marketplace/A05PK62HTFH-gitguardian-us-for-slack,GitGuardian US for Slack & Slack Integration | Slack Marketplace,Included with service subscription,channels:history channels:join channels:manage channels:read chat:write files:read groups:history groups:read groups:write team:read users:read users:read.email,,
https://slack.com/marketplace/A05PUBAERS7-competibot,competibot & Slack Integration | Slack Marketplace,Paid with free trial,chat:write commands,,
https://slack.com/marketplace/A05QD5T9EK1-hajiri,Hajiri & Slack Integration | Slack Marketplace,Paid with free trial,channels:read chat:write commands email im:history openid profile users:read users:read.email,,
https://slack.com/marketplace/A05QH5PLL2Z-levelpath,Levelpath & Slack Integration | Slack Marketplace,Included with service subscription,chat:write commands im:history im:write incoming-webhook links:read links:write openid profile users:read,,
https://slack.com/marketplace/A05QRLESHNE-,아기고래 & Slack Integration | Slack Marketplace,Paid with free trial,channels:history channels:join channels:manage channels:read channels:write.invites chat:write chat:write.public commands email emoji:read files:read files:write groups:history groups:read groups:write groups:write.invites im:history im:write mpim:history mpim:write openid profile reactions:read reactions:write team.billing:read usergroups:read users:read users:read.email,,
https://slack.com/marketplace/A05QUGA17PH-tightknit,Tightknit & Slack Integration | Slack Marketplace,Paid with free trial,channels:history channels:join channels:manage channels:read channels:write.invites chat:write chat:write.customize chat:write.public commands email emoji:read files:read files:write groups:history groups:read groups:write im:history im:read im:write links.embed:write links:read openid pins:read pins:write profile reactions:read team.billing:read team:read users.profile:read users:read users:read.email,,
https://slack.com/marketplace/A05QWNELCS3-botsonic,Botsonic & Slack Integration | Slack Marketplace,Paid,app_mentions:read channels:history chat:write commands groups:history im:history mpim:history users:read,,
https://slack.com/marketplace/A05R08R2CFN-reception,Reception & Slack Integration | Slack Marketplace,Paid with free trial,channels:read chat:write,,
https://slack.com/marketplace/A05R4TD0JSZ-smartsheet-eu,Smartsheet EU & Slack Integration | Slack Marketplace,Paid with free trial,channels:read chat:write chat:write.public groups:read im:history im:read links:read links:write team:read users:read,,
https://slack.com/marketplace/A05RAMDMS3E-windmill,Windmill & Slack Integration | Slack Marketplace,Included with service subscription,app_mentions:read canvases:read channels:history channels:join channels:manage channels:read chat:write chat:write.customize chat:write.public commands files:read files:write groups:history groups:read groups:write im:history im:write links:read links:write lists:read reactions:read reactions:write team:read usergroups:read users.profile:read users:read users:read.email,,
https://slack.com/marketplace/A05RLMM3A3D-jolly,Jolly & Slack Integration | Slack Marketplace,Free and paid plans available,channels:join channels:read chat:write chat:write.customize email groups:read im:history openid profile team:read users.profile:read users:read users:read.email,,
https://slack.com/marketplace/A05RRBAA370-works-calendar,WORKS Calendar & Slack Integration | Slack Marketplace,Free and paid plans available,chat:write commands im:history users:read,,
https://slack.com/marketplace/A05RRQKLGPQ-synergita-okr,Synergita OKR & Slack Integration | Slack Marketplace,Paid with free trial,chat:write commands users:read users:read.email,,
https://slack.com/marketplace/A05RXUZ2GHH-keep,Keep & Slack Integration | Slack Marketplace,Free and paid plans available,chat:write reactions:write,,
https://slack.com/marketplace/A05S2122SV7-daily-te-reo-mori,Daily Te Reo Māori & Slack Integration | Slack Marketplace,Free,channels:manage chat:write files:write,,
https://slack.com/marketplace/A05S25ES9R9-wild-moose,Wild Moose & Slack Integration | Slack Marketplace,Paid with free trial,channels:history channels:join channels:read chat:write commands files:read files:write groups:history groups:read im:history im:read metadata.message:read mpim:read reactions:read usergroups:read users:read users:read.email,,
https://slack.com/marketplace/A05SA0ZAMSN-,ロボオペレータ & Slack Integration | Slack Marketplace,Paid,channels:history channels:read channels:write.invites chat:write chat:write.customize emoji:read files:read files:write groups:history groups:read groups:write.invites reactions:write team:read users:read users:read.email,,
https://slack.com/marketplace/A05SHCYB4DP-pullnotifier-for-github,PullNotifier for Github & Slack Integration | Slack Marketplace,Free and paid plans available,chat:write chat:write.customize chat:write.public incoming-webhook,,
https://slack.com/marketplace/A05SLGUKZNW-thoughtspot-spotter,ThoughtSpot Spotter & Slack Integration | Slack Marketplace,Included with service subscription,app_mentions:read canvases:read canvases:write channels:history channels:read chat:write chat:write.public commands files:write groups:history groups:read groups:write im:history im:read im:write links:read links:write mpim:history mpim:read pins:read pins:write reactions:write remote_files:write search:read.files search:read.im search:read.mpim search:read.private search:read.public search:read.users users:read users:read.email,,
https://slack.com/marketplace/A05SN3F2Z29-kroolo,Kroolo & Slack Integration | Slack Marketplace,Free and paid plans available,channels:history channels:read chat:write chat:write.public commands groups:history groups:read groups:write.invites users:read users:read.email,,
https://slack.com/marketplace/A05SPEW6W8L-wordsmith,Wordsmith & Slack Integration | Slack Marketplace,Paid with free trial,app_mentions:read canvases:read canvases:write channels:history channels:join channels:manage channels:read channels:write chat:write email emoji:read files:read files:write groups:history groups:read groups:write im:history im:read im:write mpim:history mpim:read mpim:write openid pins:write profile reactions:read reactions:write search:read.files search:read.im search:read.mpim search:read.private search:read.public search:read.users team:read users:read users:read.email,,
https://slack.com/marketplace/A05SS57M4CF-mercury,Mercury & Slack Integration | Slack Marketplace,Free,chat:write chat:write.public commands im:write users.profile:read,,
https://slack.com/marketplace/A05ST3YRA1K-chatly,Chatly & Slack Integration | Slack Marketplace,Free,chat:write commands files:write im:history im:read,,
https://slack.com/marketplace/A05TG1SAK7B-bugbug,BugBug & Slack Integration | Slack Marketplace,Included with service subscription,channels:read chat:write chat:write.public users:read,,
https://slack.com/marketplace/A05TXRP382V-guide,Guide & Slack Integration | Slack Marketplace,Paid,channels:history channels:join channels:manage channels:read channels:write.invites chat:write chat:write.customize groups:history groups:read groups:write im:history im:read im:write mpim:history mpim:read mpim:write users:read users:read.email,,
https://slack.com/marketplace/A05TYCC1E75-myko,Myko & Slack Integration | Slack Marketplace,Paid,chat:write files:read files:write im:history mpim:history mpim:read,,
https://slack.com/marketplace/A05TZJSE2G7-yama-list,Yama list & Slack Integration | Slack Marketplace,Free and paid plans available,channels:read chat:write chat:write.public commands groups:read im:history im:read im:write mpim:read mpim:write team:read users:read users:read.email,,
https://slack.com/marketplace/A05UAEY52E4-filestage,Filestage & Slack Integration | Slack Marketplace,Free and paid plans available,channels:join channels:read chat:write groups:read users:read users:read.email,,
https://slack.com/marketplace/A05UAJUMMCH-cloudchipr,Cloudchipr & Slack Integration | Slack Marketplace,Included with service subscription,channels:join channels:read chat:write files:write groups:read im:write users:read,,
https://slack.com/marketplace/A05UEDXCTCK-camino,Camino & Slack Integration | Slack Marketplace,Paid with free trial,app_mentions:read channels:read chat:write groups:read groups:write groups:write.invites im:history mpim:read mpim:write reactions:write users:read users:read.email,,
https://slack.com/marketplace/A05UGHMU2KV-poll-buddy,Poll Buddy & Slack Integration | Slack Marketplace,Free and paid plans available,channels:read chat:write chat:write.public commands email files:write groups:read im:history im:write openid profile users:read users:read.email,,
https://slack.com/marketplace/A060L9FGDMZ-contracts-clm,ContractS CLM & Slack Integration | Slack Marketplace,Paid,channels:history chat:write files:read files:write,,
https://slack.com/marketplace/A060M14JNHZ-klipy,KLIPY & Slack Integration | Slack Marketplace,Free,chat:write commands links.embed:write links:read links:write,,
https://slack.com/marketplace/A060RKBMVPT-navattic,Navattic & Slack Integration | Slack Marketplace,Included with service subscription,channels:read chat:write groups:read users:read,,
https://slack.com/marketplace/A060UNLRVGF-cakewalk,Cakewalk & Slack Integration | Slack Marketplace,Included with service subscription,app_mentions:read chat:write im:history users:read users:read.email,,
https://slack.com/marketplace/A0611SUF2EA-baccaai,BACCA.AI & Slack Integration | Slack Marketplace,Paid with free trial,channels:history channels:join channels:manage channels:read channels:write.invites channels:write.topic chat:write commands email files:read files:write groups:history groups:read im:history openid pins:write profile reactions:read reactions:write users:read users:read.email,,
https://slack.com/marketplace/A062J9GJ421-oliv-ai,Oliv AI & Slack Integration | Slack Marketplace,Free and paid plans available,channels:join channels:manage channels:read chat:write chat:write.customize conversations.connect:write groups:read groups:write im:write users.profile:read users:read users:read.email,,
https://slack.com/marketplace/A062K8XMP63-pix-by-likewise,Pix by Likewise & Slack Integration | Slack Marketplace,Free,app_mentions:read chat:write commands im:history,,
https://slack.com/marketplace/A062LEA3FJR-waroom,Waroom & Slack Integration | Slack Marketplace,Free and paid plans available,bookmarks:write channels:history channels:join channels:manage channels:read channels:write channels:write.invites chat:write commands groups:history groups:read groups:write groups:write.invites im:read im:write links.embed:write links:read links:write mpim:read mpim:write team:read usergroups:read users:read,,
https://slack.com/marketplace/A062MFP2MS8-all-quiet,All Quiet & Slack Integration | Slack Marketplace,Paid with free trial,channels:read chat:write commands groups:read users:read users:read.email,,
https://slack.com/marketplace/A062R97PPML-coffee-pot,Coffee Pot & Slack Integration | Slack Marketplace,Free,channels:join channels:read chat:write commands im:write mpim:write reactions:read reactions:write users:read,,
https://slack.com/marketplace/A062Z3FRHDX-simple-uptime,Simple Uptime & Slack Integration | Slack Marketplace,Free and paid plans available,chat:write chat:write.public team:read,,
https://slack.com/marketplace/A063TF4BL74-coderabbit,CodeRabbit & Slack Integration | Slack Marketplace,Free and paid plans available,app_mentions:read assistant:write bookmarks:read canvases:read canvases:write channels:history channels:join channels:read chat:write code_channels:manage commands dnd:read email emoji:read files:read files:write groups:history groups:read groups:write.invites im:history im:read im:write lists:read mpim:history mpim:read mpim:write openid pins:read profile reactions:read reactions:write reminders:read search:read.files search:read.im search:read.mpim search:read.private search:read.public search:read.users team:read usergroups:read users:read users:read.email,,
https://slack.com/marketplace/A0641FFPG80-coffee-donut-chat-alfy,Coffee & Donut Chat • Alfy & Slack Integration | Slack Marketplace,Free and paid plans available,channels:join channels:manage channels:read chat:write groups:read groups:write mpim:write users:read users:read.email,,
https://slack.com/marketplace/A06441T5Q7R-20,タメ語2.0 & Slack Integration | Slack Marketplace,Paid with free trial,channels:history chat:write,,
https://slack.com/marketplace/A0646SLE918-underdefense-maxi-notifications,UnderDefense MAXI Notifications & Slack Integration | Slack Marketplace,Free and paid plans available,incoming-webhook,,
https://slack.com/marketplace/A06593GNYFN-timr,timr & Slack Integration | Slack Marketplace,Free and paid plans available,chat:write commands im:history team:read users.profile:read users.profile:write users:read,,
https://slack.com/marketplace/A065JPVAD3P-runbear,Runbear & Slack Integration | Slack Marketplace,Paid,app_mentions:read assistant:write channels:history channels:join channels:read chat:write chat:write.customize commands emoji:read files:read files:write groups:history groups:read im:history mpim:history mpim:read reactions:read reactions:write search:read.files search:read.im search:read.mpim search:read.private search:read.public usergroups:read users:read users:read.email,,
https://slack.com/marketplace/A065MEG28LS-teatimechat,TeaTime.Chat & Slack Integration | Slack Marketplace,Free and paid plans available,channels:read chat:write chat:write.public groups:read mpim:write openid profile team:read users:read,,
https://slack.com/marketplace/A066ADXTFU5-centralize,Centralize & Slack Integration | Slack Marketplace,Included with service subscription,assistant:write channels:history channels:join channels:read chat:write groups:history groups:read im:history im:read mpim:read team:read users:read users:read.email,,
https://slack.com/marketplace/A066DN9411D-pager-hero,Pager Hero & Slack Integration | Slack Marketplace,Free and paid plans available,channels:history channels:join channels:read chat:write users.profile:read,,
https://slack.com/marketplace/A066JDWQV0V-gumloop,Gumloop & Slack Integration | Slack Marketplace,Free and paid plans available,admin.apps:read admin.teams:read admin.teams:write admin.users:read admin.users:write app_mentions:read assistant:write bookmarks:read bookmarks:write canvases:read canvases:write channels:history channels:join channels:manage channels:read channels:write chat:write chat:write.customize chat:write.public commands dnd:read dnd:write emoji:read files:read files:write groups:history groups:read groups:write im:history im:read im:write lists:read lists:write mpim:history mpim:read mpim:write pins:read pins:write reactions:read reactions:write reminders:read reminders:write search:read.files search:read.im search:read.mpim search:read.private search:read.public search:read.users stars:read stars:write team:read usergroups:read usergroups:write users.profile:read users.profile:write users:read users:read.email users:write,,
https://slack.com/marketplace/A066SREUH1B-trumpet-,trumpet 🎺 & Slack Integration | Slack Marketplace,Free and paid plans available,chat:write incoming-webhook,,
https://slack.com/marketplace/A066UPZVC72-immedio,immedio & Slack Integration | Slack Marketplace,Included with service subscription,channels:join channels:read chat:write groups:read usergroups:read users:read,,
https://slack.com/marketplace/A067J2TEP4G-oneflow,Oneflow & Slack Integration | Slack Marketplace,Free and paid plans available,channels:read chat:write commands groups:read im:history links:read links:write users:read users:read.email,,
https://slack.com/marketplace/A067XF8HWF3-gmo-,GMOサイン 契約レビュー & Slack Integration | Slack Marketplace,Paid,channels:history chat:write files:read files:write,,
https://slack.com/marketplace/A0681S0KZSQ-gliffy-by-perforce,Gliffy by Perforce & Slack Integration | Slack Marketplace,Included with service subscription,chat:write chat:write.public links:read links:write,,
https://slack.com/marketplace/A068GP4J3LP-workleap,Workleap & Slack Integration | Slack Marketplace,Free and paid plans available,channels:read chat:write email groups:read openid profile team:read users:read users:read.email,,
https://slack.com/marketplace/A0693E57F6V-poll-survey-enps-pulsy,"Poll, Survey, eNPS • Pulsy & Slack Integration | Slack Marketplace",Free and paid plans available,channels:read chat:write chat:write.public commands groups:read im:write users:read users:read.email,,
https://slack.com/marketplace/A069AVA4HCY-autorfpai,AutoRFP.ai & Slack Integration | Slack Marketplace,Included with service subscription,app_mentions:read chat:write commands im:history reactions:write users:read users:read.email,,
https://slack.com/marketplace/A069K4D155J-approbird,Approbird & Slack Integration | Slack Marketplace,Free,channels:read chat:write commands files:read files:write groups:read im:history im:read im:write mpim:read users:read,,
https://slack.com/marketplace/A069LRR12SK-ctct-lgcrm-live-chat,CTCT LG&CRM Live Chat & Slack Integration | Slack Marketplace,Included with service subscription,channels:history channels:join channels:manage channels:read chat:write commands users:read,,
https://slack.com/marketplace/A069PFT59PC-touchsms,touchSMS & Slack Integration | Slack Marketplace,Paid with free trial,channels:read chat:write chat:write.public commands groups:read users:read,,
https://slack.com/marketplace/A069YJHH45R-smartrecruiters,SmartRecruiters & Slack Integration | Slack Marketplace,Included with service subscription,chat:write openid profile,,
https://slack.com/marketplace/A06A3TU8H39-devin,Devin & Slack Integration | Slack Marketplace,Paid,app_mentions:read assistant:write canvases:read canvases:write channels:history channels:join channels:read chat:write chat:write.customize code_channels:manage commands email files:read files:write groups:history groups:read im:history im:read im:write mpim:history mpim:read openid profile reactions:read reactions:write search:read.files search:read.im search:read.mpim search:read.private search:read.public search:read.users team:read usergroups:read users.profile:read users:read users:read.email,,
https://slack.com/marketplace/A06A5FM9ZNX-kudos-praise-shoutout-clappy,"Kudos, Praise & Shoutout • Clappy & Slack Integration | Slack Marketplace",Free and paid plans available,channels:read chat:write chat:write.public commands users:read users:read.email,,
https://slack.com/marketplace/A06AFGHSZK6-digital-message-surveillance-dms,Digital Message Surveillance (DMS) & Slack Integration | Slack Marketplace,Paid,auditlogs:read discovery:read,,
https://slack.com/marketplace/A06ATKSU9JB-statusgator,StatusGator & Slack Integration | Slack Marketplace,Paid with free trial,channels:read chat:write chat:write.customize chat:write.public commands groups:read links:read team:read,,
https://slack.com/marketplace/A06AY460J8N-boxhero,BoxHero & Slack Integration | Slack Marketplace,Free and paid plans available,channels:read chat:write chat:write.public groups:read team:read,,
https://slack.com/marketplace/A06C9K97T6Y-leandata,LeanData & Slack Integration | Slack Marketplace,Paid,bookmarks:write channels:history channels:join channels:manage channels:read chat:write chat:write.customize chat:write.public files:read files:write groups:history groups:read groups:write im:history im:read im:write mpim:history mpim:read mpim:write reactions:read reactions:write users:read users:read.email,,
https://slack.com/marketplace/A06CPBCH3GQ-catch-up-ai,Catch Up AI & Slack Integration | Slack Marketplace,Free,chat:write im:history im:write users:read users:read.email,,
https://slack.com/marketplace/A06CXS1JVCL-scoro,Scoro & Slack Integration | Slack Marketplace,Paid with free trial,channels:read chat:write im:read users:read users:read.email,,
https://slack.com/marketplace/A06D2MLN3NV-my-quizzes,My Quizzes & Slack Integration | Slack Marketplace,Free and paid plans available,channels:join channels:read chat:write commands email groups:read openid profile users:read users:read.email,,
https://slack.com/marketplace/A06DBHTCKC2-happenstance,Happenstance & Slack Integration | Slack Marketplace,Free and paid plans available,app_mentions:read channels:history channels:join channels:read chat:write commands groups:history groups:read im:history mpim:history mpim:read reactions:read reactions:write users:read users:read.email,,
https://slack.com/marketplace/A06DM215R1S-adquick-ai,AdQuick AI & Slack Integration | Slack Marketplace,Free,app_mentions:read chat:write chat:write.public commands im:history im:read,,
https://slack.com/marketplace/A06DSQU324C-my-polls,My Polls & Slack Integration | Slack Marketplace,Free and paid plans available,channels:join channels:read chat:write commands groups:read users:read users:read.email,,
https://slack.com/marketplace/A06DYKNDSTU-aleph,Aleph & Slack Integration | Slack Marketplace,Included with service subscription,app_mentions:read assistant:write channels:history channels:join channels:read chat:write chat:write.customize chat:write.public files:read files:write groups:history groups:read im:history im:read mpim:history mpim:read reactions:read reactions:write team:read usergroups:read usergroups:write users:read users:read.email,,
https://slack.com/marketplace/A06E2UB9CBB-circleback,Circleback & Slack Integration | Slack Marketplace,Paid with free trial,app_mentions:read assistant:write channels:history channels:read chat:write chat:write.public files:read files:write groups:history groups:read im:history links:read links:write mcp:connect mpim:history mpim:read reactions:read reactions:write team:read users:read users:read.email,,
https://slack.com/marketplace/A06EY2WM9M2-cloudcost-report,CloudCost Report & Slack Integration | Slack Marketplace,Paid with free trial,chat:write chat:write.public team:read users:read users:read.email,,
https://slack.com/marketplace/A06FPAPPY8Z-relevance-ai,Relevance AI & Slack Integration | Slack Marketplace,Free and paid plans available,assistant:write canvases:read canvases:write channels:history channels:read chat:write chat:write.customize files:read groups:history groups:read im:history im:read im:write mpim:history mpim:read reactions:read reactions:write search:read.files search:read.im search:read.mpim search:read.private search:read.public search:read.users team:read users.profile:read users.profile:write users:read users:read.email,,
https://slack.com/marketplace/A06G0D32410-ukg-flow,UKG Flow & Slack Integration | Slack Marketplace,Included with service subscription,chat:write commands im:history,,
https://slack.com/marketplace/A06G3EQ6K4G-oro-labs-eu,Oro Labs EU & Slack Integration | Slack Marketplace,Included with service subscription,chat:write im:history users:read users:read.email,,
https://slack.com/marketplace/A06G6SR6CKC-tellya,TellYa & Slack Integration | Slack Marketplace,Paid with free trial,app_mentions:read channels:history chat:write groups:history im:history im:write mpim:history reactions:read reactions:write users:read users:read.email,,
https://slack.com/marketplace/A06GQJFDUP9-canva,Canva & Slack Integration | Slack Marketplace,Free and paid plans available,canvases:read channels:history channels:read chat:write commands groups:history groups:read im:history im:read links:read links:write mcp:connect mpim:history mpim:read search:read.files search:read.im search:read.mpim search:read.private search:read.public search:read.users users:read users:read.email,,
https://slack.com/marketplace/A06GUA8CWUV-riido,Riido & Slack Integration | Slack Marketplace,Free and paid plans available,channels:history channels:join channels:read chat:write commands groups:history groups:read groups:write im:read reactions:read reactions:write team:read users.profile:read users:read users:read.email,,
https://slack.com/marketplace/A06H4PNSS5B-mirrorweb-insight-for-slack,MirrorWeb Insight for Slack & Slack Integration | Slack Marketplace,Paid,discovery:read,,
https://slack.com/marketplace/A06HDE1N26M-timewriter,TimeWriter & Slack Integration | Slack Marketplace,Paid with free trial,chat:write commands email files:write im:history openid profile users:read,,
https://slack.com/marketplace/A06J17ATU1H-openculture-anonymous-questions-polls-kudos,"OpenCulture | Anonymous Questions, Polls, Kudos & Slack Integration | Slack Marketplace",Paid with free trial,app_mentions:read channels:join channels:read chat:write commands groups:read mpim:read usergroups:read users:read,,
https://slack.com/marketplace/A06KK2AGR8T-reach-360-eu,Reach 360 EU & Slack Integration | Slack Marketplace,Paid with free trial,chat:write chat:write.public commands im:history links:read links:write,,
https://slack.com/marketplace/A06KNPSD9FH-lumin,Lumin & Slack Integration | Slack Marketplace,Free and paid plans available,channels:join channels:read chat:write chat:write.public commands files:read groups:read groups:write.invites im:history links:read links:write openid remote_files:write team:read users:read users:read.email,,
https://slack.com/marketplace/A06L01NN2US-grouphang,GroupHang & Slack Integration | Slack Marketplace,Free,chat:write chat:write.public commands users.profile:read,,
https://slack.com/marketplace/A06L51ERA1W-skedda,Skedda & Slack Integration | Slack Marketplace,Paid with free trial,channels:join channels:read chat:write commands groups:read users:read users:read.email,,
https://slack.com/marketplace/A06L7RZ0KD1-koncert,Koncert & Slack Integration | Slack Marketplace,Included with service subscription,channels:read chat:write,,
https://slack.com/marketplace/A06LGJTM57Z-easymentioner,EasyMentioner & Slack Integration | Slack Marketplace,Paid with free trial,channels:history channels:manage channels:read chat:write commands groups:history groups:read groups:write im:history im:write,,
https://slack.com/marketplace/A06LR535F4N-steady,Steady & Slack Integration | Slack Marketplace,Paid with free trial,chat:write im:write links:read users:read users:read.email,,
https://slack.com/marketplace/A06LT5DQMFW-resolve-ai,Resolve AI & Slack Integration | Slack Marketplace,Included with service subscription,app_mentions:read channels:history channels:join channels:read chat:write commands files:read files:write groups:history groups:read im:history im:read im:write links:read links:write mpim:history mpim:read reactions:read reactions:write users:read users:read.email,,
https://slack.com/marketplace/A06LXJYR8RF-docodoco,DocoDoco & Slack Integration | Slack Marketplace,Free,commands,,
https://slack.com/marketplace/A06MZUKG0E5-hyperproof-eu,Hyperproof EU & Slack Integration | Slack Marketplace,Paid with free trial,channels:history channels:join channels:read chat:write im:history im:write users:read users:read.email,,
https://slack.com/marketplace/A06N34EHKLY-howsthisgoing-ai-project-manager,HowsThisGoing - AI Project Manager & Slack Integration | Slack Marketplace,Free and paid plans available,app_mentions:read channels:history channels:read chat:write chat:write.customize chat:write.public email files:read files:write groups:history groups:read im:history im:write mpim:history mpim:read openid profile team:read usergroups:read users:read users:read.email,,
https://slack.com/marketplace/A06NKS6GD47-brainfish,Brainfish & Slack Integration | Slack Marketplace,Included with service subscription,app_mentions:read channels:history channels:join channels:read chat:write files:read groups:history groups:read,,
https://slack.com/marketplace/A06PMMUG0RM-oktopost-social-advocacy,Oktopost Social Advocacy & Slack Integration | Slack Marketplace,Included with service subscription,chat:write users:read users:read.email,,
https://slack.com/marketplace/A06PULXG0H2-cosy,Cosy & Slack Integration | Slack Marketplace,Free and paid plans available,channels:history channels:join channels:read chat:write commands groups:history im:read im:write mpim:history mpim:read mpim:write reactions:read users:read users:read.email,,
https://slack.com/marketplace/A06PVCCPP71-phrase-orchestrator,Phrase Orchestrator & Slack Integration | Slack Marketplace,Included with service subscription,channels:read chat:write,,
https://slack.com/marketplace/A06Q28ZHSMR-granola,Granola & Slack Integration | Slack Marketplace,Free and paid plans available,app_mentions:read canvases:read canvases:write channels:history channels:join channels:manage channels:read channels:write chat:write chat:write.customize emoji:read files:read groups:history groups:read groups:write im:history im:write links:read links:write mcp:connect mpim:history mpim:read mpim:write reactions:write search:read.files search:read.im search:read.mpim search:read.private search:read.public search:read.users users:read users:read.email,,
https://slack.com/marketplace/A06Q9KQ9SLV-coffee-break-crewting,Coffee-Break ☕️ - Crewting & Slack Integration | Slack Marketplace,Free and paid plans available,channels:join channels:read chat:write groups:read links.embed:write links:read mpim:write users:read users:read.email,,
https://slack.com/marketplace/A06Q9TE4CG6-meetgeek-chat-assistant,MeetGeek Chat Assistant & Slack Integration | Slack Marketplace,Free and paid plans available,app_mentions:read assistant:write channels:history chat:write groups:history im:history users:read users:read.email,,
https://slack.com/marketplace/A06QA9Q630X-wethosxo,WethosXO & Slack Integration | Slack Marketplace,Included with service subscription,chat:write commands im:history im:write users:read users:read.email,,
https://slack.com/marketplace/A06QMPZ6UCA-mangoapps,MangoApps & Slack Integration | Slack Marketplace,Paid with free trial,channels:read chat:write chat:write.customize chat:write.public files:write team:read users.profile:read,,
https://slack.com/marketplace/A06QZ9E66FP-churn-solution,Churn Solution & Slack Integration | Slack Marketplace,Free and paid plans available,channels:read chat:write groups:read incoming-webhook,,
https://slack.com/marketplace/A06R6MR464T-datachat-by-moodbit,Datachat by Moodbit & Slack Integration | Slack Marketplace,Paid with free trial,channels:read chat:write commands groups:read im:history users:read users:read.email,,
https://slack.com/marketplace/A06R8GBM5JS-adi-bot,Adi Bot & Slack Integration | Slack Marketplace,Free and paid plans available,app_mentions:read channels:read chat:write groups:read im:history team:read users:read users:read.email,,
https://slack.com/marketplace/A06R8NK1JTF-org-chart-profile-linky,Org Chart & Profile • Linky & Slack Integration | Slack Marketplace,Free and paid plans available,chat:write commands files:read im:history users:read users:read.email,,
https://slack.com/marketplace/A06R8RG5LAW-notion-ai,Notion AI & Slack Integration | Slack Marketplace,Paid,app_mentions:read assistant:write channels:history channels:join channels:manage channels:read channels:write chat:write chat:write.customize emoji:read files:read groups:history groups:read groups:write im:history im:read mpim:history mpim:read pins:read reactions:read reactions:write search:read.files search:read.im search:read.mpim search:read.private search:read.public team:read usergroups:read usergroups:write users.profile:read users:read users:read.email,,
https://slack.com/marketplace/A06RT274P9U-coworker,Coworker & Slack Integration | Slack Marketplace,Included with service subscription,app_mentions:read channels:history channels:join channels:read chat:write commands groups:history groups:read im:history reactions:read team:read users:read users:read.email,,
https://slack.com/marketplace/A06SCTY9NNN-entro-security,Entro Security & Slack Integration | Slack Marketplace,Paid with free trial,discovery:read discovery:write users:read,,
https://slack.com/marketplace/A06T8JQFLH5-planable,Planable & Slack Integration | Slack Marketplace,Free and paid plans available,chat:write,,
https://slack.com/marketplace/A06TBRJ2RV5-sonrai,Sonrai & Slack Integration | Slack Marketplace,Free,app_mentions:read channels:read chat:write chat:write.public commands files:read files:write im:history im:write users:read users:read.email,,
https://slack.com/marketplace/A06TDDYJATC-standup-for-me,Standup for Me & Slack Integration | Slack Marketplace,Free and paid plans available,channels:join channels:read channels:write.invites chat:write commands groups:read groups:write.invites im:history im:read im:write team:read users:read users:read.email,,
https://slack.com/marketplace/A06TG4459L7-common-paper,Common Paper & Slack Integration | Slack Marketplace,Free and paid plans available,channels:read chat:write chat:write.public groups:read,,
https://slack.com/marketplace/A06TWCUFVPB-aha-20,Aha! 2.0 & Slack Integration | Slack Marketplace,Included with service subscription,channels:read chat:write commands incoming-webhook links:read links:write usergroups:read users:read,,
https://slack.com/marketplace/A06UR7GKZ3K-birthday-,Birthday 🥳 & Slack Integration | Slack Marketplace,Free and paid plans available,channels:read chat:write chat:write.customize chat:write.public email groups:read openid profile team:read users:read,,
https://slack.com/marketplace/A06UW9V759Q-clearview-social,ClearView Social & Slack Integration | Slack Marketplace,Paid,incoming-webhook,,
https://slack.com/marketplace/A070LR8KVEU-threadly,Threadly & Slack Integration | Slack Marketplace,Free and paid plans available,channels:history channels:join channels:read channels:write.invites chat:write chat:write.customize commands files:read groups:history groups:read groups:write.invites im:write mpim:read mpim:write reactions:read team.billing:read team:read users:read users:read.email,,
https://slack.com/marketplace/A070MT5J5KL-snappy-gifts,Snappy Gifts & Slack Integration | Slack Marketplace,Included with service subscription,chat:write commands im:write team:read users:read users:read.email,,
https://slack.com/marketplace/A0710TPRMRQ-octolens,Octolens & Slack Integration | Slack Marketplace,Paid with free trial,channels:read chat:write chat:write.public groups:read users:read,,
https://slack.com/marketplace/A0711DB6TP1-make-a-chart,Make a Chart & Slack Integration | Slack Marketplace,Free,chat:write commands files:write,,
https://slack.com/marketplace/A071DEUQXFB-reviewnudgebot-for-github-bitbucket,ReviewNudgeBot for GitHub/Bitbucket & Slack Integration | Slack Marketplace,Free and paid plans available,channels:history channels:read chat:write groups:history groups:read reactions:read reactions:write users:read users:read.email,,
https://slack.com/marketplace/A071FH5RCHG-autohive,Autohive & Slack Integration | Slack Marketplace,Included with service subscription,app_mentions:read channels:history channels:join channels:read chat:write chat:write.public commands files:read files:write groups:history groups:read im:write mpim:read reactions:read reactions:write users:read,,
https://slack.com/marketplace/A071KSMUNUA-empwrai,Empwr.ai & Slack Integration | Slack Marketplace,Free and paid plans available,channels:history channels:join channels:read chat:write groups:history im:history mpim:history team:read users:read users:read.email,,
https://slack.com/marketplace/A071SDCLCDN-engauge-ai,Engauge AI & Slack Integration | Slack Marketplace,Free and paid plans available,app_mentions:read channels:history channels:read chat:write commands email groups:history groups:read im:history im:write openid profile reactions:read users:read users:read.email,,
https://slack.com/marketplace/A0721CAT00Y-relativity-legal-hold,Relativity Legal Hold & Slack Integration | Slack Marketplace,Paid,admin.legal_holds:read admin.legal_holds:write discovery:read users:read users:read.email,,
https://slack.com/marketplace/A0726SAKWG4-faceup,FaceUp & Slack Integration | Slack Marketplace,Included with service subscription,chat:write users:read users:read.email,,
https://slack.com/marketplace/A072GMQCEF5-pensero,Pensero & Slack Integration | Slack Marketplace,Included with service subscription,channels:history channels:join channels:read chat:write emoji:read files:read groups:history groups:read im:write users:read users:read.email,,
https://slack.com/marketplace/A072PUQGU90-clover-security,Clover Security & Slack Integration | Slack Marketplace,Included with service subscription,app_mentions:read assistant:write channels:history channels:read chat:write commands groups:history groups:read im:history im:read mpim:history mpim:read reactions:write users:read users:read.email,,
https://slack.com/marketplace/A073L3AT93N-parkly,Parkly & Slack Integration | Slack Marketplace,Free,chat:write team:read users:read users:read.email,,
https://slack.com/marketplace/A073N5P1AHL-hyperproof-gov,Hyperproof Gov & Slack Integration | Slack Marketplace,Paid with free trial,channels:history channels:join channels:read chat:write im:history im:write users:read users:read.email,,
https://slack.com/marketplace/A073WGE7U6S-catpilot,Catpilot & Slack Integration | Slack Marketplace,Included with service subscription,app_mentions:read chat:write commands im:history links.embed:write links:read links:write reactions:write team:read users:read users:read.email,,
https://slack.com/marketplace/A073X25MDK5-signable,Signable & Slack Integration | Slack Marketplace,Paid with free trial,incoming-webhook,,
https://slack.com/marketplace/A074EPN6LBF-affinity,Affinity & Slack Integration | Slack Marketplace,Included with service subscription,channels:read chat:write chat:write.public commands groups:read groups:write.invites team:read users:read users:read.email,,
https://slack.com/marketplace/A074FDZPN5V-chorenado,Chorenado & Slack Integration | Slack Marketplace,Paid with free trial,app_mentions:read channels:join chat:write commands team:read users:read users:read.email,,
https://slack.com/marketplace/A074FENBR5Z-gitbot-for-github,Gitbot for GitHub & Slack Integration | Slack Marketplace,Free and paid plans available,bookmarks:write channels:history channels:manage channels:read chat:write chat:write.customize commands groups:history groups:read groups:write openid team:read users:read,,
https://slack.com/marketplace/A074KQBRZQA-nocrm,noCRM & Slack Integration | Slack Marketplace,Paid with free trial,channels:read chat:write chat:write.public users:read users:read.email,,
https://slack.com/marketplace/A074Q54HTB5-macroscope,Macroscope & Slack Integration | Slack Marketplace,Free and paid plans available,app_mentions:read assistant:write channels:history channels:read chat:write chat:write.public commands files:read files:write groups:history im:history mpim:history openid profile reactions:read reactions:write search:read.public users.profile:read users:read,,
https://slack.com/marketplace/A0751KZ4H19-surveymonkey-instant-notifications,SurveyMonkey: Instant Notifications & Slack Integration | Slack Marketplace,Free and paid plans available,channels:read chat:write chat:write.public groups:read groups:write.invites,,
https://slack.com/marketplace/A07530MMFFF-wellence,Wellence & Slack Integration | Slack Marketplace,Included with service subscription,app_mentions:read channels:read chat:write commands groups:read im:history links.embed:write links:read links:write mpim:read team:read users:read users:read.email,,
https://slack.com/marketplace/A0754RV8S3C-buildbetterai,BuildBetter.ai & Slack Integration | Slack Marketplace,Paid with free trial,channels:history channels:join channels:read chat:write commands groups:history groups:read reactions:write team:read users:read users:read.email,,
https://slack.com/marketplace/A07598BNN3U-deepfabric,DeepFabric & Slack Integration | Slack Marketplace,Paid,channels:history chat:write commands files:read groups:history im:history mpim:history users:read users:read.email,,
https://slack.com/marketplace/A075BMPLLMD-zooba-ai-dm,zooba AI DM用 & Slack Integration | Slack Marketplace,Included with service subscription,channels:history channels:read chat:write chat:write.customize files:read groups:history groups:read im:history im:read im:write reactions:write,,
https://slack.com/marketplace/A075PBJ3D8U-master-metrics,Master Metrics & Slack Integration | Slack Marketplace,Paid with free trial,channels:join channels:read chat:write users:read,,
https://slack.com/marketplace/A076T92TT9N-chatizard,Chatizard & Slack Integration | Slack Marketplace,Paid with free trial,chat:write commands users:read users:read.email,,
https://slack.com/marketplace/A077H71FL7J-talenthr,TalentHR & Slack Integration | Slack Marketplace,Included with service subscription,chat:write commands users:read users:read.email,,
https://slack.com/marketplace/A078F86EBNV-the-ad-spend,The Ad Spend & Slack Integration | Slack Marketplace,Free and paid plans available,app_mentions:read assistant:write channels:history channels:join channels:read chat:write commands email groups:history groups:read im:history im:read im:write links:read links:write mpim:history mpim:read openid profile reactions:read team:read users:read users:read.email,,
https://slack.com/marketplace/A078THBC29X-email-for-slack,Email for Slack & Slack Integration | Slack Marketplace,Paid with free trial,chat:write commands files:read openid users:read,,
https://slack.com/marketplace/A078YHQHKDF-sifthub,SiftHub & Slack Integration | Slack Marketplace,Included with service subscription,app_mentions:read channels:read chat:write commands groups:read im:history mpim:read reactions:read reactions:write users:read users:read.email,,
https://slack.com/marketplace/A07946HAL94-happy-hour-hub,Happy Hour Hub & Slack Integration | Slack Marketplace,Free and paid plans available,channels:join channels:manage channels:read channels:write.invites chat:write commands email files:read links.embed:write links:read openid profile users:read users:read.email,,
https://slack.com/marketplace/A0794CU28SK-graph,Graph & Slack Integration | Slack Marketplace,Free,app_mentions:read assistant:write channels:read chat:write files:read files:write groups:read im:history im:read mpim:read reactions:read reactions:write users:read users:read.email,,
https://slack.com/marketplace/A07991TSGHY-forms-unlimited,Forms Unlimited & Slack Integration | Slack Marketplace,Free and paid plans available,channels:join channels:read chat:write commands team:read users:read,,
https://slack.com/marketplace/A079ANLTYMT-handle,Handle & Slack Integration | Slack Marketplace,Free and paid plans available,app_mentions:read channels:history channels:read chat:write chat:write.customize commands conversations.connect:write email files:read groups:history groups:read groups:write im:history im:read im:write mpim:history mpim:read mpim:write openid profile team:read users:read users:read.email,,
https://slack.com/marketplace/A079Q6KV0HJ-playplayio-gamebot,PlayPlay.io GameBot & Slack Integration | Slack Marketplace,Paid with free trial,app_mentions:read channels:history channels:read chat:write groups:read im:history mpim:history mpim:read mpim:write users:read,,
https://slack.com/marketplace/A07APRV84CS-leadsourcing,,,,,erreur
https://slack.com/marketplace/A07AX2M561L-braid,Braid & Slack Integration | Slack Marketplace,Free and paid plans available,channels:join channels:read chat:write commands email groups:read im:read im:write mpim:read mpim:write openid profile users:read,,
https://slack.com/marketplace/A07B100PKU0-sched,Sched & Slack Integration | Slack Marketplace,Free and paid plans available,chat:write commands email openid profile team:read usergroups:read usergroups:write users:read,,
https://slack.com/marketplace/A07BC4PGXF0-xmind,Xmind & Slack Integration | Slack Marketplace,Free and paid plans available,channels:read chat:write chat:write.public groups:read links:read users:read users:read.email,,
https://slack.com/marketplace/A07BPC30R6U-status-butler,Status Butler & Slack Integration | Slack Marketplace,Free,chat:write dnd:write emoji:read users.profile:write users:read users:write,,
https://slack.com/marketplace/A07CAU4N4AX-webhooker-for-docker-hub,Webhooker for Docker Hub & Slack Integration | Slack Marketplace,Free,chat:write chat:write.public commands openid,,
https://slack.com/marketplace/A07D54UCXR7-bulksend,Bulksend & Slack Integration | Slack Marketplace,Free,channels:read chat:write groups:read im:write usergroups:read users:read users:read.email,,
https://slack.com/marketplace/A07DV7V8VQU-ukg-flow-can,UKG Flow (CAN) & Slack Integration | Slack Marketplace,Included with service subscription,chat:write commands im:history,,
https://slack.com/marketplace/A07DW4M8P6U-broadcast-bot,Broadcast Bot & Slack Integration | Slack Marketplace,Free and paid plans available,channels:read chat:write chat:write.customize chat:write.public commands files:read im:write users:read users:read.email,,
https://slack.com/marketplace/A07EHL96NPQ-status-calendar,Status Calendar & Slack Integration | Slack Marketplace,Free and paid plans available,channels:read chat:write chat:write.public dnd:read dnd:write im:history team:read users.profile:write users:read users:read.email,,
https://slack.com/marketplace/A07EHUA2QHK-employee-reminders,Employee Reminders & Slack Integration | Slack Marketplace,Free and paid plans available,chat:write chat:write.customize email im:write openid profile users:read users:read.email,,
https://slack.com/marketplace/A07EQNQ2NMV-cisco-identity-intelligence-jp,Cisco Identity Intelligence JP & Slack Integration | Slack Marketplace,Paid with free trial,channels:read chat:write chat:write.public files:write groups:read im:write users:read users:read.email,,
https://slack.com/marketplace/A07EQPEG9M1-gitguardian-for-slack-eu,GitGuardian for Slack EU & Slack Integration | Slack Marketplace,Included with service subscription,channels:history channels:join channels:manage channels:read chat:write files:read groups:history groups:read groups:write team:read users:read users:read.email,,
https://slack.com/marketplace/A07ETSGJPAQ-userevidence-for-slack,UserEvidence for Slack & Slack Integration | Slack Marketplace,Included with service subscription,app_mentions:read chat:write commands im:write links:read links:write users:read users:read.email,,
https://slack.com/marketplace/A07EUKZLQCB-outscaleai,Outscale.ai & Slack Integration | Slack Marketplace,Free and paid plans available,app_mentions:read chat:write users:read users:read.email,,
https://slack.com/marketplace/A07EXUT3FPG-closecore,CloseCore & Slack Integration | Slack Marketplace,Included with service subscription,chat:write,,
https://slack.com/marketplace/A07EYLMHC3G-cisco-identity-intelligence-uk,Cisco Identity Intelligence UK & Slack Integration | Slack Marketplace,Paid with free trial,channels:read chat:write chat:write.public files:write groups:read im:write users:read users:read.email,,
https://slack.com/marketplace/A07EZBTEC76-sailpoint-gov-for-slack,SailPoint Gov for Slack & Slack Integration | Slack Marketplace,Included with service subscription,chat:write commands im:history,,
https://slack.com/marketplace/A07F595424S-cisco-identity-intelligence-eu,Cisco Identity Intelligence EU & Slack Integration | Slack Marketplace,Paid with free trial,channels:read chat:write chat:write.public files:write groups:read im:write users:read users:read.email,,
https://slack.com/marketplace/A07FBR3JQJF-leaderbird,Leaderbird & Slack Integration | Slack Marketplace,Free and paid plans available,channels:read chat:write chat:write.public commands im:history team:read users:read users:read.email,,
https://slack.com/marketplace/A07FEKUGJGM-wiz,Wiz & Slack Integration | Slack Marketplace,Included with service subscription,app_mentions:read assistant:write channels:history channels:read chat:write commands groups:history groups:read im:history im:read im:write mpim:history mpim:read openid reactions:write team:read usergroups:read users:read users:read.email,,
https://slack.com/marketplace/A07FEQGBJ3U-cloud-depot-arbot,Cloud Depot ARBot & Slack Integration | Slack Marketplace,Free and paid plans available,chat:write commands im:history users.profile:read users:read users:read.email,,
https://slack.com/marketplace/A07FHP2A16V-cisco-identity-intelligence-au,Cisco Identity Intelligence AU & Slack Integration | Slack Marketplace,Paid with free trial,channels:read chat:write chat:write.public files:write groups:read im:write users:read users:read.email,,
https://slack.com/marketplace/A07FX66V3EJ-standup-check-in-update-stany,Standup & Check-in & Update • Stany & Slack Integration | Slack Marketplace,Free and paid plans available,channels:join channels:read chat:write chat:write.customize groups:read users:read users:read.email,,
https://slack.com/marketplace/A07FXTDE1GE-playbook-for-jira,Playbook for Jira & Slack Integration | Slack Marketplace,Free,channels:read chat:write commands groups:read links:read links:write reactions:read team:read users:read,,
https://slack.com/marketplace/A07GBRA1C8J-cloud-depot-entrabot,Cloud Depot EntraBot & Slack Integration | Slack Marketplace,Free and paid plans available,chat:write commands im:history users.profile:read users:read users:read.email,,
https://slack.com/marketplace/A07GQ97HRCH-cloud-depot-ec2info,Cloud Depot EC2Info & Slack Integration | Slack Marketplace,Free and paid plans available,chat:write commands im:history users.profile:read users:read users:read.email,,
https://slack.com/marketplace/A07H2A0CFUY-bugzy,Bugzy & Slack Integration | Slack Marketplace,Free and paid plans available,channels:read chat:write chat:write.public,,
https://slack.com/marketplace/A07HD68RBHT--sapot,サポットさん (sapot) & Slack Integration | Slack Marketplace,Free and paid plans available,channels:history channels:join channels:read chat:write chat:write.customize chat:write.public commands email emoji:read groups:history groups:read groups:write.invites im:history im:read im:write mpim:history mpim:read mpim:write openid profile reactions:read reactions:write team:read usergroups:read users:read users:read.email,,
https://slack.com/marketplace/A07JCFEUDAB-writer,WRITER & Slack Integration | Slack Marketplace,Paid with free trial,app_mentions:read canvases:read canvases:write channels:history channels:read chat:write commands files:read files:write groups:history groups:read im:history im:read im:write mpim:history mpim:read reactions:read search:read.files search:read.im search:read.mpim search:read.private search:read.public search:read.users usergroups:read users:read users:read.email,,
https://slack.com/marketplace/A07JEH4GN3A-everbridge,Everbridge & Slack Integration | Slack Marketplace,Included with service subscription,chat:write im:history users:read users:read.email,,
https://slack.com/marketplace/A07JKEFB26S-franky,Franky & Slack Integration | Slack Marketplace,Free and paid plans available,channels:join channels:read chat:write chat:write.customize commands groups:read mpim:read users:read users:read.email,,
https://slack.com/marketplace/A07JLLFHHPD-arphie,Arphie & Slack Integration | Slack Marketplace,Paid,app_mentions:read channels:read chat:write chat:write.public commands im:history im:write,,
https://slack.com/marketplace/A07JLMMGU8K-rhythms,Rhythms & Slack Integration | Slack Marketplace,Free and paid plans available,app_mentions:read assistant:write canvases:read canvases:write channels:history channels:join channels:manage channels:read channels:write chat:write chat:write.customize chat:write.public code_channels:manage commands email emoji:read files:read groups:history groups:read groups:write im:history im:read im:write incoming-webhook links:read links:write mcp:connect mpim:history mpim:read mpim:write openid profile reactions:read reactions:write search:read.files search:read.im search:read.mpim search:read.private search:read.public search:read.users team:read users.profile:read users.profile:write users:read users:read.email,,
https://slack.com/marketplace/A07JSV2B8QY-carbon-voice,Carbon Voice & Slack Integration | Slack Marketplace,Free and paid plans available,app_mentions:read channels:history channels:join channels:read chat:write chat:write.public commands files:read groups:history groups:read im:history im:read links:read links:write mpim:history mpim:read users:read users:read.email,,
https://slack.com/marketplace/A07K0LDT517-qwilr-proposal-software,Qwilr Proposal Software & Slack Integration | Slack Marketplace,Paid with free trial,channels:read chat:write chat:write.public groups:read im:write users:read users:read.email,,
https://slack.com/marketplace/A07K1NN0V2B-smart-translate,Smart Translate & Slack Integration | Slack Marketplace,Free and paid plans available,channels:history channels:join channels:manage channels:read chat:write commands groups:history groups:read groups:write users:read,,
https://slack.com/marketplace/A07KHGE0XGE-strongdm-uk,StrongDM UK & Slack Integration | Slack Marketplace,Included with service subscription,app_mentions:read channels:read chat:write commands groups:read im:history mpim:read openid pins:write users:read,,
https://slack.com/marketplace/A07KL0DB97D-one-horizon,One Horizon & Slack Integration | Slack Marketplace,Free and paid plans available,app_mentions:read channels:manage channels:read channels:write.topic chat:write chat:write.public email groups:read groups:write groups:write.topic im:history im:read im:write links:read links:write openid profile reactions:read reactions:write team:read users:read users:read.email,,
https://slack.com/marketplace/A07L688BR4M-copado-expert,Copado Expert & Slack Integration | Slack Marketplace,Included with service subscription,app_mentions:read assistant:write channels:history channels:read chat:write files:read files:write groups:history groups:read im:history mpim:history mpim:read reactions:write team:read users:read users:read.email,,
https://slack.com/marketplace/A07LGUCK7V1-elegant-chat,Elegant Chat & Slack Integration | Slack Marketplace,Paid with free trial,chat:write commands users:read users:read.email,,
https://slack.com/marketplace/A07LR2G11FF-cisco-identity-intelligence-ca,Cisco Identity Intelligence CA & Slack Integration | Slack Marketplace,Paid with free trial,channels:read chat:write chat:write.public files:write groups:read im:write users:read users:read.email,,
https://slack.com/marketplace/A07LVLCUVGD-iron-mountain-insight,Iron Mountain InSight & Slack Integration | Slack Marketplace,Free,chat:write users:read users:read.email,,
https://slack.com/marketplace/A07M3FL48E9-sparkles-app,Sparkles App & Slack Integration | Slack Marketplace,Free and paid plans available,channels:history chat:write commands users:read,,
https://slack.com/marketplace/A07MF8C3GQN-structural,Structural & Slack Integration | Slack Marketplace,Included with service subscription,channels:read chat:write chat:write.public commands groups:read im:write team:read users:read users:read.email,,
https://slack.com/marketplace/A07MHAVQ96Z-yoice,YOICE & Slack Integration | Slack Marketplace,Paid,chat:write reactions:read users:read users:read.email,,
https://slack.com/marketplace/A07MJ0AN4PN-skipper,Skipper & Slack Integration | Slack Marketplace,Paid with free trial,app_mentions:read channels:history channels:read chat:write commands files:read groups:history groups:read im:history im:read im:write mpim:history users:read users:read.email,,
https://slack.com/marketplace/A07MWGTGQ3Y-ukg-flow-eu,UKG Flow (EU) & Slack Integration | Slack Marketplace,Included with service subscription,chat:write commands im:history,,
https://slack.com/marketplace/A07N39FEWG6-copado-release,Copado Release & Slack Integration | Slack Marketplace,Included with service subscription,app_mentions:read assistant:write channels:history channels:read chat:write files:read files:write groups:history groups:read im:history mpim:history mpim:read reactions:write team:read users:read users:read.email,,
https://slack.com/marketplace/A07N9TD29NE-copado-plan,Copado Plan & Slack Integration | Slack Marketplace,Included with service subscription,app_mentions:read assistant:write channels:history channels:read chat:write files:read files:write groups:history groups:read im:history mpim:history mpim:read reactions:write team:read users:read users:read.email,,
https://slack.com/marketplace/A07NK5HBKEG-easy-polls,Easy Polls & Slack Integration | Slack Marketplace,Free and paid plans available,channels:join channels:read chat:write commands email groups:read im:history openid profile,,
https://slack.com/marketplace/A07NKAE6NUF-workleap-agent,Workleap Agent & Slack Integration | Slack Marketplace,Included with service subscription,assistant:write canvases:read channels:history channels:read channels:write.invites chat:write files:read groups:history groups:write.invites im:history mpim:history search:read.files search:read.im search:read.mpim search:read.private search:read.public search:read.users users.profile:read users:read users:read.email,,
https://slack.com/marketplace/A07NN5ZHP88-peerbound,Peerbound & Slack Integration | Slack Marketplace,Included with service subscription,app_mentions:read assistant:write channels:history channels:read chat:write commands groups:history groups:read im:history reactions:read team:read users:read users:read.email,,
https://slack.com/marketplace/A07NPBX011Q-cmdr,CMDR & Slack Integration | Slack Marketplace,Free,channels:history channels:manage channels:read channels:write.topic chat:write commands files:read files:write groups:history groups:read groups:write groups:write.topic incoming-webhook team:read users:read,,
https://slack.com/marketplace/A07NQ4DJQQ7-vyond,Vyond & Slack Integration | Slack Marketplace,Paid with free trial,chat:write commands files:write,,
https://slack.com/marketplace/A07NSGYBFGE-financial-controller-agent,Financial Controller Agent & Slack Integration | Slack Marketplace,Included with service subscription,chat:write files:read files:write im:history metadata.message:read reactions:read reactions:write users.profile:read users:read users:read.email,,
https://slack.com/marketplace/A07NSPK3LKC-reco-for-enterprise,Reco for Enterprise & Slack Integration | Slack Marketplace,Included with service subscription,auditlogs:read discovery:read,,
https://slack.com/marketplace/A07NV1D07QT-perplexity-computer,Perplexity Computer & Slack Integration | Slack Marketplace,Free and paid plans available,app_mentions:read canvases:read canvases:write channels:history channels:join channels:manage channels:read channels:write chat:write commands emoji:read files:read files:write groups:history groups:read groups:write im:history im:read im:write incoming-webhook links:read links:write mpim:history mpim:read mpim:write pins:read reactions:read reactions:write remote_files:read search:read.files search:read.im search:read.mpim search:read.private search:read.public search:read.users team:read users:read users:read.email,,
https://slack.com/marketplace/A07PFEUR2EL-reco-main,Reco Main & Slack Integration | Slack Marketplace,Included with service subscription,admin admin.apps:read admin.roles:read admin.teams:read admin.users:read channels:read files:read groups:read team.billing:read users:read users:read.email,,
https://slack.com/marketplace/A07PG0MGA4S-wolfia,Wolfia & Slack Integration | Slack Marketplace,Included with service subscription,app_mentions:read channels:history channels:join channels:read chat:write files:read files:write groups:history groups:read im:history im:write reactions:write team:read users:read users:read.email,,
https://slack.com/marketplace/A07PU9MMFPA-kudos-by-organice,Kudos by OrgaNice & Slack Integration | Slack Marketplace,Paid with free trial,channels:read chat:write chat:write.public commands email groups:read groups:write im:history im:write openid profile team.billing:read team:read users.profile:read users.profile:write users:read users:read.email,,
https://slack.com/marketplace/A07PUDRKRBJ-kissflow,Kissflow & Slack Integration | Slack Marketplace,Included with service subscription,chat:write commands im:history im:read,,
https://slack.com/marketplace/A07PZ18LEBX-coffeepals,CoffeePals & Slack Integration | Slack Marketplace,Free and paid plans available,channels:read chat:write commands email files:read files:write groups:read im:history im:write mpim:read mpim:write openid profile reactions:read users:read users:read.email,,
https://slack.com/marketplace/A07Q5AMJ0S3-traversal,Traversal & Slack Integration | Slack Marketplace,Included with service subscription,app_mentions:read channels:history channels:join channels:read chat:write commands files:read files:write groups:history groups:read im:history im:read im:write incoming-webhook links:read links:write mpim:history mpim:read pins:read reactions:read reactions:write users:read users:read.email,,
https://slack.com/marketplace/A07Q83E3XLG-tierzero,TierZero & Slack Integration | Slack Marketplace,Paid with free trial,app_mentions:read bookmarks:read channels:history channels:join channels:read chat:write chat:write.customize files:read files:write groups:history groups:read im:history im:read im:write metadata.message:read mpim:read reactions:read reactions:write usergroups:read users:read,,
https://slack.com/marketplace/A07QD6R87FV-steep,Steep & Slack Integration | Slack Marketplace,Free and paid plans available,channels:read chat:write chat:write.public files:write,,
https://slack.com/marketplace/A07QPTLB2R0-pagersync,PagerSync & Slack Integration | Slack Marketplace,Paid with free trial,chat:write usergroups:read usergroups:write users:read users:read.email,,
https://slack.com/marketplace/A07R0NR14BU-kindred-minds,Kindred Minds & Slack Integration | Slack Marketplace,Paid,chat:write commands im:history im:write team:read users:read users:read.email,,
https://slack.com/marketplace/A07RQHFL70A-juro,Juro & Slack Integration | Slack Marketplace,Included with service subscription,chat:write commands files:read files:write links:read links:write,,
https://slack.com/marketplace/A07S5KPDXKP-agilebox,AgileBox & Slack Integration | Slack Marketplace,Included with service subscription,channels:read chat:write chat:write.public groups:read groups:write.invites team:read users:read users:read.email,,
https://slack.com/marketplace/A07S8KMTYT0-zonebot,Zonebot & Slack Integration | Slack Marketplace,Free and paid plans available,commands team:read users:read,,
https://slack.com/marketplace/A07SFMUD675-infisign-ai,Infisign AI & Slack Integration | Slack Marketplace,Free,chat:write im:history im:read mpim:history mpim:read users:read users:read.email,,
https://slack.com/marketplace/A07SSGDK7EU-incidenthub,IncidentHub & Slack Integration | Slack Marketplace,Free and paid plans available,incoming-webhook,,
https://slack.com/marketplace/A07SU8U55S4-breakout,Breakout & Slack Integration | Slack Marketplace,Paid with free trial,channels:join channels:read chat:write users:read users:read.email,,
https://slack.com/marketplace/A07T50ZBGHW-korl,Korl & Slack Integration | Slack Marketplace,Paid with free trial,app_mentions:read channels:join channels:read chat:write commands groups:read im:history im:write team:read users:read users:read.email,,
https://slack.com/marketplace/A07THL0KBMZ-maybe,Maybe* & Slack Integration | Slack Marketplace,Included with service subscription,app_mentions:read channels:read chat:write files:read groups:read im:history mpim:read reactions:write users:read,,
https://slack.com/marketplace/A07TT54JG3U-branco,Branco & Slack Integration | Slack Marketplace,Free and paid plans available,chat:write im:history im:read users:read users:read.email,,
https://slack.com/marketplace/A07U76CFRK6-meethub,MeetHub & Slack Integration | Slack Marketplace,Free and paid plans available,chat:write commands users:read,,
https://slack.com/marketplace/A07UCP6QLBA-ravenna,Ravenna & Slack Integration | Slack Marketplace,Paid with free trial,admin.users:write app_configurations:read app_configurations:write assistant:write channels:history channels:join channels:manage channels:read channels:write chat:write chat:write.customize commands conversations.connect:write emoji:read files:read files:write groups:history groups:read groups:write im:history im:read im:write links:read links:write managed_apps:install mpim:history mpim:read reactions:read reactions:write team:read usergroups:read usergroups:write users.profile:read users:read users:read.email,,
https://slack.com/marketplace/A07UG6MG6LU-secretfriend,secretFriend & Slack Integration | Slack Marketplace,Free and paid plans available,channels:join channels:manage channels:read channels:write.invites chat:write commands im:write pins:write,,
https://slack.com/marketplace/A07UHP2SR7T-be-there,Be There & Slack Integration | Slack Marketplace,Paid with free trial,channels:read chat:write chat:write.public email groups:read im:read openid profile team:read users:read,,
https://slack.com/marketplace/A07USC48VE1-rox,Rox & Slack Integration | Slack Marketplace,Included with service subscription,app_mentions:read assistant:write channels:history channels:join channels:manage channels:read chat:write chat:write.customize commands files:read files:write groups:history groups:read groups:write im:history im:write links:read links:write mpim:read reactions:read reactions:write users:read users:read.email,,
https://slack.com/marketplace/A080339A22C-strongdm-eu,StrongDM EU & Slack Integration | Slack Marketplace,Included with service subscription,app_mentions:read channels:read chat:write commands groups:read im:history mpim:read openid pins:write users:read,,
https://slack.com/marketplace/A080D80UJPK-krisp,Krisp & Slack Integration | Slack Marketplace,Free and paid plans available,channels:read chat:write groups:read links:read links:write users:read,,
https://slack.com/marketplace/A080J51P0UB-netskope-security-posture-for-slack,Netskope Security Posture for Slack & Slack Integration | Slack Marketplace,Included with service subscription,admin.app_activities:read admin.apps:read admin.invites:read admin.teams:read admin.usergroups:read admin.users:read auditlogs:read conversations.connect:manage discovery:read team.preferences:read team:read usergroups:read users.profile:read users:read users:read.email,,
https://slack.com/marketplace/A080KJBG45B-heymarvin,HeyMarvin & Slack Integration | Slack Marketplace,Included with service subscription,channels:read chat:write chat:write.public commands files:read links.embed:write links:read links:write users:read users:read.email,,
https://slack.com/marketplace/A080M1S971P-planningpokerlive,PlanningPoker.live & Slack Integration | Slack Marketplace,Free and paid plans available,commands,,
https://slack.com/marketplace/A080NTPSM0E-notifier-by-appfire,Notifier by Appfire & Slack Integration | Slack Marketplace,Free,channels:join channels:read chat:write groups:read groups:write.invites users:read users:read.email,,
https://slack.com/marketplace/A0818G569M5-trueclicks,TrueClicks & Slack Integration | Slack Marketplace,Free,channels:read chat:write chat:write.public,,
https://slack.com/marketplace/A081GHNAG3U-bitrise,Bitrise & Slack Integration | Slack Marketplace,Free and paid plans available,incoming-webhook,,
https://slack.com/marketplace/A081TPUN61M-polls-for-slack,Polls for Slack & Slack Integration | Slack Marketplace,Free and paid plans available,channels:join channels:read chat:write commands email groups:read openid profile team:read users:read,,
https://slack.com/marketplace/A081XF16JTU-sharkdomapp,SharkdomApp & Slack Integration | Slack Marketplace,Free and paid plans available,channels:read chat:write chat:write.public,,
https://slack.com/marketplace/A0820B0MU4W-quadratic-voting,Quadratic Voting & Slack Integration | Slack Marketplace,Free,channels:join chat:write commands,,
https://slack.com/marketplace/A082BKT463X-moveworks,Moveworks & Slack Integration | Slack Marketplace,Included with service subscription,chat:write files:read im:history im:read im:write search:read.files search:read.im search:read.mpim search:read.private search:read.public search:read.users users:read users:read.email,,
https://slack.com/marketplace/A0833T5N0TC-shiftkeeper,Shiftkeeper & Slack Integration | Slack Marketplace,Paid with free trial,app_mentions:read channels:read chat:write chat:write.public commands email groups:read im:history openid profile team:read usergroups:read usergroups:write users:read users:read.email,,
https://slack.com/marketplace/A083M2T8UBZ-countit,Count.It & Slack Integration | Slack Marketplace,Free and paid plans available,channels:join channels:manage channels:read chat:write chat:write.public commands email openid profile team:read users:read users:read.email,,
https://slack.com/marketplace/A083W5DAS1W-mailgun-alerts,Mailgun Alerts & Slack Integration | Slack Marketplace,Free and paid plans available,channels:read chat:write chat:write.public commands,,
https://slack.com/marketplace/A08418PV3PY-sked,Sked & Slack Integration | Slack Marketplace,Free and paid plans available,app_mentions:read chat:write commands im:history users:read users:read.email,,
https://slack.com/marketplace/A084ACMESMA-syncmygroup,SyncMyGroup & Slack Integration | Slack Marketplace,Free and paid plans available,app_mentions:read channels:manage channels:read chat:write groups:read groups:write team:read usergroups:read usergroups:write users:read users:read.email,,
https://slack.com/marketplace/A084F2YDL8K-chargeback,Chargeback & Slack Integration | Slack Marketplace,Paid,channels:manage chat:write,,
https://slack.com/marketplace/A084LTZ9X98-daily-puzzles-games-by-puzzleme,Daily Puzzles & Games by PuzzleMe & Slack Integration | Slack Marketplace,Free and paid plans available,chat:write commands,,
https://slack.com/marketplace/A084QK5MMKL-civic-roundtable,Civic Roundtable & Slack Integration | Slack Marketplace,Included with service subscription,channels:read chat:write chat:write.public,,
https://slack.com/marketplace/A084TG269FD-neetoinvoice,NeetoInvoice & Slack Integration | Slack Marketplace,Free and paid plans available,channels:read chat:write chat:write.public,,
https://slack.com/marketplace/A084TKHME2C-samsearch,samsearch & Slack Integration | Slack Marketplace,Free,chat:write commands users:read users:read.email,,
https://slack.com/marketplace/A084TQ77AMP-meeting-rooms,Meeting Rooms & Slack Integration | Slack Marketplace,Paid with free trial,chat:write team:read users:read users:read.email,,
https://slack.com/marketplace/A085Y4UD3NG-mandala,Mandala & Slack Integration | Slack Marketplace,Free and paid plans available,chat:write chat:write.customize commands files:read files:write im:history users:read users:read.email,,
https://slack.com/marketplace/A085Z0QATHS-cisco-identity-intelligence-sg,Cisco Identity Intelligence SG & Slack Integration | Slack Marketplace,Paid with free trial,channels:read chat:write chat:write.public files:write groups:read im:write users:read users:read.email,,
https://slack.com/marketplace/A086BMX06BW-smartq-v2,smartQ v2 & Slack Integration | Slack Marketplace,Paid with free trial,commands incoming-webhook openid,,
https://slack.com/marketplace/A086JADCB1N-kubit,Kubit & Slack Integration | Slack Marketplace,Paid,channels:join channels:read chat:write files:write groups:read groups:write links:read links:write team:read users:read,,
https://slack.com/marketplace/A086NHCQZ8V-swa,Swa & Slack Integration | Slack Marketplace,Free and paid plans available,app_mentions:read assistant:write channels:history channels:read chat:write files:read files:write groups:history groups:read im:history im:write reactions:write users:read users:read.email,,
https://slack.com/marketplace/A086QLKNN2G-topical,Topical & Slack Integration | Slack Marketplace,Free and paid plans available,chat:write chat:write.public email im:write openid profile,,
https://slack.com/marketplace/A086SR0RRAM-sequoia,Sequoia & Slack Integration | Slack Marketplace,Free,chat:write im:history users:read users:read.email,,
https://slack.com/marketplace/A086ZKCFJ0N-will-wise,Will Wise & Slack Integration | Slack Marketplace,Free,app_mentions:read channels:history channels:read chat:write commands groups:history groups:read im:history users:read,,
https://slack.com/marketplace/A0876FU82G5-holmes,holmes & Slack Integration | Slack Marketplace,Included with service subscription,app_mentions:read channels:history chat:write email files:write groups:history im:history im:write openid reactions:write,,
https://slack.com/marketplace/A0881AHK2P5-mindpeers,MindPeers & Slack Integration | Slack Marketplace,Free and paid plans available,app_mentions:read chat:write commands email im:history openid team:read users:read users:read.email,,
https://slack.com/marketplace/A0882TR5PDW-socialblaze,SocialBlaze & Slack Integration | Slack Marketplace,Free and paid plans available,chat:write im:history team:read users:read,,
https://slack.com/marketplace/A088ETBH3D0-honeybadger-eu,Honeybadger EU & Slack Integration | Slack Marketplace,Free and paid plans available,app_mentions:read channels:read chat:write groups:read im:history im:read incoming-webhook mpim:read,,
https://slack.com/marketplace/A088G4DEP6Y--,스타트업 지원사업 알림 & Slack Integration | Slack Marketplace,Free,incoming-webhook,,
https://slack.com/marketplace/A088XLUPDHN-threadpatrol,ThreadPatrol & Slack Integration | Slack Marketplace,Paid with free trial,channels:history channels:join channels:manage channels:read chat:write commands groups:history groups:read groups:write im:write links:write users:read users:read.email,,
https://slack.com/marketplace/A089KS2LQDU-dash0,Dash0 & Slack Integration | Slack Marketplace,Paid with free trial,app_mentions:read assistant:write channels:history channels:join channels:read chat:write chat:write.public files:read files:write groups:history groups:read im:history im:write reactions:read reactions:write users:read users:read.email,,
https://slack.com/marketplace/A089MPUS0P6-uipath,UiPath & Slack Integration | Slack Marketplace,Included with service subscription,assistant:write chat:write commands email files:read im:history im:write openid profile,,
https://slack.com/marketplace/A089VUBDZ44-remarkable,reMarkable & Slack Integration | Slack Marketplace,Included with service subscription,canvases:write chat:write files:write team:read,,
https://slack.com/marketplace/A089W22MW15-vibe-oncall,Vibe OnCall & Slack Integration | Slack Marketplace,Free and paid plans available,app_mentions:read channels:history channels:join channels:manage channels:read channels:write.invites chat:write chat:write.public commands files:read groups:history groups:read groups:write im:history im:read im:write pins:write team:read users:read users:read.email,,
https://slack.com/marketplace/A089WLECWQK-channelytics,Channelytics & Slack Integration | Slack Marketplace,Free,channels:history channels:read chat:write commands files:write groups:history groups:read users:read,,
https://slack.com/marketplace/A08A45XGQ4A-gainsight,Gainsight & Slack Integration | Slack Marketplace,Included with service subscription,app_mentions:read assistant:write channels:history channels:read chat:write files:read files:write groups:history groups:read im:history im:read mpim:history reactions:write team:read users:read users:read.email,,
https://slack.com/marketplace/A08A46619QU-ab-tasty,AB Tasty & Slack Integration | Slack Marketplace,Included with service subscription,channels:read chat:write commands groups:read im:write,,
https://slack.com/marketplace/A08A9T9DD2A-enzzo-pm,Enzzo PM & Slack Integration | Slack Marketplace,Paid with free trial,app_mentions:read assistant:write channels:history chat:write commands files:read groups:history im:history search:read.files search:read.im search:read.mpim search:read.private search:read.public,,
https://slack.com/marketplace/A08AEK9NX41-ibm-instana,IBM Instana & Slack Integration | Slack Marketplace,Included with service subscription,channels:history channels:read chat:write groups:history groups:read users:read,,
https://slack.com/marketplace/A08AY64KEUU-projeqto,Projeqto & Slack Integration | Slack Marketplace,Free and paid plans available,app_mentions:read chat:write commands files:write im:read im:write mpim:read users:read,,
https://slack.com/marketplace/A08B08BDPJ5-bulletn,Bulletn & Slack Integration | Slack Marketplace,Paid with free trial,channels:history channels:join channels:read chat:write commands email groups:history groups:read im:write openid profile reactions:read reactions:write users:read users:read.email,,
https://slack.com/marketplace/A08B08F6ZPC-tacos-trivia-games-gifs,"Tacos & Trivia, Games & GIFs & Slack Integration | Slack Marketplace",Paid with free trial,channels:read chat:write chat:write.public commands im:read im:write users:read users:read.email,,
https://slack.com/marketplace/A08B0EYMUPR-atlassian-rovo,Atlassian Rovo & Slack Integration | Slack Marketplace,Paid,app_configurations:read app_configurations:write app_mentions:read assistant:write canvases:read canvases:write channels:history channels:join channels:read chat:write chat:write.customize commands emoji:read files:read groups:history groups:read im:history im:read im:write managed_apps:install mcp:connect mpim:history mpim:read reactions:read reactions:write search:read.files search:read.im search:read.mpim search:read.private search:read.public search:read.users team:read usergroups:read users.profile:read users:read users:read.email,,
https://slack.com/marketplace/A08B4QY469L-unnanu-talent,Unnanu Talent & Slack Integration | Slack Marketplace,Free,chat:write files:read users.profile:read users:read users:read.email,,
https://slack.com/marketplace/A08B599EM33-gainsight-eu,Gainsight-EU & Slack Integration | Slack Marketplace,Included with service subscription,app_mentions:read assistant:write channels:history channels:read chat:write files:read files:write groups:history groups:read im:history im:read mpim:history reactions:write team:read users:read users:read.email,,
https://slack.com/marketplace/A08BFPZP3T5-adeption,Adeption & Slack Integration | Slack Marketplace,Free,chat:write groups:history groups:read groups:write im:history im:write links.embed:write links:read links:write users:read users:read.email,,
https://slack.com/marketplace/A08C0HXPAUC-onshape,Onshape & Slack Integration | Slack Marketplace,Included with service subscription,chat:write commands im:history im:write team:read users:read users:read.email,,
https://slack.com/marketplace/A08CKKPNV4H-clarify,Clarify & Slack Integration | Slack Marketplace,Included with service subscription,app_mentions:read assistant:write canvases:read canvases:write channels:history channels:join channels:read chat:write chat:write.customize files:read files:write groups:history groups:read im:history im:read im:write links:read links:write mpim:history mpim:read pins:read reactions:read reactions:write search:read.files search:read.im search:read.mpim search:read.private search:read.public search:read.users team:read usergroups:read users.profile:read users:read users:read.email,,
https://slack.com/marketplace/A08CLFW2DR9-exabot,Exabot & Slack Integration | Slack Marketplace,Included with service subscription,app_mentions:read channels:history channels:join channels:manage channels:read channels:write.invites chat:write chat:write.customize files:read files:write groups:history groups:read groups:write im:history im:read im:write mpim:history mpim:read reactions:read reactions:write users:read users:read.email,,
https://slack.com/marketplace/A08DN614ZGS-docusign-maestro-for-slack,Docusign Maestro for Slack & Slack Integration | Slack Marketplace,Free,channels:history channels:join channels:read chat:write chat:write.public files:write groups:history groups:read im:history im:read im:write users:read users:read.email,,
https://slack.com/marketplace/A08DQ6S4XEW-oliver,Oliver & Slack Integration | Slack Marketplace,Paid with free trial,chat:write im:history im:write users:read,,
https://slack.com/marketplace/A08DZ7UDPBQ-zoom-revenue-accelerator,Zoom Revenue Accelerator & Slack Integration | Slack Marketplace,Free and paid plans available,channels:join channels:read chat:write groups:read users:read users:read.email,,
https://slack.com/marketplace/A08DZMA17ED-enlyft,Enlyft & Slack Integration | Slack Marketplace,Included with service subscription,chat:write,,
https://slack.com/marketplace/A08EALPPYHJ-escalation-ninja,Escalation-Ninja & Slack Integration | Slack Marketplace,Free and paid plans available,channels:join channels:manage chat:write commands pins:write users:read,,
https://slack.com/marketplace/A08ERT7KELT-outreach,Outreach & Slack Integration | Slack Marketplace,Included with service subscription,assistant:write channels:read chat:write chat:write.customize chat:write.public groups:read im:history im:read im:write users:read users:read.email,,
https://slack.com/marketplace/A08EYTA15LH-oncallmanager,OnCallManager & Slack Integration | Slack Marketplace,Paid with free trial,channels:history channels:join channels:read chat:write chat:write.public commands im:write usergroups:read usergroups:write users:read,,
https://slack.com/marketplace/A08F2BBTJ10-birthday-bot-wishly,Birthday Bot • Wishly & Slack Integration | Slack Marketplace,Free and paid plans available,channels:join channels:read chat:write files:read groups:read im:history users:read users:read.email,,
https://slack.com/marketplace/A08FB7U7LP6-vendoroo-ai,Vendoroo AI & Slack Integration | Slack Marketplace,Free,app_mentions:read chat:write commands im:history,,
https://slack.com/marketplace/A08FTRFTGFN-ava,Ava & Slack Integration | Slack Marketplace,Paid with free trial,app_mentions:read channels:history channels:read chat:write chat:write.customize emoji:read files:read groups:history groups:read im:history im:read im:write mpim:history reactions:write team:read users.profile:read users:read users:read.email,,
https://slack.com/marketplace/A08G3D3B18T-taskhub,TaskHub & Slack Integration | Slack Marketplace,Free,chat:write commands users:read,,
https://slack.com/marketplace/A08GZDV4BUN-employee-services-for-slack,Employee Services for Slack & Slack Integration | Slack Marketplace,Paid with free trial,channels:join channels:manage channels:read chat:write chat:write.public commands groups:read team:read users:read users:read.email,,
https://slack.com/marketplace/A08HPF789H7-secureflag,SecureFlag & Slack Integration | Slack Marketplace,Included with service subscription,channels:read chat:write groups:read users:read users:read.email,,
https://slack.com/marketplace/A08HSCVF93K-cube,Cube & Slack Integration | Slack Marketplace,Included with service subscription,chat:write files:write im:history,,
https://slack.com/marketplace/A08JE0SF50D-floqast-apac,FloQast APAC & Slack Integration | Slack Marketplace,Paid,chat:write commands im:history users:read users:read.email,,
https://slack.com/marketplace/A08JE9VCKFH-ai-performance-coach-by-wrenly,AI Performance Coach by Wrenly & Slack Integration | Slack Marketplace,Paid with free trial,app_mentions:read chat:write commands im:write openid users:read users:read.email,,
https://slack.com/marketplace/A08JMMM6Q15-newshound-ai,Newshound AI & Slack Integration | Slack Marketplace,Paid with free trial,channels:join channels:manage channels:read chat:write chat:write.public im:write team:read users:read users:read.email,,
https://slack.com/marketplace/A08JQ222P24-stilla,Stilla & Slack Integration | Slack Marketplace,Free and paid plans available,app_mentions:read assistant:write bookmarks:read canvases:read canvases:write channels:history channels:join channels:read chat:write chat:write.public email emoji:read files:read files:write groups:history groups:read im:history im:read links:read links:write mpim:history mpim:read openid pins:read profile reactions:read reactions:write search:read.files search:read.im search:read.mpim search:read.private search:read.public search:read.users team:read usergroups:read users.profile:read users:read users:read.email,,
https://slack.com/marketplace/A08JZK4SQEA-standup-by-teamlineai,Standup by Teamline.AI & Slack Integration | Slack Marketplace,Free and paid plans available,channels:read chat:write chat:write.customize chat:write.public commands email files:read files:write groups:read im:history im:read im:write openid profile reactions:read team:read users:read users:read.email,,
https://slack.com/marketplace/A08KY9V7TJT-collibra,Collibra & Slack Integration | Slack Marketplace,Included with service subscription,chat:write commands team:read users:read,,
https://slack.com/marketplace/A08KZB36S0H-ezcater,ezCater & Slack Integration | Slack Marketplace,Included with service subscription,chat:write team:read users:read,,
https://slack.com/marketplace/A08L7KF5Y6B-daigest,Daigest & Slack Integration | Slack Marketplace,Free and paid plans available,channels:history channels:join channels:read chat:write groups:history groups:read team:read users.profile:read users:read,,
https://slack.com/marketplace/A08LA7E26BA-perfect-wiki,Perfect Wiki & Slack Integration | Slack Marketplace,Paid with free trial,app_mentions:read assistant:write chat:write commands email im:history links:read links:write openid profile,,
https://slack.com/marketplace/A08LLN61D99-falconer,Falconer & Slack Integration | Slack Marketplace,Free and paid plans available,app_mentions:read channels:history channels:read chat:write files:read groups:history groups:read im:history im:write links:read links:write mpim:history reactions:read reactions:write search:read.im search:read.mpim search:read.private search:read.public users:read users:read.email,,
https://slack.com/marketplace/A08LWHH0D17-aimfox,Aimfox & Slack Integration | Slack Marketplace,Free and paid plans available,chat:write commands incoming-webhook,,
https://slack.com/marketplace/A08LWRUMP5J-jasper,Jasper & Slack Integration | Slack Marketplace,Included with service subscription,app_mentions:read assistant:write canvases:read canvases:write channels:history channels:join channels:read chat:write chat:write.public commands files:read files:write groups:history groups:read im:history im:read im:write mpim:history reactions:read search:read.files search:read.im search:read.mpim search:read.private search:read.public search:read.users team:read users:read users:read.email,,
https://slack.com/marketplace/A08LXBUSMK7-approve,Approve & Slack Integration | Slack Marketplace,Free and paid plans available,chat:write commands team:read users:read,,
https://slack.com/marketplace/A08M34T7NKE-vacaybuddy,VacayBuddy & Slack Integration | Slack Marketplace,Free and paid plans available,channels:join channels:read chat:write chat:write.public im:history im:write users:read users:read.email,,
https://slack.com/marketplace/A08M8V4FQUW-amazon-quick-suite-us-east-n-virginia,Amazon Quick Suite - US East (N. Virginia) & Slack Integration | Slack Marketplace,Included with service subscription,app_mentions:read assistant:write channels:history channels:read channels:write channels:write.topic chat:write files:read files:write groups:history groups:read groups:write groups:write.topic im:history im:read im:write im:write.topic mpim:history mpim:read mpim:write reactions:read reactions:write reminders:write search:read.files search:read.im search:read.mpim search:read.private search:read.public search:read.users team:read usergroups:read usergroups:write users.profile:read users.profile:write users:read users:read.email,,
https://slack.com/marketplace/A08M92EALF4-raindrop,Raindrop & Slack Integration | Slack Marketplace,Included with service subscription,app_mentions:read assistant:write channels:history channels:manage channels:read chat:write chat:write.customize chat:write.public files:read files:write groups:history groups:read im:history im:read im:write mpim:history reactions:read reactions:write team:read users:read users:read.email,,
https://slack.com/marketplace/A08MEH23GSG-ivy,ivy & Slack Integration | Slack Marketplace,Free,channels:read chat:write users:read,,
https://slack.com/marketplace/A08MK20K7AR-fin,Fin & Slack Integration | Slack Marketplace,Paid with free trial,app_mentions:read assistant:write channels:history channels:join channels:manage channels:read chat:write chat:write.customize chat:write.public emoji:read files:read files:write groups:history groups:read groups:write im:history im:read im:write reactions:read reactions:write team:read usergroups:read users.profile:read users:read users:read.email,,
https://slack.com/marketplace/A08MQ2K1QF5-lawwiz-assistant,LawWiz Assistant & Slack Integration | Slack Marketplace,Free,commands,,
https://slack.com/marketplace/A08MQ6L6G73-robinrelay,RobinRelay & Slack Integration | Slack Marketplace,Free,app_mentions:read channels:history channels:join channels:read chat:write im:history reactions:read reactions:write team:read users:read,,
https://slack.com/marketplace/A08MT69LL7J-dreamdata,Dreamdata & Slack Integration | Slack Marketplace,Included with service subscription,channels:read chat:write chat:write.public groups:read users:read users:read.email,,
https://slack.com/marketplace/A08MTCQS0CF-myndoor-basic,Myndoor BASIC & Slack Integration | Slack Marketplace,Free,chat:write commands email openid,,
https://slack.com/marketplace/A08MTM04JV8-soloai,Solo.ai & Slack Integration | Slack Marketplace,Free and paid plans available,app_mentions:read channels:history channels:read chat:write commands files:read groups:history groups:read im:history im:write mpim:history mpim:read reactions:write remote_files:read users:read users:read.email,,
https://slack.com/marketplace/A08MUG7LHJ5-amazon-quick-asia-pacific-sydney,Amazon Quick - Asia Pacific (Sydney) & Slack Integration | Slack Marketplace,Included with service subscription,app_mentions:read assistant:write channels:history channels:read channels:write channels:write.topic chat:write files:read files:write groups:history groups:read groups:write groups:write.topic im:history im:read im:write im:write.topic mpim:history mpim:read mpim:write reactions:read reactions:write reminders:write search:read.files search:read.im search:read.mpim search:read.private search:read.public search:read.users team:read usergroups:read usergroups:write users.profile:read users.profile:write users:read users:read.email,,
https://slack.com/marketplace/A08N4E3Q9LG-amazon-quick-suite-us-west-oregon,Amazon Quick Suite - US West (Oregon) & Slack Integration | Slack Marketplace,Included with service subscription,app_mentions:read assistant:write channels:history channels:read channels:write channels:write.topic chat:write files:read files:write groups:history groups:read groups:write groups:write.topic im:history im:read im:write im:write.topic mpim:history mpim:read mpim:write reactions:read reactions:write reminders:write search:read.files search:read.im search:read.mpim search:read.private search:read.public search:read.users team:read usergroups:read usergroups:write users.profile:read users.profile:write users:read users:read.email,,
https://slack.com/marketplace/A08N5M0EY1E-amazon-quick-suite-eu-ireland,Amazon Quick Suite - EU (Ireland) & Slack Integration | Slack Marketplace,Included with service subscription,app_mentions:read assistant:write channels:history channels:read channels:write channels:write.topic chat:write files:read files:write groups:history groups:read groups:write groups:write.topic im:history im:read im:write im:write.topic mpim:history mpim:read mpim:write reactions:read reactions:write reminders:write search:read.files search:read.im search:read.mpim search:read.private search:read.public search:read.users team:read usergroups:read usergroups:write users.profile:read users.profile:write users:read users:read.email,,
https://slack.com/marketplace/A08NN7J32LB-celebrio,Celebrio & Slack Integration | Slack Marketplace,Paid with free trial,channels:history channels:join channels:manage channels:read channels:write.invites chat:write commands groups:history reactions:read reactions:write users.profile:read users:read users:read.email,,
https://slack.com/marketplace/A08P9ES26MC-brizz,Brizz & Slack Integration | Slack Marketplace,Free,app_mentions:read assistant:write channels:join channels:read chat:write chat:write.customize commands files:write groups:read im:history links:read links:write team:read users:read users:read.email,,
https://slack.com/marketplace/A08PG6NUR9Q-syntro,Syntro & Slack Integration | Slack Marketplace,Paid with free trial,channels:history channels:join channels:read chat:write chat:write.customize email groups:read im:history im:read im:write openid profile team:read users.profile:read users:read users:read.email,,
https://slack.com/marketplace/A08PM5BHPAM-levenza,Levenza & Slack Integration | Slack Marketplace,Included with service subscription,app_mentions:read assistant:write channels:history channels:read chat:write email files:read groups:history groups:read im:history im:read mpim:history mpim:read openid profile team:read users:read users:read.email,,
https://slack.com/marketplace/A08QHKMF76F-greymatter,GreyMatter & Slack Integration | Slack Marketplace,Included with service subscription,chat:write commands im:history im:write users:read users:read.email,,
https://slack.com/marketplace/A08QHUNTQ0M-performance-reviews-by-wrenly,Performance Reviews by Wrenly & Slack Integration | Slack Marketplace,Free and paid plans available,app_mentions:read channels:join channels:read chat:write commands files:write groups:read groups:write im:history links.embed:write links:read links:write mpim:read mpim:write users:read users:read.email,,
https://slack.com/marketplace/A08QSGHK1FS-vacation-pto-tracker-palmy,Vacation & PTO Tracker • Palmy & Slack Integration | Slack Marketplace,Free and paid plans available,channels:read chat:write chat:write.public commands groups:read users.profile:write users:read users:read.email,,
https://slack.com/marketplace/A08QSV2HQ9W-quickhunt,Quickhunt & Slack Integration | Slack Marketplace,Free and paid plans available,channels:read chat:write chat:write.public team:read users:read,,
https://slack.com/marketplace/A08R7D45LUE-tuneit,TuneIt & Slack Integration | Slack Marketplace,Free and paid plans available,chat:write commands im:history users:read users:read.email,,
https://slack.com/marketplace/A08RH409BNH-helpgenie-ai-answers-in-slack,HelpGenie: AI answers in Slack & Slack Integration | Slack Marketplace,Free and paid plans available,channels:history channels:read chat:write chat:write.customize chat:write.public commands email groups:history groups:read im:history openid profile users:read users:read.email,,
https://slack.com/marketplace/A08SF47R6P4-claude,Claude & Slack Integration | Slack Marketplace,Included with service subscription,app_mentions:read assistant:write bookmarks:read bookmarks:write canvases:read canvases:write channels:history channels:join channels:read channels:write channels:write.invites chat:write chat:write.customize code_channels:manage commands emoji:read files:read files:write groups:history groups:read groups:write im:history im:read im:write links:read links:write mpim:history mpim:read mpim:write mpim:write.topic pins:read pins:write reactions:read reactions:write remote_files:read search:read.files search:read.im search:read.mpim search:read.private search:read.public search:read.users team:read usergroups:read users.profile:read users:read users:read.email,,
https://slack.com/marketplace/A08SKDT6QUW-cursor,Cursor & Slack Integration | Slack Marketplace,Paid with free trial,app_configurations:read app_configurations:write app_mentions:read assistant:write canvases:read canvases:write channels:history channels:join channels:read channels:write chat:write chat:write.customize emoji:read files:read files:write groups:history groups:read groups:write im:history im:read im:write links:read links:write managed_apps:install mpim:history mpim:read mpim:write reactions:read reactions:write search:read.files search:read.im search:read.mpim search:read.private search:read.public search:read.users team:read users:read users:read.email,,
https://slack.com/marketplace/A08SMH6DP0Q-pizzatime,PizzaTime & Slack Integration | Slack Marketplace,Free,channels:history channels:join channels:read chat:write commands email groups:history groups:read im:history im:read im:write mpim:history mpim:read openid profile reactions:read team:read users:read,,
https://slack.com/marketplace/A08STRNTLSD-intellistack-streamline,Intellistack Streamline & Slack Integration | Slack Marketplace,Free,channels:read chat:write chat:write.public,,
https://slack.com/marketplace/A08TKLM0P7H-sandstone-legal,Sandstone Legal & Slack Integration | Slack Marketplace,Included with service subscription,app_mentions:read assistant:write channels:history channels:read chat:write chat:write.customize commands files:read files:write groups:history groups:read im:history im:read im:write mpim:history openid reactions:read reactions:write search:read.files search:read.im search:read.mpim search:read.private search:read.public search:read.users team:read users.profile:read users:read users:read.email,,
https://slack.com/marketplace/A08TRE2RN67-google-integration,Google Integration & Slack Integration | Slack Marketplace,Paid,channels:history channels:read channels:write chat:write groups:history groups:read groups:write im:history im:read mpim:history mpim:read reminders:read reminders:write team:read users.profile:read users:read users:read.email,,
https://slack.com/marketplace/A08TSR7943Y-outlit,Outlit & Slack Integration | Slack Marketplace,Included with service subscription,app_mentions:read assistant:write channels:history channels:join channels:read chat:write chat:write.customize files:read groups:history groups:read im:history im:read im:write incoming-webhook metadata.message:read mpim:history mpim:read pins:read reactions:read team:read users.profile:read users:read users:read.email,,
https://slack.com/marketplace/A08U18NHQJ1-zoho-people,Zoho People & Slack Integration | Slack Marketplace,Paid with free trial,channels:read chat:write commands files:read groups:read im:history,,
https://slack.com/marketplace/A08U2UU8N5R-finout,Finout & Slack Integration | Slack Marketplace,Included with service subscription,channels:manage channels:read chat:write groups:read users:read users:read.email,,
https://slack.com/marketplace/A08U53SQZ0U-recognitions-and-rewards-wrenly,Recognitions and Rewards - Wrenly & Slack Integration | Slack Marketplace,Free and paid plans available,app_mentions:read channels:join channels:manage channels:read chat:write commands files:write groups:read im:history im:read im:write links.embed:write links:read links:write mpim:read mpim:write users:read users:read.email,,
https://slack.com/marketplace/A08UX1HQLE8-sim,Sim & Slack Integration | Slack Marketplace,Free and paid plans available,app_mentions:read assistant:write canvases:read canvases:write channels:history channels:manage channels:read chat:write chat:write.public files:read files:write groups:history groups:read groups:write im:history im:read im:write reactions:read reactions:write users:read,,
https://slack.com/marketplace/A08V79UPFV3-front-channel,Front Channel & Slack Integration | Slack Marketplace,Paid with free trial,channels:history channels:join channels:manage channels:read chat:write chat:write.customize emoji:read files:read files:write groups:history groups:read reactions:read reactions:write team:read usergroups:read users:read users:read.email,,
https://slack.com/marketplace/A08VB816EBG-custom-emoji,Custom Emoji & Slack Integration | Slack Marketplace,Free and paid plans available,channels:read chat:write chat:write.public commands emoji:read files:write im:read im:write team:read users:read users:read.email,,
https://slack.com/marketplace/A0901CTQK8T-scoop-analytics,Scoop Analytics & Slack Integration | Slack Marketplace,Paid with free trial,app_mentions:read channels:read chat:write commands files:read files:write im:history im:read im:write users:read,,
https://slack.com/marketplace/A0910Q08WMD-travel-agent,Travel Agent & Slack Integration | Slack Marketplace,Included with service subscription,chat:write files:read files:write im:history metadata.message:read reactions:read reactions:write users.profile:read users:read users:read.email,,
https://slack.com/marketplace/A09197L12KV-payments-agent,Payments Agent & Slack Integration | Slack Marketplace,Included with service subscription,chat:write files:read files:write im:history metadata.message:read reactions:read reactions:write users.profile:read users:read users:read.email,,
https://slack.com/marketplace/A09199CF9KQ-procurement-agent,Procurement Agent & Slack Integration | Slack Marketplace,Included with service subscription,chat:write files:read files:write im:history metadata.message:read reactions:read reactions:write users.profile:read users:read users:read.email,,
https://slack.com/marketplace/A0919DRAJ2C-revenue-cloud,Revenue Cloud & Slack Integration | Slack Marketplace,Paid,incoming-webhook,,
https://slack.com/marketplace/A091PS88YUX-team-memory,Team Memory & Slack Integration | Slack Marketplace,Paid with free trial,channels:history channels:read channels:write.invites chat:write groups:history groups:read groups:write.invites users:read users:read.email,,
https://slack.com/marketplace/A091XDK6K2M-syncsimple-voice-ai-async-standups,SyncSimple: Voice + AI Async Standups & Slack Integration | Slack Marketplace,Paid with free trial,app_mentions:read channels:read chat:write chat:write.public commands email files:read groups:read im:history im:write openid profile team:read users:read users:read.email,,
https://slack.com/marketplace/A09214D6XQT-dust,Dust & Slack Integration | Slack Marketplace,Paid with free trial,app_mentions:read canvases:read canvases:write channels:history channels:join channels:read channels:write chat:write files:read files:write groups:history groups:read groups:write im:history im:read im:write mpim:history mpim:read mpim:write reactions:read reactions:write search:read.files search:read.im search:read.mpim search:read.private search:read.public search:read.users team:read usergroups:read users.profile:write users:read users:read.email,,
https://slack.com/marketplace/A0924GE0Z16-genspark,Genspark & Slack Integration | Slack Marketplace,Free and paid plans available,app_mentions:read assistant:write channels:history channels:read channels:write.invites chat:write files:read files:write groups:history groups:read groups:write.invites im:history im:read mpim:history mpim:read reactions:write search:read.files search:read.im search:read.mpim search:read.private search:read.public team:read users:read users:read.email,,
https://slack.com/marketplace/A092D3PNYQ5-octagon,Octagon & Slack Integration | Slack Marketplace,Free and paid plans available,channels:read chat:write commands files:write groups:read im:history im:read,,
https://slack.com/marketplace/A092V4M9UE9-airbyte,Airbyte & Slack Integration | Slack Marketplace,Included with service subscription,bookmarks:write channels:history channels:join channels:manage channels:read chat:write groups:history groups:read groups:write pins:write reactions:write users:read,,
https://slack.com/marketplace/A093G4P2NR0-superintern,SuperIntern & Slack Integration | Slack Marketplace,Paid with free trial,app_mentions:read channels:history channels:join channels:read chat:write commands files:read files:write groups:history groups:read im:history im:read im:write mpim:history mpim:read team:read users:read,,
https://slack.com/marketplace/A0941EA3667-datadog-for-government,Datadog for Government & Slack Integration | Slack Marketplace,Paid with free trial,app_mentions:read auditlogs:read bookmarks:read bookmarks:write channels:history channels:join channels:manage channels:read channels:write chat:write commands files:read groups:history groups:read groups:write im:history im:read im:write links:read links:write mpim:read openid reactions:read reactions:write remote_files:read remote_files:share remote_files:write team:read users:read users:read.email,,
https://slack.com/marketplace/A094CFM1T3L-simpleperf-by-buddieshrcom,SimplePerf by BuddiesHR.com & Slack Integration | Slack Marketplace,Free and paid plans available,chat:write email openid profile users:read users:read.email,,
https://slack.com/marketplace/A094D5G5W69-anonymous-messaging-with-clarity,Anonymous Messaging with Clarity & Slack Integration | Slack Marketplace,Free and paid plans available,app_mentions:read channels:manage channels:read chat:write chat:write.public commands groups:read im:history im:write users:read,,
https://slack.com/marketplace/A094GELN0PQ-polls-and-surveys-by-tinypoll,Polls and Surveys by TinyPoll & Slack Integration | Slack Marketplace,Free and paid plans available,channels:read chat:write chat:write.public commands groups:read im:write openid profile team:read users:read,,
https://slack.com/marketplace/A094MQQKN9J-veri,VERI & Slack Integration | Slack Marketplace,Free and paid plans available,channels:join channels:read chat:write commands files:read im:read im:write team:read users:read users:read.email,,
https://slack.com/marketplace/A094X7JKB3P-supportunicorn,SupportUnicorn & Slack Integration | Slack Marketplace,Free and paid plans available,channels:history channels:join channels:read chat:write groups:history groups:read team:read users:read,,
https://slack.com/marketplace/A095XNK8GPK-docendorse-ai-agent,DocEndorse AI Agent & Slack Integration | Slack Marketplace,Free and paid plans available,assistant:write chat:write commands email files:read files:write im:history im:read im:write openid profile usergroups:read users:read users:read.email,,
https://slack.com/marketplace/A0962KC6S7P-bridge-bot-mcp-for-mondaycom,Bridge Bot MCP for monday.com & Slack Integration | Slack Marketplace,Free,app_mentions:read chat:write im:history im:read im:write users:read users:read.email,,
https://slack.com/marketplace/A096KGDMVM2-builderio,Builder.io & Slack Integration | Slack Marketplace,Paid,app_mentions:read assistant:write channels:history channels:read chat:write commands files:read files:write groups:history groups:read im:history im:read im:write mpim:history mpim:read mpim:write pins:read reactions:write search:read.public users:read users:read.email,,
https://slack.com/marketplace/A096QAR57EW-coassemble,Coassemble & Slack Integration | Slack Marketplace,Included with service subscription,channels:join channels:read chat:write users:read users:read.email,,
https://slack.com/marketplace/A096V2JLJBF-tempus-resource-for-slack,Tempus Resource for Slack & Slack Integration | Slack Marketplace,Paid,chat:write chat:write.public commands im:history im:read users:read,,
https://slack.com/marketplace/A096V76TTLP-sanecost,SaneCost & Slack Integration | Slack Marketplace,Free,channels:read chat:write commands groups:read im:history im:write users:read users:read.email,,
https://slack.com/marketplace/A0975TB4RUK-optimizely-opal,Optimizely Opal & Slack Integration | Slack Marketplace,Included with service subscription,assistant:write canvases:read canvases:write channels:history channels:read channels:write chat:write emoji:read files:read files:write groups:history groups:read groups:write im:history im:write lists:read lists:write mpim:history mpim:read mpim:write reactions:read reactions:write search:read.files search:read.im search:read.mpim search:read.private search:read.public search:read.users users:read users:read.email,,
https://slack.com/marketplace/A097919NRC1-teamate,Teamate & Slack Integration | Slack Marketplace,Free and paid plans available,app_mentions:read channels:history channels:manage channels:read chat:write commands files:read groups:history groups:read groups:write im:history im:read im:write mpim:history mpim:read mpim:write reactions:read reactions:write users.profile:read users:read users:read.email,,
https://slack.com/marketplace/A0979BSV98R-aiwork,ai.work & Slack Integration | Slack Marketplace,Free and paid plans available,app_mentions:read canvases:read canvases:write channels:history channels:manage channels:read channels:write chat:write chat:write.customize chat:write.public commands emoji:read files:read groups:history groups:read groups:write im:history im:read im:write mpim:history mpim:read mpim:write reactions:read reactions:write search:read.files search:read.im search:read.mpim search:read.private search:read.public search:read.users team:read usergroups:read usergroups:write users.profile:read users:read users:read.email users:write,,
https://slack.com/marketplace/A097A7JPLQY-approveflow,ApproveFlow & Slack Integration | Slack Marketplace,Free and paid plans available,chat:write commands team:read users.profile:read users:read users:read.email,,
https://slack.com/marketplace/A097ABKQC2E-harmony,Harmony & Slack Integration | Slack Marketplace,Included with service subscription,channels:history channels:join channels:manage channels:read channels:write.invites chat:write chat:write.customize chat:write.public files:read files:write groups:history groups:read groups:write groups:write.invites im:history im:read im:write reactions:read reactions:write team.billing:read users.profile:read users:read users:read.email,,
https://slack.com/marketplace/A097AUHM5AS-glean,Glean & Slack Integration | Slack Marketplace,Included with service subscription,app_mentions:read assistant:write canvases:read canvases:write channels:history channels:read chat:write chat:write.customize chat:write.public commands files:read groups:history groups:read im:history im:read im:write links:read links:write mpim:history mpim:read reactions:write search:read.files search:read.im search:read.mpim search:read.private search:read.public search:read.users team:read usergroups:read users:read users:read.email,,
https://slack.com/marketplace/A097F15BBCY-questworks-team-rpg,QuestWorks Team RPG & Slack Integration | Slack Marketplace,Paid with free trial,channels:join channels:manage channels:read channels:write.invites chat:write commands files:write groups:read im:read im:write users:read users:read.email,,
https://slack.com/marketplace/A097V82EGG2-chatgpt,ChatGPT & Slack Integration | Slack Marketplace,Paid,app_configurations:read app_configurations:write app_mentions:read assistant:write bookmarks:read bookmarks:write canvases:read canvases:write channels:history channels:join channels:read channels:write channels:write.invites channels:write.topic chat:write chat:write.customize commands dnd:read dnd:write emoji:read files:read files:write groups:history groups:read groups:write groups:write.invites groups:write.topic im:history im:read im:write im:write.topic lists:read lists:write managed_apps:install mpim:history mpim:read mpim:write mpim:write.topic pins:read pins:write reactions:read reactions:write reminders:write remote_files:read remote_files:share search:read.files search:read.im search:read.mpim search:read.private search:read.public search:read.users stars:read stars:write team.preferences:read team:read usergroups:read usergroups:write users.profile:read users.profile:write users:read users:read.email users:write,,
https://slack.com/marketplace/A097YT41QNT-zoom-ai,Zoom AI & Slack Integration | Slack Marketplace,Paid,assistant:write chat:write im:history team:read users:read,,
https://slack.com/marketplace/A098AQE14MN-tiliter-vision-bot,Tiliter Vision Bot & Slack Integration | Slack Marketplace,Paid with free trial,channels:history channels:read chat:write commands files:read groups:history groups:read mpim:read,,
https://slack.com/marketplace/A098B6C8GCC-admax,Admax & Slack Integration | Slack Marketplace,Free and paid plans available,app_mentions:read channels:history chat:write files:write groups:history reactions:write,,
https://slack.com/marketplace/A098C13RMQQ-rephrasely,Rephrasely & Slack Integration | Slack Marketplace,Free,chat:write commands,,
https://slack.com/marketplace/A098J0RM57D-ari,Ari & Slack Integration | Slack Marketplace,Included with service subscription,app_mentions:read channels:history channels:join channels:manage channels:read chat:write chat:write.customize chat:write.public commands files:read files:write im:history im:read im:write reactions:read reactions:write search:read.files search:read.im search:read.public search:read.users users:read users:read.email users:write,,
https://slack.com/marketplace/A098XKSGEEP-onsurvey,OnSurvey & Slack Integration | Slack Marketplace,Included with service subscription,chat:write im:write users:read users:read.email,,
https://slack.com/marketplace/A098YPY5ZK5-thor,Thor & Slack Integration | Slack Marketplace,Free,app_mentions:read assistant:write channels:history channels:join channels:read chat:write chat:write.customize chat:write.public email emoji:read groups:history groups:read im:history im:write mpim:history mpim:write openid profile reactions:read reactions:write team:read users:read users:read.email,,
https://slack.com/marketplace/A099D0HP3T2-ai-doc-translator,AI Doc Translator & Slack Integration | Slack Marketplace,Paid with free trial,app_mentions:read channels:read chat:write files:read files:write groups:read im:history im:read im:write team:read users:read,,
https://slack.com/marketplace/A099N0AHEH1-manus,Manus & Slack Integration | Slack Marketplace,Included with service subscription,app_mentions:read assistant:write canvases:read canvases:write channels:history channels:read chat:write commands files:read files:write groups:history groups:read im:history im:read mpim:history mpim:read reactions:write search:read.files search:read.im search:read.mpim search:read.private search:read.public search:read.users users:read users:read.email,,
https://slack.com/marketplace/A099QQHCXKN-gemini-enterprise,Gemini Enterprise & Slack Integration | Slack Marketplace,Included with service subscription,app_mentions:read assistant:write calls:read canvases:read canvases:write channels:history channels:read channels:write chat:write commands emoji:read files:read files:write groups:history groups:read im:history mpim:history mpim:read pins:read reactions:read reactions:write reminders:read search:read.files search:read.im search:read.mpim search:read.private search:read.public search:read.users team:read usergroups:read users:read users:read.email,,
https://slack.com/marketplace/A099RGXLJUB-oad-assistant,OAD assistant & Slack Integration | Slack Marketplace,Included with service subscription,chat:write users:read,,
https://slack.com/marketplace/A09AHEZ2LUE-muslim-prayer-reminder,Muslim Prayer Reminder & Slack Integration | Slack Marketplace,Free,channels:join channels:read chat:write commands groups:read groups:write groups:write.invites im:read im:write users.profile:write users:read,,
https://slack.com/marketplace/A09AK5S8JTX-maxima,Maxima & Slack Integration | Slack Marketplace,Included with service subscription,channels:history channels:read chat:write files:read groups:history groups:read im:history im:read im:write mpim:history mpim:read mpim:write usergroups:read users:read users:read.email,,
https://slack.com/marketplace/A09AP6DNVDM-confluence-government,Confluence (Government) & Slack Integration | Slack Marketplace,Free,app_mentions:read channels:history channels:manage channels:read channels:write chat:write chat:write.public commands dnd:read groups:history groups:read groups:write im:history im:read im:write links:read links:write mpim:history mpim:read mpim:write reactions:read team:read users.profile:read users:read users:read.email,,
https://slack.com/marketplace/A09AP76SXCP-jira-government,Jira (Government) & Slack Integration | Slack Marketplace,Free,app_mentions:read channels:history channels:join channels:manage channels:read channels:write chat:write chat:write.public commands dnd:read files:read groups:history groups:read groups:write im:history im:read im:write links:read links:write mpim:history mpim:read mpim:write reactions:read reactions:write team:read users.profile:read users:read users:read.email,,
https://slack.com/marketplace/A09AW83GFV3-parabola,Parabola & Slack Integration | Slack Marketplace,Free and paid plans available,channels:join channels:read chat:write files:write groups:read im:write users:read,,
https://slack.com/marketplace/A09AY66R347-superconductor,Superconductor & Slack Integration | Slack Marketplace,Free and paid plans available,app_mentions:read channels:history channels:read chat:write files:read files:write groups:history openid reactions:write users:read users:read.email,,
https://slack.com/marketplace/A09B73V7S4B-wren-ai,Wren AI & Slack Integration | Slack Marketplace,Paid with free trial,app_mentions:read channels:read chat:write files:write groups:read im:history im:write,,
https://slack.com/marketplace/A09BCUEKQ90-zyraa,Zyraa & Slack Integration | Slack Marketplace,Free and paid plans available,channels:join channels:read chat:write commands groups:read users:read users:read.email,,
https://slack.com/marketplace/A09BFLQGZ9Q-ellacard,Ellacard & Slack Integration | Slack Marketplace,Free,commands,,
https://slack.com/marketplace/A09C48MCXT6-omnibot,Omnibot & Slack Integration | Slack Marketplace,Free,channels:history channels:join channels:read chat:write groups:history groups:read users:read,,
https://slack.com/marketplace/A09C7DVKRGT-channel-herald,Channel Herald & Slack Integration | Slack Marketplace,Free,channels:read chat:write commands groups:read users:read,,
https://slack.com/marketplace/A09CRG2AZ1N-dropbox-dash,Dropbox Dash & Slack Integration | Slack Marketplace,Included with service subscription,app_mentions:read assistant:write channels:history channels:read chat:write chat:write.public commands groups:history groups:read im:history im:read im:write links:read links:write mpim:history mpim:read mpim:write reactions:write search:read.files search:read.im search:read.mpim search:read.private search:read.public team:read users:read users:read.email,,
https://slack.com/marketplace/A09D47MAW3C-ki-frantelligence,KI Frantelligence & Slack Integration | Slack Marketplace,Paid,app_mentions:read channels:history channels:read chat:write groups:history groups:read im:history mpim:history mpim:read reactions:write users:read users:read.email,,
https://slack.com/marketplace/A09D6RSCH96-refinder,Refinder & Slack Integration | Slack Marketplace,Free and paid plans available,app_mentions:read channels:history channels:read chat:write groups:history groups:read im:history im:read mpim:history mpim:read team:read users:read,,
https://slack.com/marketplace/A09DBQB83DY-sunny-workplace,Sunny Workplace® & Slack Integration | Slack Marketplace,Included with service subscription,channels:join channels:manage channels:read chat:write chat:write.public commands groups:read im:history im:read mpim:read users.profile:read users.profile:write users:read users:read.email,,
https://slack.com/marketplace/A09DM17KK2N-julius,Julius & Slack Integration | Slack Marketplace,Free and paid plans available,app_mentions:read assistant:write channels:history channels:read chat:write chat:write.public files:read files:write im:history reactions:read reactions:write users:read users:read.email,,
https://slack.com/marketplace/A09DR5CH67Q-sonarqube,SonarQube & Slack Integration | Slack Marketplace,Free and paid plans available,channels:read chat:write chat:write.public commands groups:read mpim:read,,
https://slack.com/marketplace/A09DSFY6PK7-modem,Modem & Slack Integration | Slack Marketplace,Paid with free trial,app_mentions:read assistant:write channels:history channels:join channels:manage channels:read chat:write conversations.connect:write email files:read files:write groups:history groups:read groups:write im:history im:read links:read links:write mpim:history mpim:read openid profile reactions:read reactions:write team:read users:read users:read.email,,
https://slack.com/marketplace/A09DXMY3EVD-mintlify,mintlify & Slack Integration | Slack Marketplace,Included with service subscription,app_mentions:read assistant:write channels:history channels:manage channels:read chat:write chat:write.public files:read groups:history groups:read im:history im:read im:write reactions:write users:read users:read.email,,
https://slack.com/marketplace/A09E6V19JJK-tembo,Tembo & Slack Integration | Slack Marketplace,Free and paid plans available,app_mentions:read assistant:write channels:history channels:join channels:manage channels:read chat:write conversations.connect:write emoji:read files:read files:write groups:history groups:read im:history im:read im:write mpim:history mpim:read reactions:read reactions:write search:read.files search:read.im search:read.public search:read.users team:read users:read users:read.email,,
https://slack.com/marketplace/A09EHFJ85DM-simple-observability,Simple Observability & Slack Integration | Slack Marketplace,Free and paid plans available,chat:write,,
https://slack.com/marketplace/A09EUDGD7UY-poll-surveys-simple-polls,Poll & Surveys - Simple polls & Slack Integration | Slack Marketplace,Free and paid plans available,channels:read chat:write chat:write.public commands email groups:read openid profile team:read users:read,,
https://slack.com/marketplace/A09F4RDJG7M-ledge,Ledge & Slack Integration | Slack Marketplace,Paid,chat:write im:history im:write users:read users:read.email,,
https://slack.com/marketplace/A09F5C369E3-openai-codex,OpenAI Codex & Slack Integration | Slack Marketplace,Paid,app_mentions:read channels:history channels:read chat:write files:read groups:history groups:read mpim:history reactions:read reactions:write users:read,,
https://slack.com/marketplace/A09FCJ4LHAT-trufflehog-enterprise,TruffleHog Enterprise & Slack Integration | Slack Marketplace,Included with service subscription,app_mentions:read channels:history channels:join channels:read discovery:read discovery:write files:read groups:history groups:read im:history im:read mpim:history mpim:read,,
https://slack.com/marketplace/A09FCRZMYV6-sliq,Sliq & Slack Integration | Slack Marketplace,Paid with free trial,app_mentions:read assistant:write channels:history chat:write files:read groups:history im:history im:write mpim:history users:read users:read.email,,
https://slack.com/marketplace/A09FFQU5KM0-responsly,Responsly & Slack Integration | Slack Marketplace,Free and paid plans available,channels:join channels:read chat:write groups:read users:read users:read.email,,
https://slack.com/marketplace/A09G5AFJ601-workos,WorkOS & Slack Integration | Slack Marketplace,Free and paid plans available,channels:join chat:write incoming-webhook,,
https://slack.com/marketplace/A09GCG721K5-yulife,YuLife & Slack Integration | Slack Marketplace,Included with service subscription,chat:write users:read users:read.email,,
https://slack.com/marketplace/A09GW85TTB6-flowtogether-adhd-focus-sessions,FlowTogether: ADHD Focus Sessions & Slack Integration | Slack Marketplace,Free,channels:history channels:join channels:manage channels:read chat:write commands im:history im:write mpim:write team:read users:read users:read.email,,
https://slack.com/marketplace/A09HGEXPV16-beezi-ai,Beezi AI & Slack Integration | Slack Marketplace,Free and paid plans available,channels:history channels:read chat:write commands files:read files:write im:history im:read im:write pins:write users:read users:read.email,,
https://slack.com/marketplace/A09J10C9L14-quizifyio,Quizify.io & Slack Integration | Slack Marketplace,Included with service subscription,channels:read chat:write chat:write.public users:read,,
https://slack.com/marketplace/A09J1GUV1S9-hackerone-bot,HackerOne Bot & Slack Integration | Slack Marketplace,Included with service subscription,channels:read chat:write chat:write.public groups:read users:read users:read.email,,
https://slack.com/marketplace/A09JQK30GD8-aws-devops-agent-us-east,AWS DevOps Agent - US East & Slack Integration | Slack Marketplace,Included with service subscription,app_mentions:read channels:read chat:write chat:write.public commands groups:read,,
https://slack.com/marketplace/A09JWRJBNDS-mernin,mernin & Slack Integration | Slack Marketplace,Free,app_mentions:read channels:join channels:read chat:write commands files:write groups:read im:write team:read users:read,,
https://slack.com/marketplace/A09K54AJYMT-langsmith,LangSmith & Slack Integration | Slack Marketplace,Free and paid plans available,app_configurations:read app_configurations:write channels:history channels:read chat:write files:read files:write groups:history groups:read im:history im:read im:write managed_apps:install mpim:history mpim:read team:read users:read users:read.email,,
https://slack.com/marketplace/A09KADGK79N-wheel-picker,Wheel Picker & Slack Integration | Slack Marketplace,Free,app_mentions:read chat:write chat:write.public commands users:read,,
https://slack.com/marketplace/A09KTPS4M51-focus-tiger,Focus Tiger & Slack Integration | Slack Marketplace,Paid with free trial,chat:write im:history im:read im:write users:read,,
https://slack.com/marketplace/A09KWEJ57K6-konnectify,Konnectify & Slack Integration | Slack Marketplace,Free and paid plans available,channels:history channels:join channels:manage channels:read channels:write chat:write chat:write.customize chat:write.public files:read groups:history groups:read groups:write reactions:read reactions:write reminders:read reminders:write team.preferences:read team:read users.profile:write users:read users:read.email users:write,,
https://slack.com/marketplace/A09KX5TAX8T-thread-to-llm,Thread to LLM & Slack Integration | Slack Marketplace,Free,channels:history channels:join chat:write commands groups:history,,
https://slack.com/marketplace/A09L0U37W83-culture-fit-safety-radar,Culture Fit - Safety Radar & Slack Integration | Slack Marketplace,Free and paid plans available,channels:history channels:join channels:manage channels:read chat:write commands email groups:read groups:write openid profile users:read,,
https://slack.com/marketplace/A09LP75GLV8-cisco-identity-intelligence-in,Cisco Identity Intelligence IN & Slack Integration | Slack Marketplace,Paid with free trial,channels:read chat:write chat:write.public files:write groups:read im:write users:read users:read.email,,
https://slack.com/marketplace/A09M7QFE7NJ-stipulatework,Stipulate.work & Slack Integration | Slack Marketplace,Free and paid plans available,channels:history channels:join channels:read chat:write commands groups:history groups:read im:history im:write users:read users:read.email,,
https://slack.com/marketplace/A09MA1SN08L-pipedream,Pipedream & Slack Integration | Slack Marketplace,Free and paid plans available,canvases:read canvases:write channels:history channels:read channels:write chat:write chat:write.customize chat:write.public emoji:read files:read files:write groups:history groups:read groups:write im:history im:read im:write mpim:history mpim:read mpim:write reactions:read reactions:write reminders:read reminders:write search:read.files search:read.im search:read.mpim search:read.private search:read.public search:read.users stars:read team:read usergroups:read usergroups:write users.profile:read users.profile:write users:read users:read.email users:write,,
https://slack.com/marketplace/A09MRU8MP6Y-candis,Candis & Slack Integration | Slack Marketplace,Included with service subscription,app_mentions:read assistant:write chat:write chat:write.customize chat:write.public im:history im:read im:write mpim:history reactions:write users:read users:read.email,,
https://slack.com/marketplace/A09MS1TBX9U-clozd,Clozd & Slack Integration | Slack Marketplace,Free,channels:read chat:write chat:write.public groups:read team:read,,
https://slack.com/marketplace/A09P73BU160-vee-by-visier,Vee by Visier & Slack Integration | Slack Marketplace,Included with service subscription,chat:write commands files:read files:write im:history im:read reactions:read users:read,,
https://slack.com/marketplace/A09PS08K5R8-v0,v0 & Slack Integration | Slack Marketplace,Included with service subscription,app_mentions:read assistant:write channels:history channels:read chat:write chat:write.public files:read files:write groups:history groups:read im:history im:read im:write mpim:history mpim:read reactions:read reactions:write users:read users:read.email users:write,,
https://slack.com/marketplace/A09PV2DCF0T-hcp-vault-radar,HCP Vault Radar & Slack Integration | Slack Marketplace,Paid with free trial,channels:history channels:join channels:read files:read users:read users:read.email,,
https://slack.com/marketplace/A09QBNEMMP1-sazabi,Sazabi & Slack Integration | Slack Marketplace,Included with service subscription,app_mentions:read assistant:write bookmarks:read canvases:read channels:history channels:join channels:manage channels:read chat:write commands email files:read files:write groups:history groups:read im:history im:read im:write links:read links:write mcp:connect mpim:history mpim:read openid pins:read profile reactions:read reactions:write search:read.files search:read.im search:read.mpim search:read.private search:read.public search:read.users team:read users:read users:read.email,,
https://slack.com/marketplace/A09QCKFL95H-chatgpt-agents,ChatGPT Agents & Slack Integration | Slack Marketplace,Free and paid plans available,app_configurations:read app_configurations:write app_mentions:read channels:history channels:join channels:read chat:write chat:write.customize files:read files:write groups:history groups:read im:history im:read im:write managed_apps:install mpim:history mpim:read reactions:read reactions:write team:read usergroups:read usergroups:write users.profile:read users:read users:read.email,,
https://slack.com/marketplace/A09QQQZ5W3T-freshlearn,FreshLearn & Slack Integration | Slack Marketplace,Free and paid plans available,channels:read chat:write chat:write.public groups:read,,
https://slack.com/marketplace/A09QYG0JRTJ-qordinate,Qordinate & Slack Integration | Slack Marketplace,Free and paid plans available,app_mentions:read channels:history channels:read chat:write files:read groups:history groups:read im:history im:read mpim:history mpim:read users:read,,
https://slack.com/marketplace/A09R4L582TD-abode,Abode & Slack Integration | Slack Marketplace,Free,chat:write team:read users:read users:read.email,,
https://slack.com/marketplace/A09R8RZH6QP-adweaver,adweaver & Slack Integration | Slack Marketplace,Paid with free trial,chat:write commands email files:read files:write im:write openid profile users:read users:read.email,,
https://slack.com/marketplace/A09S7LL8S5V-assuric,Assuric & Slack Integration | Slack Marketplace,Included with service subscription,channels:read chat:write commands groups:read im:history im:write mpim:write users:read,,
https://slack.com/marketplace/A09SCELLJMR-flutterchat,FlutterChat & Slack Integration | Slack Marketplace,Free and paid plans available,channels:history channels:join channels:manage channels:read chat:write commands files:read,,
https://slack.com/marketplace/A09SGNM0LNB-learn-place-assistant,Learn Place Assistant & Slack Integration | Slack Marketplace,Paid with free trial,app_mentions:read assistant:write channels:history channels:read chat:write groups:history im:history im:read im:write mpim:history search:read.public users:read,,
https://slack.com/marketplace/A09T4GT2N8Y-warp,Warp & Slack Integration | Slack Marketplace,Included with service subscription,app_configurations:read app_configurations:write app_mentions:read channels:history channels:read chat:write files:read files:write groups:history groups:read im:history im:read managed_apps:install mpim:history mpim:read reactions:read reactions:write users:read users:read.email,,
https://slack.com/marketplace/A09TDDW3RPT-cadencepro-assistant,Cadencepro Assistant & Slack Integration | Slack Marketplace,Included with service subscription,channels:read chat:write chat:write.public im:write users:read users:read.email,,
https://slack.com/marketplace/A09TXAH9V09-plug-and-ai,Plug and AI & Slack Integration | Slack Marketplace,Free and paid plans available,app_mentions:read assistant:write channels:history channels:read chat:write commands files:read files:write groups:history groups:read im:history im:write mpim:history,,
https://slack.com/marketplace/A09UA6SDV1N-propsly,Propsly & Slack Integration | Slack Marketplace,Free and paid plans available,app_mentions:read channels:read chat:write commands im:history im:read im:write team:read usergroups:read users.profile:read users:read users:read.email,,
https://slack.com/marketplace/A0A0302T3A4-remindo,remindo & Slack Integration | Slack Marketplace,Paid with free trial,channels:history channels:join channels:manage channels:read chat:write commands groups:history groups:read groups:write im:history reactions:read team:read users:read users:read.email,,
https://slack.com/marketplace/A0A0JMK223C-slash,SLASH & Slack Integration | Slack Marketplace,Included with service subscription,channels:history channels:join channels:read chat:write groups:read users:read users:read.email,,
https://slack.com/marketplace/A0A0PH45QE4-leemu-okr,Leemu OKR & Slack Integration | Slack Marketplace,Free and paid plans available,app_mentions:read channels:read chat:write chat:write.customize chat:write.public commands groups:read im:history reactions:read reactions:write team:read users:read users:read.email,,
https://slack.com/marketplace/A0A0Q4FL954-kilo,Kilo & Slack Integration | Slack Marketplace,Free and paid plans available,app_mentions:read assistant:write channels:history channels:read chat:write files:read groups:history groups:read im:history im:read mpim:history mpim:read reactions:read reactions:write team:read users:read,,
https://slack.com/marketplace/A0A135K08LT-panelista,Panelista & Slack Integration | Slack Marketplace,Free,incoming-webhook,,
https://slack.com/marketplace/A0A1U6Q8A10-sanity,Sanity & Slack Integration | Slack Marketplace,Free and paid plans available,app_mentions:read assistant:write channels:history channels:read chat:write commands files:read groups:history groups:read im:history im:read im:write links:read links:write search:read.public users:read,,
https://slack.com/marketplace/A0A237R5HK6-opsbrief,OpsBrief & Slack Integration | Slack Marketplace,Paid with free trial,channels:history channels:join channels:read chat:write groups:history groups:read users:read,,
https://slack.com/marketplace/A0A2A4645PY-replit,Replit & Slack Integration | Slack Marketplace,Free,app_configurations:read app_configurations:write app_mentions:read canvases:read canvases:write channels:history channels:join channels:read channels:write chat:write chat:write.public code_channels:manage emoji:read files:read files:write groups:history groups:read groups:write im:history im:read im:write lists:read lists:write managed_apps:install mcp:connect mpim:history mpim:read mpim:write reactions:read reactions:write search:read.files search:read.im search:read.mpim search:read.private search:read.public search:read.users usergroups:read users.profile:read users:read users:read.email,,
https://slack.com/marketplace/A0A2VN5TR5K-viktor,Viktor & Slack Integration | Slack Marketplace,Free and paid plans available,app_mentions:read bookmarks:read bookmarks:write canvases:read canvases:write channels:history channels:join channels:manage channels:read chat:write chat:write.customize email files:read files:write groups:history groups:read groups:write im:history im:read im:write lists:read lists:write mpim:history mpim:read mpim:write openid profile reactions:read reactions:write team:read users:read users:read.email,,
https://slack.com/marketplace/A0A2W3998TU-vaultsage,VaultSage & Slack Integration | Slack Marketplace,Free,app_mentions:read channels:history chat:write commands files:read groups:history im:history mpim:history users:read,,
https://slack.com/marketplace/A0A2W8BJYR3-echo,Echo & Slack Integration | Slack Marketplace,Paid with free trial,channels:join channels:read chat:write commands groups:read users:read users:read.email,,
https://slack.com/marketplace/A0A381729RB-clear,Clear & Slack Integration | Slack Marketplace,Free and paid plans available,app_mentions:read chat:write commands files:read im:history im:write,,
https://slack.com/marketplace/A0A3V79EKFD-waldofyi,Waldo.fyi & Slack Integration | Slack Marketplace,Paid with free trial,channels:join channels:read chat:write,,
https://slack.com/marketplace/A0A3YFHRF1Q-strac-dlp-enterprise,Strac DLP Enterprise & Slack Integration | Slack Marketplace,Paid with free trial,chat:write chat:write.public discovery:read discovery:write im:write,,
https://slack.com/marketplace/A0A4L71DZJL-korey,Korey & Slack Integration | Slack Marketplace,Included with service subscription,app_mentions:read assistant:write bookmarks:write channels:history channels:join channels:manage channels:read channels:write.topic chat:write files:read groups:history groups:read im:history im:read mpim:history mpim:read users:read users:read.email,,
https://slack.com/marketplace/A0A4N3KQ5E1-maxima-sandbox,Maxima (Sandbox) & Slack Integration | Slack Marketplace,Included with service subscription,channels:history channels:read chat:write files:read groups:history groups:read im:history im:read im:write mpim:history mpim:read mpim:write usergroups:read users:read users:read.email,,
https://slack.com/marketplace/A0A4Q1LT4PP-sharpen,Sharpen & Slack Integration | Slack Marketplace,Free and paid plans available,chat:write commands,,
https://slack.com/marketplace/A0A54GB2QDU-ack,Ack & Slack Integration | Slack Marketplace,Free and paid plans available,chat:write commands usergroups:read users:read,,
https://slack.com/marketplace/A0A5FMYT1D3-tone,Tone & Slack Integration | Slack Marketplace,Free and paid plans available,app_mentions:read channels:history channels:join channels:read chat:write commands groups:history groups:read im:history im:read im:write users.profile:read users:read,,
https://slack.com/marketplace/A0A5P2HK684-hilma,Hilma & Slack Integration | Slack Marketplace,Paid with free trial,app_mentions:read assistant:write channels:history channels:manage channels:read chat:write chat:write.public commands dnd:read email groups:history groups:read im:history im:read im:write mpim:read openid profile team:read users:read users:read.email,,
https://slack.com/marketplace/A0A63GMMDPA-qevo,Qevo & Slack Integration | Slack Marketplace,Free and paid plans available,channels:history channels:join commands groups:history im:history mpim:history openid,,
https://slack.com/marketplace/A0A64DZLSNL-zen-health,Zen+ Health & Slack Integration | Slack Marketplace,Paid with free trial,app_mentions:read chat:write im:history openid profile,,
https://slack.com/marketplace/A0A663U6B5X-obscureholidaybot,ObscureHolidayBot & Slack Integration | Slack Marketplace,Free and paid plans available,channels:read chat:write commands,,
https://slack.com/marketplace/A0A6LD3MDAT-backreply,Backreply & Slack Integration | Slack Marketplace,Free and paid plans available,channels:history channels:join channels:read chat:write chat:write.customize chat:write.public email files:read files:write groups:history groups:read openid profile reactions:read reactions:write team:read users:read users:read.email,,
https://slack.com/marketplace/A0A6M7SEHKJ-lovable,Lovable & Slack Integration | Slack Marketplace,Free and paid plans available,app_configurations:read app_configurations:write app_mentions:read assistant:write bookmarks:read channels:history channels:read chat:write chat:write.public code_channels:manage emoji:read files:read files:write groups:history groups:read im:history im:read im:write links:read links:write managed_apps:install mpim:history mpim:read openid pins:read reactions:read reactions:write search:read.public users:read users:read.email,,
https://slack.com/marketplace/A0A6S354DFV-guildai,Guild.ai & Slack Integration | Slack Marketplace,Included with service subscription,app_mentions:read channels:history channels:read chat:write groups:history groups:read reactions:read reactions:write,,
https://slack.com/marketplace/A0A6UN03ASU-tuist,Tuist & Slack Integration | Slack Marketplace,Free and paid plans available,incoming-webhook,,
https://slack.com/marketplace/A0A78PASHHV-kyubot,Kyubot & Slack Integration | Slack Marketplace,Free and paid plans available,channels:history channels:read chat:write files:write groups:history groups:read reactions:read reactions:write team:read users:read,,
https://slack.com/marketplace/A0A8HEL5G4S-alysio,Alysio & Slack Integration | Slack Marketplace,Paid with free trial,app_mentions:read assistant:write canvases:read canvases:write channels:history channels:read chat:write chat:write.public commands groups:history groups:read im:history im:write mpim:history search:read.files search:read.im search:read.mpim search:read.private search:read.public search:read.users team:read users:read users:read.email,,
https://slack.com/marketplace/A0A8X4SKQ04-appreviewalerts,AppReviewAlerts & Slack Integration | Slack Marketplace,Paid with free trial,channels:join channels:read chat:write groups:read team:read,,
https://slack.com/marketplace/A0A8XH397LH-smartsheet-au,Smartsheet AU & Slack Integration | Slack Marketplace,Paid with free trial,channels:read chat:write chat:write.public groups:read im:history im:read links:read links:write team:read users:read,,
https://slack.com/marketplace/A0A9C881YKU-rotaryx,RotaryX & Slack Integration | Slack Marketplace,Free and paid plans available,channels:read chat:write commands groups:read usergroups:read users:read,,
https://slack.com/marketplace/A0A9NC14J1E-grayn,Grayn & Slack Integration | Slack Marketplace,Paid with free trial,app_mentions:read assistant:write channels:history channels:join channels:read chat:write files:read files:write groups:history groups:read im:history im:read im:write mpim:history mpim:read reactions:read reactions:write team:read usergroups:read users:read users:read.email,,
https://slack.com/marketplace/A0AB2LWLZ5Y-playmakerly,Playmakerly & Slack Integration | Slack Marketplace,Free and paid plans available,app_mentions:read channels:join channels:read chat:write commands groups:read mpim:read users:read,,
https://slack.com/marketplace/A0ABMBMDZT3-appsignal-modern,AppSignal Modern & Slack Integration | Slack Marketplace,Free and paid plans available,chat:write chat:write.public incoming-webhook,,
https://slack.com/marketplace/A0AC33H9ZHD-everlaw-legal-holds,Everlaw Legal Holds & Slack Integration | Slack Marketplace,Included with service subscription,admin.legal_holds:read admin.legal_holds:write admin.users:read openid,,
https://slack.com/marketplace/A0AC6GAG22V-coco,Coco & Slack Integration | Slack Marketplace,Free and paid plans available,app_mentions:read assistant:write channels:history chat:write groups:history im:history reactions:write search:read.im search:read.mpim search:read.private search:read.public users:read,,
https://slack.com/marketplace/A0ACN4GDNJU-decisions-tracker-by-afinio,Decisions Tracker by Afinio & Slack Integration | Slack Marketplace,Free,channels:history channels:read chat:write commands groups:history groups:read im:write users:read,,
https://slack.com/marketplace/A0ACTV3HSTS-ricotta-birthday-bot,Ricotta Birthday Bot & Slack Integration | Slack Marketplace,Free and paid plans available,channels:join channels:read chat:write files:read groups:read im:read users:read users:read.email,,
https://slack.com/marketplace/A0ACVKCBKD1-hyperagent,Hyperagent & Slack Integration | Slack Marketplace,Free and paid plans available,app_configurations:read app_configurations:write app_mentions:read channels:history channels:join channels:read channels:write.invites chat:write chat:write.customize files:read groups:history groups:read groups:write.invites im:history im:read im:write links:read links:write managed_apps:install mpim:history mpim:read reactions:read reactions:write search:read.files search:read.im search:read.mpim search:read.private search:read.public search:read.users team:read usergroups:read users:read users:read.email,,
https://slack.com/marketplace/A0AD9FDK8SY-strawberry,Strawberry & Slack Integration | Slack Marketplace,Free and paid plans available,canvases:write channels:history channels:read channels:write channels:write.invites chat:write files:read files:write groups:history groups:read groups:write groups:write.invites im:history im:read im:write mpim:history mpim:read mpim:write reactions:read reactions:write search:read.im search:read.mpim search:read.private search:read.public users.profile:write users:read users:read.email,,
https://slack.com/marketplace/A0ADUN3BJ0L-wetime,WeTime & Slack Integration | Slack Marketplace,Free,chat:write commands email im:write mpim:write openid profile,,
https://slack.com/marketplace/A0AE53BSVCL-amazon-quick-asia-pacific-tokyo,Amazon Quick - Asia Pacific (Tokyo) & Slack Integration | Slack Marketplace,Included with service subscription,app_mentions:read assistant:write channels:history channels:read channels:write channels:write.topic chat:write files:read files:write groups:history groups:read groups:write groups:write.topic im:history im:read im:write im:write.topic mpim:history mpim:read mpim:write reactions:read reactions:write reminders:write search:read.files search:read.im search:read.mpim search:read.private search:read.public search:read.users team:read usergroups:read usergroups:write users.profile:read users.profile:write users:read users:read.email,,
https://slack.com/marketplace/A0AEZMDQVQB-findtimeio,findtime.io & Slack Integration | Slack Marketplace,Free,app_mentions:read chat:write commands im:history users:read,,
https://slack.com/marketplace/A0AF1MD8PL6-hubi,Hubi & Slack Integration | Slack Marketplace,Free and paid plans available,app_mentions:read assistant:write bookmarks:read bookmarks:write channels:history channels:join channels:manage channels:read chat:write email files:read files:write groups:history groups:read groups:write im:history im:read im:write im:write.topic mpim:history mpim:read openid pins:read pins:write profile reactions:read reactions:write remote_files:read remote_files:write usergroups:read users:read users:read.email,,
https://slack.com/marketplace/A0AF68PCVUK-airwallex,Airwallex & Slack Integration | Slack Marketplace,Included with service subscription,chat:write im:write users:read users:read.email,,
https://slack.com/marketplace/A0AF86M852R-aws-devops-agent-us-west-oregon,AWS DevOps Agent - US West (Oregon) & Slack Integration | Slack Marketplace,Included with service subscription,app_mentions:read channels:read chat:write chat:write.public commands groups:read,,
https://slack.com/marketplace/A0AFP9TBSKU-amazon-quick-eu-frankfurt,Amazon Quick - EU (Frankfurt) & Slack Integration | Slack Marketplace,Included with service subscription,app_mentions:read assistant:write channels:history channels:read channels:write channels:write.topic chat:write files:read files:write groups:history groups:read groups:write groups:write.topic im:history im:read im:write im:write.topic mpim:history mpim:read mpim:write reactions:read reactions:write reminders:write search:read.files search:read.im search:read.mpim search:read.private search:read.public search:read.users team:read usergroups:read usergroups:write users.profile:read users.profile:write users:read users:read.email,,
https://slack.com/marketplace/A0AFR0PE1H8-amazon-quick-eu-london,Amazon Quick - EU (London) & Slack Integration | Slack Marketplace,Included with service subscription,app_mentions:read assistant:write channels:history channels:read channels:write channels:write.topic chat:write files:read files:write groups:history groups:read groups:write groups:write.topic im:history im:read im:write im:write.topic mpim:history mpim:read mpim:write reactions:read reactions:write reminders:write search:read.files search:read.im search:read.mpim search:read.private search:read.public search:read.users team:read usergroups:read usergroups:write users.profile:read users.profile:write users:read users:read.email,,
https://slack.com/marketplace/A0AG0H5D0S3-auctor,Auctor & Slack Integration | Slack Marketplace,Paid,channels:history channels:read chat:write groups:history groups:read im:history im:read mpim:history mpim:read search:read.im search:read.mpim search:read.private search:read.public users:read,,
https://slack.com/marketplace/A0AGP2BFA9W-type,Type & Slack Integration | Slack Marketplace,Paid with free trial,app_mentions:read assistant:write channels:history channels:join channels:read chat:write chat:write.customize files:read files:write groups:history groups:read im:history im:read im:write links:read links:write openid reactions:read reactions:write search:read.files team:read usergroups:read usergroups:write users.profile:read users:read users:read.email,,
https://slack.com/marketplace/A0AHBN65B17-hark-pro,Hark Pro & Slack Integration | Slack Marketplace,Included with service subscription,app_mentions:read assistant:write channels:history channels:read channels:write chat:write files:read files:write groups:history groups:read groups:write im:history im:read im:write mpim:history mpim:read mpim:write reactions:read reactions:write reminders:read reminders:write search:read.files search:read.im search:read.mpim search:read.private search:read.public search:read.users usergroups:read usergroups:write users.profile:read users:read users:read.email,,
https://slack.com/marketplace/A0AJ1M6HNTC-mco-us,MCO - US & Slack Integration | Slack Marketplace,Included with service subscription,chat:write users:read users:read.email,,
https://slack.com/marketplace/A0AJL03Q24R-holmes-eu,Holmes (EU) & Slack Integration | Slack Marketplace,Included with service subscription,app_mentions:read channels:history chat:write email files:write groups:history im:history im:write openid reactions:write,,
https://slack.com/marketplace/A0AK588MKDY-diana,Diana & Slack Integration | Slack Marketplace,Free and paid plans available,app_mentions:read canvases:read canvases:write channels:history channels:join channels:manage channels:read channels:write.invites chat:write chat:write.customize email files:read files:write groups:history groups:read groups:write im:history im:read im:write mpim:history mpim:read mpim:write openid profile reactions:read reactions:write search:read.files search:read.im search:read.mpim search:read.private search:read.public search:read.users team:read usergroups:read usergroups:write users:read users:read.email,,
https://slack.com/marketplace/A0AL5104YSJ-mistral-vibe,Mistral Vibe & Slack Integration | Slack Marketplace,Included with service subscription,app_mentions:read assistant:write canvases:read canvases:write channels:history chat:write chat:write.customize code_channels:manage groups:history im:history mpim:history reactions:read reactions:write search:read.files search:read.im search:read.mpim search:read.private search:read.public search:read.users users:read users:read.email,,
https://slack.com/marketplace/A0ALAL9FW8P-poggio,Poggio & Slack Integration | Slack Marketplace,Paid with free trial,app_mentions:read assistant:write bookmarks:read bookmarks:write canvases:read canvases:write channels:history channels:read chat:write commands files:read groups:history groups:read im:history im:write mcp:connect users:read,,
https://slack.com/marketplace/A0AM5QPA0BC-databricks-genie,Databricks Genie & Slack Integration | Slack Marketplace,Paid with free trial,app_mentions:read assistant:write canvases:read canvases:write channels:history channels:read chat:write commands files:write groups:history groups:read im:history im:read mpim:history mpim:read search:read.files search:read.im search:read.mpim search:read.private search:read.public search:read.users users:read users:read.email,,
https://slack.com/marketplace/A0AMG053K4G-sugarandsalt-admin,SugarAndSalt-Admin & Slack Integration | Slack Marketplace,Paid with free trial,app_mentions:read assistant:write channels:history chat:write files:read files:write groups:history im:history im:write users.profile:read users:read users:read.email,,
https://slack.com/marketplace/A0AMRAX79FD-sola-ai-assistant,Sola AI Assistant & Slack Integration | Slack Marketplace,Included with service subscription,assistant:write chat:write im:history im:read users:read,,
https://slack.com/marketplace/A0ANJDAAA1L-aws-langsmith-fleet,AWS LangSmith Fleet & Slack Integration | Slack Marketplace,Free and paid plans available,app_configurations:read app_configurations:write channels:history channels:read chat:write files:read files:write groups:history groups:read im:history im:read im:write managed_apps:install mpim:history mpim:read team:read users:read users:read.email,,
https://slack.com/marketplace/A0ANJKF04S2-stripe,Stripe & Slack Integration | Slack Marketplace,Free,channels:read chat:write groups:read,,
https://slack.com/marketplace/A0ANKEQTV0Q-gusto,Gusto & Slack Integration | Slack Marketplace,Included with service subscription,assistant:write chat:write im:history im:read team:read,,
https://slack.com/marketplace/A0ANP5TS19U-netskope-aisecops,Netskope AISecOps & Slack Integration | Slack Marketplace,Included with service subscription,chat:write im:write users:read users:read.email,,
https://slack.com/marketplace/A0ANUN90R5K-aws-devops-agent-eu-frankfurt,AWS DevOps Agent - EU (Frankfurt) & Slack Integration | Slack Marketplace,Included with service subscription,app_mentions:read channels:read chat:write chat:write.public commands groups:read,,
https://slack.com/marketplace/A0ANW3U404W-aws-devops-agent-eu-ireland,AWS DevOps Agent - EU (Ireland) & Slack Integration | Slack Marketplace,Included with service subscription,app_mentions:read channels:read chat:write chat:write.public commands groups:read,,
https://slack.com/marketplace/A0AP1ML99SQ-aws-devops-agent-ap-tokyo,AWS DevOps Agent - AP (Tokyo) & Slack Integration | Slack Marketplace,Included with service subscription,app_mentions:read channels:read chat:write chat:write.public commands groups:read,,
https://slack.com/marketplace/A0AQAT935AP-superscale,Superscale & Slack Integration | Slack Marketplace,Paid with free trial,channels:read chat:write chat:write.public files:write groups:read,,
https://slack.com/marketplace/A0AQZQPJ9T5-wxo-integration-manager,wxO Integration Manager & Slack Integration | Slack Marketplace,Paid with free trial,app_configurations:read app_configurations:write managed_apps:install,,
https://slack.com/marketplace/A0ASHNHQZ4H-otto,Otto & Slack Integration | Slack Marketplace,Paid with free trial,assistant:write channels:history channels:read channels:write.topic chat:write chat:write.customize commands dnd:read files:read files:write groups:history groups:read groups:write groups:write.invites groups:write.topic im:history im:read im:write im:write.topic mpim:history mpim:read mpim:write mpim:write.topic reactions:read reactions:write search:read.files search:read.im search:read.mpim search:read.private search:read.public search:read.users team:read usergroups:read users.profile:read users:read users:read.email,,
https://slack.com/marketplace/A0ATAM1FL7R-otto-enterprise,Otto (Enterprise) & Slack Integration | Slack Marketplace,Paid with free trial,assistant:write channels:history channels:read channels:write.topic chat:write chat:write.customize commands dnd:read files:read files:write groups:history groups:read groups:write groups:write.invites groups:write.topic im:history im:read im:write im:write.topic mpim:history mpim:read mpim:write mpim:write.topic reactions:read reactions:write search:read.files search:read.im search:read.mpim search:read.private search:read.public search:read.users team:read usergroups:read users.profile:read users:read users:read.email,,
https://slack.com/marketplace/A0ATV7NGLLD-new-relic-jp,New Relic - JP & Slack Integration | Slack Marketplace,Free,app_mentions:read bookmarks:write channels:history channels:join channels:manage channels:read channels:write channels:write.invites channels:write.topic chat:write chat:write.public commands groups:history groups:read groups:write groups:write.invites groups:write.topic im:read links:read links:write metadata.message:read pins:read pins:write team:read users:read users:read.email,,
https://slack.com/marketplace/A0ATVK5KWHX-gusto-cofounder,Gusto Cofounder & Slack Integration | Slack Marketplace,Included with service subscription,assistant:write canvases:read canvases:write channels:history chat:write emoji:read files:read groups:history im:history im:read im:write search:read.files search:read.im search:read.mpim search:read.private search:read.public search:read.users users:read users:read.email,,
https://slack.com/marketplace/A0AUQQSL8SY-o,O & Slack Integration | Slack Marketplace,Paid with free trial,app_mentions:read assistant:write canvases:read canvases:write channels:history channels:join channels:manage channels:read chat:write chat:write.public email emoji:read files:read files:write groups:history groups:read groups:write im:history im:read im:write lists:read lists:write openid pins:read pins:write profile reactions:read reactions:write search:read.files search:read.public team:read users.profile:read users:read users:read.email,,
https://slack.com/marketplace/A0B0N56F4AZ-superhuman-go-for-slack,Superhuman Go for Slack & Slack Integration | Slack Marketplace,Paid,app_configurations:read app_configurations:write app_mentions:read channels:history channels:read chat:write chat:write.customize groups:read managed_apps:install mpim:read reactions:write team:read usergroups:write users:read,,
https://slack.com/marketplace/A0B13DH6B28-gcp-apac-langsmith-fleet,GCP APAC LangSmith Fleet & Slack Integration | Slack Marketplace,Free and paid plans available,app_configurations:read app_configurations:write channels:history channels:read chat:write files:read files:write groups:history groups:read im:history im:read im:write managed_apps:install mpim:history mpim:read team:read users:read users:read.email,,
https://slack.com/marketplace/A0B13T5MS92-mulesoft-us,MuleSoft (US) & Slack Integration | Slack Marketplace,Included with service subscription,app_mentions:read assistant:write channels:history channels:read chat:write chat:write.public commands groups:history groups:read im:history im:read im:write mcp:connect users:read users:read.email,,
https://slack.com/marketplace/A0B2VRJMLTU-office-rivals,Office Rivals & Slack Integration | Slack Marketplace,Free and paid plans available,channels:join channels:read chat:write commands groups:read im:history mpim:read users:read,,
https://slack.com/marketplace/A0B3SA8GECU-compa-partner,Compa Partner & Slack Integration | Slack Marketplace,Included with service subscription,assistant:write chat:write files:write im:history users:read users:read.email,,
https://slack.com/marketplace/A0B40PLPYEN-rippling-ai,Rippling AI & Slack Integration | Slack Marketplace,Included with service subscription,app_mentions:read assistant:write channels:history channels:read chat:write files:read files:write groups:history groups:read im:history im:read im:write mpim:history mpim:read reactions:read reactions:write users:read users:read.email,,
https://slack.com/marketplace/A0B4ERU0ABG-luffy,Luffy & Slack Integration | Slack Marketplace,Free and paid plans available,app_mentions:read assistant:write bookmarks:read bookmarks:write canvases:read canvases:write channels:history channels:join channels:manage channels:read chat:write chat:write.customize chat:write.public commands email emoji:read files:read files:write groups:history groups:read groups:write im:history im:read im:write lists:read lists:write mpim:history mpim:read mpim:write openid pins:read pins:write profile reactions:read reactions:write team:read usergroups:read usergroups:write users:read users:read.email,,
https://slack.com/marketplace/A0B55QTA7T4-webflow,Webflow & Slack Integration | Slack Marketplace,Included with service subscription,app_mentions:read assistant:write channels:history chat:write commands groups:history im:history mcp:connect mpim:history,,
https://slack.com/marketplace/A0B59SS1PDL-mulesoft-jp,MuleSoft (JP) & Slack Integration | Slack Marketplace,Included with service subscription,app_mentions:read assistant:write channels:history channels:read chat:write chat:write.public commands groups:history groups:read im:history im:read im:write mcp:connect users:read users:read.email,,
https://slack.com/marketplace/A0B5FJKMB6Y-mulesoft-eu,MuleSoft (EU) & Slack Integration | Slack Marketplace,Included with service subscription,app_mentions:read assistant:write channels:history channels:read chat:write chat:write.public commands groups:history groups:read im:history im:read im:write mcp:connect users:read users:read.email,,
https://slack.com/marketplace/A0B5M0XRV2T-demi,Demi & Slack Integration | Slack Marketplace,Free and paid plans available,app_mentions:read assistant:write bookmarks:read bookmarks:write canvases:read canvases:write channels:history channels:join channels:manage channels:read channels:write chat:write chat:write.customize commands conversations.connect:write dnd:read dnd:write email emoji:read files:read files:write groups:history groups:read groups:write im:history im:read im:write links:read links:write lists:read lists:write mpim:history mpim:read mpim:write openid pins:read pins:write profile reactions:read reactions:write reminders:read reminders:write search:read.files search:read.im search:read.mpim search:read.private search:read.public search:read.users team:read usergroups:read users.profile:read users:read users:read.email,,
https://slack.com/marketplace/A0B667FKKH6-mulesoft-ca,MuleSoft (CA) & Slack Integration | Slack Marketplace,Included with service subscription,app_mentions:read assistant:write channels:history channels:read chat:write chat:write.public commands groups:history groups:read im:history im:read im:write mcp:connect users:read users:read.email,,
https://slack.com/marketplace/A0B669GSU9W-mulesoft-in,MuleSoft (IN) & Slack Integration | Slack Marketplace,Included with service subscription,app_mentions:read assistant:write channels:history channels:read chat:write chat:write.public commands groups:history groups:read im:history im:read im:write mcp:connect users:read users:read.email,,
https://slack.com/marketplace/A0B6L9C3C73-anrie,Anrie & Slack Integration | Slack Marketplace,Free and paid plans available,app_mentions:read bookmarks:read channels:history channels:join channels:read chat:write email files:read files:write groups:history groups:read im:history im:read im:write mpim:history mpim:read mpim:write openid profile reactions:write users:read users:read.email,,
https://slack.com/marketplace/A0B782VDHPY-skydive,Skydive & Slack Integration | Slack Marketplace,Paid with free trial,app_configurations:read app_configurations:write app_mentions:read bookmarks:read bookmarks:write canvases:read canvases:write channels:history channels:join channels:read chat:write chat:write.customize email files:read files:write groups:history groups:read im:history im:read im:write managed_apps:install mpim:history mpim:read mpim:write openid pins:read pins:write profile reactions:read reactions:write users:read users:read.email,,
https://slack.com/marketplace/A0B79E2MZ54-runlayer,Runlayer & Slack Integration | Slack Marketplace,Included with service subscription,app_configurations:read app_configurations:write canvases:read canvases:write channels:history channels:read channels:write chat:write emoji:read files:read groups:history groups:read groups:write im:history im:read im:write managed_apps:install mpim:history mpim:read mpim:write reactions:write search:read.files search:read.im search:read.mpim search:read.private search:read.public search:read.users users:read users:read.email,,
https://slack.com/marketplace/A0B79ESD25N-fyxer,Fyxer & Slack Integration | Slack Marketplace,Included with service subscription,app_mentions:read assistant:write canvases:read canvases:write channels:history channels:join channels:read chat:write groups:history groups:read im:history im:read im:write mpim:history mpim:read mpim:write reactions:write search:read.im search:read.mpim search:read.private search:read.public search:read.users users:read users:read.email,,
https://slack.com/marketplace/A0B7REQJ14N-common-room,Common Room & Slack Integration | Slack Marketplace,Paid,app_mentions:read assistant:write channels:history channels:join channels:read chat:write groups:history groups:read im:history mpim:history mpim:read team:read users:read users:read.email,,
https://slack.com/marketplace/A0B7TNH3ZH8-rippling-mcp-gateway,Rippling MCP Gateway & Slack Integration | Slack Marketplace,Included with service subscription,canvases:read canvases:write channels:history channels:read channels:write chat:write emoji:read files:read groups:history groups:read groups:write im:history im:write mpim:history mpim:read mpim:write reactions:read reactions:write search:read.files search:read.im search:read.mpim search:read.private search:read.public search:read.users users:read users:read.email,,
https://slack.com/marketplace/A0B7WGCARK2-datadog-status-pages,Datadog Status Pages & Slack Integration | Slack Marketplace,Free,channels:join channels:read chat:write chat:write.customize groups:read incoming-webhook team:read,,
https://slack.com/marketplace/A0B8Z0VRGRG-darwinbox-super-agent,Darwinbox Super Agent & Slack Integration | Slack Marketplace,Included with service subscription,assistant:write channels:history chat:write files:read files:write im:history users:read users:read.email,,
https://slack.com/marketplace/A0B9E0AKX0S-ciroos,Ciroos & Slack Integration | Slack Marketplace,Included with service subscription,app_mentions:read assistant:write channels:history channels:read chat:write chat:write.customize chat:write.public commands groups:history groups:read im:history im:read im:write mpim:read reactions:read reactions:write users:read users:read.email,,
https://slack.com/marketplace/A0BA2CCMCET-aws-devops-agent-south-america,AWS DevOps Agent - South America & Slack Integration | Slack Marketplace,Included with service subscription,app_mentions:read channels:read chat:write chat:write.public commands groups:read,,
https://slack.com/marketplace/A0BABE7MDTM-aws-devops-agent-ap-singapore,AWS DevOps Agent - AP (Singapore) & Slack Integration | Slack Marketplace,Included with service subscription,app_mentions:read channels:read chat:write chat:write.public commands groups:read,,
https://slack.com/marketplace/A0BAEE2EHEH-aws-devops-agent-canada-central,AWS DevOps Agent - Canada (Central) & Slack Integration | Slack Marketplace,Included with service subscription,app_mentions:read channels:read chat:write chat:write.public commands groups:read,,
https://slack.com/marketplace/A0BAFF6S1RU-aws-devops-agent-ap-mumbai,AWS DevOps Agent - AP (Mumbai) & Slack Integration | Slack Marketplace,Included with service subscription,app_mentions:read channels:read chat:write chat:write.public commands groups:read,,
https://slack.com/marketplace/A0BAFLRSXHU-aws-devops-agent-eu-london,AWS DevOps Agent - EU (London) & Slack Integration | Slack Marketplace,Included with service subscription,app_mentions:read channels:read chat:write chat:write.public commands groups:read,,
https://slack.com/marketplace/A0BB131ULHL-glass,Glass & Slack Integration | Slack Marketplace,Free,app_mentions:read assistant:write bookmarks:read canvases:write channels:history channels:join channels:read channels:write channels:write.invites chat:write emoji:read files:read files:write groups:history groups:read groups:write groups:write.invites im:history im:read im:write links:read links:write lists:read mpim:history mpim:read mpim:write pins:read reactions:read reactions:write reminders:write search:read.files search:read.im search:read.mpim search:read.private search:read.public search:read.users team:read usergroups:read users.profile:read users:read users:read.email,,
https://slack.com/marketplace/A0BCZQBF1HU-adobe,Adobe & Slack Integration | Slack Marketplace,Free,mcp:connect,,
https://slack.com/marketplace/A0BDJU5FQKZ-harvey-ai,Harvey AI & Slack Integration | Slack Marketplace,Included with service subscription,app_mentions:read channels:history channels:read chat:write commands files:read files:write groups:history groups:read im:history im:write mpim:history mpim:read reactions:read reactions:write search:read.files search:read.im search:read.mpim search:read.private search:read.public search:read.users users:read users:read.email,,
https://slack.com/marketplace/A0BDZSC5XLH-fountain-cue,Fountain Cue & Slack Integration | Slack Marketplace,Included with service subscription,canvases:read canvases:write channels:history channels:read channels:write chat:write emoji:read files:read files:write groups:history groups:read groups:write im:history im:write mpim:history mpim:read mpim:write reactions:read reactions:write search:read.files search:read.im search:read.mpim search:read.private search:read.public search:read.users users:read users:read.email,,
https://slack.com/marketplace/A0BERKKUZQE-eu-langsmith-fleet,EU LangSmith Fleet & Slack Integration | Slack Marketplace,Free and paid plans available,app_configurations:read app_configurations:write channels:history channels:read chat:write files:read files:write groups:history groups:read im:history im:read im:write managed_apps:install mpim:history mpim:read team:read users:read users:read.email,,
https://slack.com/marketplace/A0BGCRNB01Z-benchling-ai,Benchling AI & Slack Integration | Slack Marketplace,Included with service subscription,app_mentions:read channels:history chat:write commands files:read files:write groups:history im:history im:write mpim:history users:read,,
https://slack.com/marketplace/A0BGKS20L3G-contour,Contour & Slack Integration | Slack Marketplace,Included with service subscription,assistant:write channels:history channels:join channels:read chat:write files:read groups:history groups:read im:history im:read im:write mpim:history mpim:read reactions:read users:read users:read.email,,
https://slack.com/marketplace/A0BJGQ4LST0-adereia,Adere.IA & Slack Integration | Slack Marketplace,Included with service subscription,chat:write im:write users:read users:read.email,,
https://slack.com/marketplace/A0BJPD0QWQZ-opentag,OpenTag & Slack Integration | Slack Marketplace,Paid with free trial,app_mentions:read assistant:write bookmarks:read bookmarks:write canvases:read canvases:write channels:history channels:join channels:manage channels:read chat:write chat:write.customize email files:read files:write groups:history groups:read groups:write im:history im:read im:write lists:read lists:write mpim:history mpim:read mpim:write openid profile reactions:read reactions:write search:read.files search:read.private search:read.public team:read users:read users:read.email,,
https://slack.com/marketplace/A0BL3CA06LX-contentful-optimization-agent,Contentful Optimization Agent & Slack Integration | Slack Marketplace,Free,app_mentions:read assistant:write chat:write im:history openid reactions:write,,
https://slack.com/marketplace/A0BLUA9S4JW-nanoclaw,NanoClaw & Slack Integration | Slack Marketplace,Free,app_configurations:write chat:write managed_apps:install,,
https://slack.com/marketplace/A0BMV1BATQR-sentinel,Sentinel & Slack Integration | Slack Marketplace,Paid with free trial,incoming-webhook,,
https://slack.com/marketplace/A0BNLEZNMJT-aws-devops-agent-us-east-ohio,AWS DevOps Agent - US East (Ohio) & Slack Integration | Slack Marketplace,Included with service subscription,app_mentions:read channels:read chat:write chat:write.public commands groups:read,,
https://slack.com/marketplace/A0BPNNDGUVA-inspect,Inspect & Slack Integration | Slack Marketplace,Included with service subscription,app_mentions:read assistant:write channels:history channels:join channels:read channels:write.invites chat:write chat:write.customize email emoji:read files:read files:write groups:history groups:read groups:write.invites im:history im:read im:write links:read links:write mpim:history mpim:read mpim:write openid profile reactions:read reactions:write usergroups:read usergroups:write users:read users:read.email,,
https://slack.com/marketplace/A0BSMEG31ML-chatgpt-connector-local-mcp,ChatGPT Connector (Local MCP) & Slack Integration | Slack Marketplace,Paid,bookmarks:read bookmarks:write canvases:read canvases:write channels:history channels:read channels:write channels:write.invites channels:write.topic chat:write dnd:read dnd:write emoji:read files:read files:write groups:history groups:read groups:write groups:write.invites groups:write.topic im:history im:read im:write im:write.topic lists:read lists:write mpim:history mpim:read mpim:write mpim:write.topic pins:read pins:write reactions:read reactions:write reminders:write remote_files:read remote_files:share search:read.files search:read.im search:read.mpim search:read.private search:read.public search:read.users stars:read stars:write team.preferences:read team:read usergroups:read usergroups:write users.profile:read users.profile:write users:read users:read.email users:write,,
https://slack.com/marketplace/A0BSYHESRJR-hubspot-mcp,HubSpot MCP & Slack Integration | Slack Marketplace,Free and paid plans available,channels:history channels:read channels:write chat:write emoji:read files:read groups:history groups:read groups:write im:history im:write mpim:history mpim:read mpim:write search:read.files search:read.im search:read.mpim search:read.private search:read.public search:read.users users:read users:read.email,,
https://slack.com/marketplace/A0C21BG1SDB-muse,Muse & Slack Integration | Slack Marketplace,Free and paid plans available,canvases:read canvases:write channels:history channels:read channels:write chat:write emoji:read files:read files:write groups:history groups:read groups:write im:history im:read im:write lists:read lists:write mpim:history mpim:read mpim:write reactions:read reactions:write search:read.files search:read.im search:read.mpim search:read.private search:read.public search:read.users users:read users:read.email,,
https://slack.com/marketplace/At07HZAKCSAC-ai-apps-assistants,,,,,erreur
https://slack.com/marketplace/At0G5YTKU2-analytics,,,,,erreur
https://slack.com/marketplace/At0EFT6813-brilliant-bots,,,,,erreur
https://slack.com/marketplace/At0EFT6869-communication,,,,,erreur
https://slack.com/marketplace/At0EFRCDQC-customer-support,,,,,erreur
https://slack.com/marketplace/AtHC5Q7RUJ-daily-tools,,,,,erreur
https://slack.com/marketplace/At0EFX4CCE-design,,,,,erreur
https://slack.com/marketplace/At0EFRCDNY-developer-tools,,,,,erreur
https://slack.com/marketplace/At01EB3C3VKK-enterprise-ready-apps,,,,,erreur
https://slack.com/marketplace/At64BY3G3F-essential-apps,,,,,erreur
https://slack.com/marketplace/At0EFWTR6D-featured,,,,,erreur
https://slack.com/marketplace/At0EFRCDPW-file-management,,,,,erreur
https://slack.com/marketplace/At0EFX9EF9-finance,,,,,erreur
https://slack.com/marketplace/At0EFT6893-hr-team-culture,,,,,erreur
https://slack.com/marketplace/At0MRS55PA-health-wellness,,,,,erreur
https://slack.com/marketplace/At0B6CJ29JDB-mcp-registry,,,,,erreur
https://slack.com/marketplace/At0EFRCDQU-marketing,,,,,erreur
https://slack.com/marketplace/At7KK5H6AZ-media-news,,,,,erreur
https://slack.com/marketplace/At0EFT67V3-new-noteworthy,,,,,erreur
https://slack.com/marketplace/At0EFWTRAM-office-management,,,,,erreur
https://slack.com/marketplace/At0EFXUU6N-productivity,,,,,erreur
https://slack.com/marketplace/At0EFY3MJ4-project-management,,,,,erreur
https://slack.com/marketplace/At0G5VPH19-sales,,,,,erreur
https://slack.com/marketplace/At0EFWTRA5-security-compliance,,,,,erreur
https://slack.com/marketplace/At0C244HQF2T-slack-code-apps,,,,,erreur
https://slack.com/marketplace/At0EFXUU0J-social-fun,,,,,erreur
https://slack.com/marketplace/At0QUNV823-travel,,,,,erreur
https://slack.com/marketplace/At7KGP7Z3N-voice-video,,,,,erreur
https://slack.com/marketplace/AtVCT88N5T-working-from-home,,,,,erreur
https://slack.com/marketplace/collection/office365-for-slack,Office 365 for Slack | Slack App Directory | Slack,,,,
https://slack.com/marketplace/collection/google-workspace-for-slack,Google Workspace for Slack | Slack App Directory | Slack,,,,
https://slack.com/marketplace/collection/atlassian-for-slack,Atlassian Apps for Slack | Slack App Directory | Slack,,,,
https://slack.com/marketplace/collection/external-collaboration,Speed up collaboration with external partners | Slack App Directory | Slack,,,,
https://slack.com/marketplace/collection/working-from-home,Stay productive and engaged from wherever you’re working | Slack App Directory | Slack,,,,
https://slack.com/marketplace/collection/shortcuts,Take action with your essential tools in Slack | Slack App Directory | Slack,,,,
https://slack.com/marketplace/collection/workflows,Turn routine tasks into automated workflows | Slack App Directory | Slack,,,,
https://slack.com/marketplace/collection/salesforce-for-slack,Salesforce for Slack Integrations | Slack App Directory | Slack,,,,
https://slack.com/marketplace/collection/workflow-automation,Automate your way to a shorter day | Slack,,,,
https://slack.com/marketplace,Slack Marketplace: Apps & Integrations | Slack,,,,
https://slack.com/marketplace/agents,,,,,erreur
https://slack.com/marketplace/approved,,,,,erreur
